"CEP68","ATP2C1","FAM120A","NNAT","PLPP1","TOP2B","AACS","UNC13D","FNDC3A","FOXF1","CA2","CCL24","SFRP4","GIMAP2","CORO2A","ASPN","CCDC47","TMEM97","PPM1H","C12orf49","TUSC2","HEMK1","ICMT","B4GALT2","RPS6KA1","CPXM2","SLC36A1","PTGER2","SLC2A4RG","SH3BP5","PPP1R1B","DHX30","WASF3","C12orf29","SARAF","ATP5MC2","GLS2","GNS","STX6","RCBTB1","ITM2B","IGF2BP3","TEX2","ECPAS","SLC31A1","IGFBPL1","GPAT3","LUM","SUOX","SBNO1","IGFBP4","EMP3","PRUNE1","HHIPL2","CTDSPL","LRIG1","LYAR","TAAR1","FBXO25","RSU1","DIXDC1","ITPR1","SPARCL1","RPIA","C16orf74","TOMM70","CYP2U1","PXYLP1","CDK20","KCNS2","ZFYVE9","CBR3","TPPP3","IGSF8","C1QTNF7","PPM1L","SNHG16","APEH","MON1A","ADCY1","GFI1B","NDRG2","PKD1L2","ATP23","ENTPD3","HR","GFM1","SIK2","CRTAP","PA2G4","RNF34","LRRN3","PODN","ABRA","MSL2","MAGEF1","TBL1XR1","AQP11","MAB21L1","GPR157","ZBTB7C","ZNF284","FAM122A","MEIS3P2","ZDHHC9","MPZL1","SIRPA","MAN1A2","ITGBL1","RN7SKP79","RN7SKP203","RN7SKP250","RNU4.1","SNORA38","RN7SKP55","RN7SKP9","RN7SKP130","SACM1L","IGLV6.57","IGLV1.36","IGHA1","IGHV3.15","LINC00337","LINC01713","FEZF1.AS1","GORAB.AS1","RN7SL507P","RPS19P3","RN7SL415P","INMT","RN7SL299P","IGKV2.30","LINC00920","OR7E28P","ATXN7L3B","HLX.AS1"
3.24,49.68,50.32,0.03,25.38,23.62,7.28,11.88,20.01,1.79,286.94,2.97,15.15,15.2,12.36,28.39,89.32,17.01,4.78,10.72,5.22,3.47,29.1,11.54,22.83,3.37,4.31,3.02,10.5,6.55,8.07,10.37,0.63,3.1,113.5,54.83,0.22,39.13,9.86,4.34,214.61,16.37,13.3,15.13,12.59,1.12,8.22,416.16,3.32,4.77,43.41,11.35,6.6,0,10.29,13.58,4.38,0.06,9.12,21.75,3.81,4.37,29.36,5.21,0.06,19.43,3.14,3.56,0.75,0.03,7.65,0.98,4.47,8.42,1.1,3.67,40.54,32.34,2.84,0.29,0.03,19.44,0.43,1.83,9.43,0.9,19.97,5.64,27.49,27.1,10.16,0.14,5.16,0,8.57,21.45,53.75,1.28,0.03,1.87,12.4,0.8,3.24,3.11,15.92,97.33,15.96,18.28,19.96,0.39,1.9,0.47,173.41,9.07,0.25,0.58,0.32,8.74,2.69,0.19,31.31,9.55,0.24,0.78,0.94,0.07,1.18,0.04,0.6,6.7,0.49,4.19,0.66,0.05,37.26,0.06
3.85,44.4,42.58,0.03,16.76,45.18,11.04,5.84,52.19,2.6,19.84,7.58,176.31,11.11,6.37,74.89,43.19,5.67,4.24,15.64,6.01,3.78,18.55,8.89,19.34,11.15,4.31,3.23,11.35,10.07,33.26,13.35,1.23,6.89,159.57,108.4,0.31,88.16,13.62,13.29,554.81,6.55,7.2,17.07,9.63,0,4.45,623.88,5.37,9.83,73.74,29.26,8.11,0.16,19.79,16.15,6.57,0,13.46,30.6,5.5,8.51,86.91,11.07,0.43,19.87,3.55,5.36,0.92,0.16,6.18,5.77,3.87,8.63,1.21,5.1,36.36,24.29,1.75,0.39,0.07,28.9,0.05,1.5,3.06,3.83,23.29,6.17,39.68,35.78,15.81,0.36,10.86,0,11.1,11.02,72.8,0.33,0.02,3.66,5.11,1.06,4.69,1.61,15.83,87.12,9.56,18.72,44.14,76.66,53.43,40.31,317.85,8.31,30.74,26.47,7.84,18.12,39.73,3.44,1030.61,67.67,0.06,0,2.41,0.07,5.39,1.03,8.04,14.03,162.04,271.81,0.54,0.04,32.35,0.33
4.46,50.42,33.39,0.02,12.3,36.24,5.17,12.62,31.91,1.58,8.94,0.15,57.68,10,3.56,105.17,41.13,6.35,2.27,11.91,6.94,4.25,23.86,11.57,14.47,8.05,4.32,5.38,12.6,13.04,3.14,13.6,1.37,6.04,93.43,85.38,0.15,88.25,12.98,7.33,354.78,21.79,8.64,15.76,9.01,0.13,2.55,1112.37,3.67,5.43,54.52,38.31,10.23,0.05,20.5,12.33,6.87,0.03,7.32,34.85,5.82,3.78,53.98,5.09,1.51,17.65,4.2,5.65,0.98,0.09,4.57,3.92,2.85,9.48,1.45,2.43,42.1,27.61,2.16,0.26,0.04,9.65,0.45,2.4,0.52,0.37,18.66,5.17,48.77,31.75,9.1,0.25,10.96,0,8.04,13.77,65.51,0.98,0.06,2.24,1.75,1.28,3.27,3.3,15.57,101.35,13.08,13.1,88.32,1.34,2.08,0.81,288.93,14.02,0.43,0.62,0.33,12.38,0.41,0.56,30.9,2.94,0.05,0,0.77,0.23,0.79,0,0.19,9.95,0.6,2.48,0.38,0,20.63,0.16
5.63,67.82,39.21,0.01,16.07,21.58,5.94,44.65,32.82,1.73,9.16,1.64,10.49,7.56,6.52,37.37,46.67,14.64,2.89,9.69,5.77,4.49,26.28,16.64,13.99,1.8,4.78,2.15,24.26,10.13,20.45,13.28,4.48,6.29,87.1,79.8,0.89,44.68,14.8,10.22,249.27,21.27,12.62,25.37,11.71,0.39,3.17,284.84,3.8,6.34,72.22,22.48,6.41,0.07,16.87,8.63,8.37,0.08,11.05,23.14,4.09,6.09,49.25,7.32,5.18,12.97,2.23,12.21,1.51,0.21,9.38,2.46,6.15,10.74,0.64,4.49,68.64,24.27,1.7,0.17,0.12,13.78,0.74,2.26,0.98,1.08,17.87,5.55,27.38,34.6,11.95,0.22,4.62,0,10.45,19.28,45.05,0.32,0.02,2.44,0.63,1.31,3.45,3.65,13.16,77.37,11.07,15.49,20.28,0.96,3.5,1.01,278.94,13.35,0.51,1.42,0.42,11.78,8.16,1.98,672.89,58.56,0.17,0,0.08,0.1,0.64,0.13,0.42,4.2,0.17,63.13,0.77,0.05,18.37,0.2
1.98,38.07,28.53,0.02,7.12,13.66,8.51,26.14,17.11,0.71,3.37,1.19,9.93,3.25,11.72,19.5,28.38,7.09,1.29,15.74,5.04,3.7,13.55,7.04,13.98,2.19,4.17,2.06,8.13,2.9,15.93,10.95,0.54,9.11,73.31,82.9,0.57,48.65,5.72,5.83,123.68,13.4,5.18,14.34,7.84,0.17,8.16,133.3,5.68,8.23,69.67,53.23,4.9,0.03,14.06,5.35,4.39,0,5.1,17.96,1.37,2.54,26.64,4.55,4.89,16.26,1.01,3.37,0.85,0.03,3.13,0.82,4.5,7.18,0.17,5.13,34.1,27.72,2.35,0.14,0.01,8.88,0.49,3.62,0.48,1.16,15.19,4.08,27.37,41.03,14.06,0.11,6.16,0.01,7.62,7.49,24.97,0.27,0,1.24,0.58,0.77,3.03,0.67,11.07,45.17,4.67,6.28,26.12,1.35,7.11,0.85,1249.37,8.79,0.3,2.4,0.54,12.25,0.19,0.11,21.82,2.44,0.15,0,0.5,0.01,0.79,0.3,0.56,3.5,0.84,1.19,1.58,0,21.4,0.15
2.59,21.28,60.58,0,5.51,21.61,13.05,32.54,16.5,1.04,4.33,5.06,0.65,6.4,38.26,7.36,22.52,2.72,1.55,6.68,6.69,6.3,11.89,7.81,28.91,0.53,5.99,0.32,31.66,6.44,26.42,18.2,0.58,3.42,23.73,29.48,1.51,21.48,6.24,4.75,116.83,24.82,8.04,21,14.1,0,4.47,28.44,9.68,4.96,71.85,5.36,3.9,0.45,13.71,1.77,7.47,0,5.81,13.24,3.83,2.36,2.09,3.71,2.2,10.3,0.75,4.39,2.96,0,5.75,0.5,10.71,10.9,0.14,3.52,16.69,29.32,4.13,1.79,0.04,29.82,0.78,1.3,0.04,4.2,14.95,7.04,11.49,33.48,9.13,0.05,3.69,0,7.7,7.92,40.11,1,0,7.98,1.19,1.18,4.83,1.44,17.01,26.39,6.07,9.52,3.59,45.13,31.4,20.13,736.52,19.61,8.43,28.11,17.82,13.94,0.31,0,5.48,0.32,0.1,0,0.81,0,16.33,2.5,2.97,7.6,46.88,0,1.78,0,12.83,0
6.02,53.46,42.83,0.02,38.02,36.36,9.82,6.85,28.62,3.58,50.45,0.15,167.18,11.54,20.33,58.15,40.44,23.73,2.8,12.44,4.6,3.4,23.5,10.03,11.72,11.09,7.94,2.65,10.43,10.72,26.12,14.22,1.68,9.05,105.33,72.01,0.63,48.33,7.06,7.62,485.82,14.89,9.14,17.79,12.13,0.61,2.06,553.4,6.83,8.32,101.07,12.98,6.24,0.03,26.96,12.17,3.72,0.12,11.56,24.09,8.16,7.63,92.83,5.1,2.26,18.98,3.67,6.98,1.53,0.21,7.12,5.8,7.06,5.33,5.43,3.91,29.06,18.75,2.08,0.95,0.08,29,0.31,3.24,1.14,1.5,16.99,6.98,38.4,45.74,12.36,0.5,22.9,0,12.07,12.99,44.81,0.64,0.04,2.53,2.62,4.97,5.49,1.66,8.74,61.06,7.82,13.8,91.96,2.02,4.44,0.81,1048.8,42.37,0.39,1.44,0.16,16.86,0.35,0.17,53.21,5.44,0.14,0.25,0.48,0.2,0.92,0.36,0.82,20.5,0.35,2.92,0.95,0.06,28.1,0.27
1.83,34.59,44.3,0,5.22,23.6,11.07,38.89,13.2,0.03,0.31,0.03,0.02,1.11,3.47,0.04,33.02,6.81,2.11,8.44,8.58,4.46,46.63,8.06,14.18,0.1,0.7,0.09,41.11,2.15,34.15,16.44,3.93,9.65,109.52,249.24,1.11,49.94,12.85,3.65,141.88,28.58,8.05,19.61,12.28,0,48.79,0.84,5.95,17.86,58.92,42.14,12.78,0.05,7.07,1.31,29.21,0.11,4.35,19.78,1.54,0.16,0.08,5.81,8.44,28.98,0.48,3.94,0.86,0,4.36,3.11,1.13,10.38,0,3.03,42.08,40.34,2.3,0.01,0,11.89,4.31,6.2,0.02,1.44,20.29,6.29,57.47,58.87,11.94,0.01,0.05,0,10.85,10.08,50.34,0.19,0,3.82,7.43,0.68,0.91,2.56,5.78,33.93,0.82,6.73,26.66,0.32,0.56,0.07,304.46,30.99,0.14,0.45,0.07,12.52,0,0,0.12,0,0.32,0,0.45,0,0.08,0.14,0.47,0.12,0,0,0.1,0,18.28,0
2.1,8.96,13.83,0,2.78,7.83,4.45,0.16,7.01,0.05,4.85,0.04,0.02,0.04,0.11,0,20.61,11.72,0.16,5.35,8.35,2.48,17.36,14.38,2.4,0,1.27,0.12,14.27,1.72,0.11,17.26,0.97,10.59,26.48,174.01,0.01,17.2,4.04,2.41,7.97,12.19,4.5,7.87,6.69,0.13,6.55,0.12,3.76,5.68,8.86,155.48,2.52,1.65,1.7,0.13,23.87,0,3.62,34.26,1.21,2.01,0,4.22,0.32,15.9,0.37,1.32,2.38,0,2.02,0.94,0.14,1.43,0,0.69,95.41,15.36,3.71,0.03,0,0.37,0.07,4.3,0,0.09,13.1,0.99,7.24,179.87,11.58,0.01,0.01,0,2.42,5.92,14.91,0.11,0,0.88,0.02,0.65,1.44,0.72,5.38,15.49,1.7,4.08,1.84,2.9,4.75,0.24,1221.68,758.11,12.77,3.06,0.18,5.17,0,0,0,0,0.31,0,0,0.04,4.12,0.11,0.76,0.12,6.05,0,0.21,0.05,9.78,0.04
4.72,75.96,74.74,0.03,29.97,41.7,12.56,23.26,32.61,6.97,144.83,1.54,59.43,12.7,19.48,66.79,100.9,22.09,7.14,9.26,9.52,3.34,28.19,12.66,12.46,8.32,3.41,7.82,15.39,6.19,3.31,17.59,0.86,9.94,104.93,92.67,0.21,68.73,11.88,6.67,355.71,14.22,12.35,20.61,16.21,1.33,2.56,659.03,7.28,8.07,73.66,23.41,10.23,0.05,22.94,14.71,8.73,0,8.68,33.36,4.36,6.37,89.4,7.7,1.5,29.84,3.67,6.96,1.68,0.13,5.95,4.57,3.92,13.45,2.23,5.29,53.22,33.17,4.04,0.16,0.19,18.45,0.65,2.72,2.96,2.36,25.76,4.16,39.16,52.28,15.23,0.19,16.54,0.04,15.06,27.54,60.43,0.95,0.03,1.49,3.83,1.12,4.52,2.9,18.36,109.35,12.7,17.64,42.03,0.87,2.88,0.8,307.97,13.84,0.36,1.63,0.75,17.64,17,5.93,497.11,21.43,0.1,0,0.08,0.15,1.29,0.16,0.39,10.68,1.36,11.74,0.56,0,80.17,0.12
6.6,37.47,37.82,0.12,37.47,31.61,15.08,11.76,28.07,6.27,3.56,5.01,38.43,8.65,4.86,95.93,39.76,4.2,3.01,9.53,4.76,4.57,23.98,11.66,11.5,6.48,7.55,4.15,22.61,13.18,2.16,12.96,1.84,7.15,94.97,58.47,1.17,43.19,10.38,7.83,338.03,6.13,8.83,20.39,11.05,0.37,2.59,1220.04,5.36,9.03,219.18,29.01,5.9,0.59,9.04,13.39,6.03,0.05,9.08,26.26,6.18,7.67,142.52,4.57,5.12,17.74,5.03,10.25,2.01,0.09,6.75,4.92,7.72,5.44,1.22,4.49,44.07,15.11,1.81,0.24,0.05,27.01,1.32,1.62,2.18,1.89,16.11,9.02,48.1,32.18,11.29,0.34,19.29,0.01,9.77,11.17,60.05,0.43,0.06,5.11,2.05,0.95,4.69,2.24,5.84,84.36,12.49,17.75,49.14,32.96,23.51,10.11,1440.96,116.12,3.2,19.71,2.76,14.79,35.9,6.93,242.34,124.94,0.12,0,0.56,0.36,29.7,1.35,22.97,13.75,474.79,9.05,1.08,0.07,18.13,0.31
0.77,11.35,21.63,0.03,5.29,5.89,8.08,29.64,4.1,0,0.63,0.43,0,1.44,3.06,0,25.52,15.03,1.43,6.94,5.29,2.71,22.72,13.49,10.88,0,0.98,0.02,22.29,1.86,2.02,9.73,0.18,5.98,37.5,84.33,0.23,11.14,5.1,1.41,35.53,12.97,1.91,4.98,3.95,0,10.14,2.7,3.04,3.81,21.76,18.35,2.67,0.01,7.96,0.27,11.72,0,2.99,9.6,0.26,0.23,0,3.28,5.47,15.29,0.42,0.77,0.79,0,1.29,0.49,0.1,2.18,0.02,0.65,32.14,21.8,2.25,0,0,1.15,0.72,1.56,0.04,2.35,16.06,2.6,8.78,63.39,9,0,0,0,5.63,8.85,42.65,0.12,0,1.19,0.81,0.49,1.28,1.44,3.63,14.39,0.03,6.96,10.29,1.92,11.65,0.63,423.68,194.55,1.85,2.26,0.17,3.35,0,0,0,0,0.48,0,0.09,0,2.85,0.21,2.15,0.07,0.19,0,0.54,0,25.82,0
3.82,29.22,36.63,0.12,8.76,28.83,6.92,16.48,21.59,1.09,2.58,0.36,24.16,7.67,15.18,37.44,37.3,10.71,3,7.28,6.38,4.24,20.15,6.7,7.02,1.27,2.77,1.29,10.92,10.51,12.79,15.15,1.38,6.5,73.97,75.39,0.54,50.57,7.71,5.43,260.85,17.17,5.26,17.48,6.6,0.37,2.21,452.26,4.68,8.48,82.99,10.82,7.77,0.01,17.9,10.5,3.69,0,8.88,18.39,3.62,3.22,45,9.49,5.45,15.13,1.69,4.45,1.31,0.02,3.54,1.36,16.32,8.71,0.31,5.91,52.21,21.88,1.42,0.2,0.01,19.68,0.93,1.89,0.74,3.88,15.4,4.07,33.95,37.05,9.93,0.26,6.89,0.01,10.14,8.83,39.09,0.16,0.03,1.87,1.71,1.04,2.81,1.9,8.83,54.65,8.23,8.34,14.17,0.92,3.46,0.59,2166.02,19.15,0.15,2.1,0.23,12.23,0.87,0.51,19.25,1.45,0.04,0,1.77,0.26,0.85,0.25,0.32,2.5,0.58,1.42,2.41,0.05,19.85,0.19
4.82,38.77,56.99,0,9.89,30.07,11.8,23.31,28.48,3.56,6.24,7.82,45.42,9.54,9.48,30.59,55.65,6.08,7.36,21.07,4.5,2.69,21.01,7.4,13.52,5.68,4.39,1.4,9.84,6.17,31.58,9.47,1.28,9.82,133.88,69.31,0.24,68.07,13.14,10.04,210.54,36.41,9.56,26.97,12.67,0.1,2.8,299.12,7.11,8.71,83.83,16,10.78,0.12,10.25,7.74,3.97,0.1,10.25,20.4,5.05,6.36,50.37,5.73,0.27,17.83,1.86,4.96,1.6,0.09,9.12,2.11,10.85,12.51,1.88,5.81,30.84,12.64,2.05,0.5,0.05,23.82,0.68,3.15,1.2,2.46,19.92,7.55,23.56,46.24,14.68,0.31,8.58,0,9.6,11.29,65.25,0.66,0.02,4.86,2.11,0.81,5.94,0.85,15.94,118.22,12.24,16.98,31.09,18.68,7.87,1.55,959.39,31.99,1.48,8.35,0.4,12.95,0.25,0.15,41.62,1.57,0.09,0.17,0.01,0.06,2.83,0.91,11.14,7.96,3.3,0.22,1.2,0.06,34.28,0.1
3.52,24.65,27.63,0.04,13.54,20.66,6.15,9.92,22.33,0.66,5.25,0.88,28.57,7.55,6.26,24.99,31.26,9.4,0.54,3.7,3.91,4.49,15.4,8.05,9.19,4.94,3.99,1.11,8.51,5.14,0.82,10.95,1.06,17.45,61.58,71.12,0.19,31.64,10.25,5.62,181.6,10.26,8.24,21.43,11.49,0.4,3.12,540.03,2.09,4.51,70.9,24.33,6.42,0.1,8.13,2.93,15.46,0.01,10.68,21.48,4.48,3.98,67.35,8.15,20.38,21.55,1.54,5.05,0.86,0.06,6.04,1.72,2.84,5.09,0.36,0.95,59.28,22.55,2.27,0.17,0.01,5.63,0.06,3.71,1.16,2.57,18.84,1.89,39.79,60.54,11.14,0.09,3.86,0.08,5.39,8.73,34.44,0.11,0.02,1.08,0.36,0.69,2.26,1.17,8.57,71.92,7.43,7.68,17.35,1.24,2.9,0.42,1433.76,50.48,0.84,1.52,0.31,10.21,0.41,1.26,8.67,1.98,0.25,0,0.02,0.31,1.66,0.37,0.65,3.6,0.31,2.95,0.33,0,13.65,0.03
4.65,42.28,54.55,0.11,18.6,27.04,10.99,3.49,26.34,5.73,51.94,19.29,52.6,5.25,8.49,94.38,73.56,13.1,6.63,9.46,4.7,2.81,26.06,11.7,14.11,14.39,6.09,10.34,12.41,14,41.86,10.25,1.82,6.46,128.66,80.26,0.51,46.77,8.33,8.01,358.43,10.82,11.49,14.77,8.05,0.73,1.69,979.74,5.63,7.1,126.46,10.37,9.75,0,15.77,16.02,6.53,0,10.96,27.32,8.18,6.19,115.56,7.12,0.43,18.82,3.78,7.24,1.24,0.19,8.51,1.76,13.48,18.78,2.8,11.64,40.53,16.19,1.55,0.52,0.06,31.18,0.23,2.4,3.07,1.03,23.89,8.14,39.64,42.55,12.06,0.12,25.56,0.02,11.19,22.45,67.49,0.39,0.03,2.48,2.25,1.28,4.29,1.11,18.88,75.76,9.69,16.04,65.91,0.36,0.65,0.08,674.12,20.72,0,0.5,0,10.74,6.33,4.7,251.37,34.11,0.01,0.02,1.32,0.16,0.25,0.32,0.69,13.05,0.36,25.13,0.7,0.15,27.75,0.56
6.23,40.46,47.96,0.05,17.34,42.69,21.12,5.74,29.07,2.11,7.04,8.14,33.86,8.64,13.61,19.06,78.25,19.13,8.23,17.53,8.26,6.58,24.79,12.53,15.5,4.78,4.99,1.58,8.33,9.14,105.21,19.76,0.61,6.79,120.38,101.52,0.71,60.84,13.69,5.37,256.75,9.33,10.85,13.82,5.06,0.25,0.65,162.88,5.88,11.5,278.19,10.34,11.45,0.2,36.32,18.07,5.62,0.46,12.66,24.03,5.86,13.12,62,10.16,0.25,24.48,1.51,3.49,1.24,0.47,11.82,3.41,20.24,12.69,2.9,13.42,55.69,25.15,5.77,0.36,0.34,44.18,0.42,3.27,9.22,6.7,18.06,6.91,30.26,46.29,17.84,0.36,13.35,0,12.69,11.11,56.16,0.66,0.05,3.86,8,1.85,3.36,1.84,17.97,89.55,7.08,16.05,26.69,1.27,1.97,0.65,252.9,10.72,0.17,1.28,0.52,16.62,1.7,0.81,245.62,7.5,0.07,0.03,0.54,0.03,0.76,0.33,0.37,11.72,0.35,4.56,1.02,0.02,40.15,0.2
3.95,32.3,48.19,0,4.95,31.21,20.91,4.25,21.56,0.76,12.85,1.05,7.64,17.5,6.27,11.87,33.6,9.63,10.89,20.35,13.9,4.49,24.52,22.29,22.76,2.46,2.48,19.61,21.39,6.41,31.69,17.03,0.36,10.23,96.77,194.9,0.77,62.44,11.15,7.4,213.55,0.32,5.22,11.08,5.69,3.17,0.64,145.4,6.12,15.12,80.58,4.42,13.13,0,55.21,20.98,7.58,0.12,4.9,23.18,3.6,2.07,16.16,6.58,0.25,20.23,0.89,6.23,1,0.01,0.57,2.37,6.34,20.72,0.29,5.32,95.79,45.96,3.79,0.09,0.02,75.84,0.03,3.6,13.42,1.79,25.56,6.83,59.2,43.92,22.48,0.04,4.13,0,9.32,7.31,47.98,1.04,0.03,3.29,12.58,1.48,1.45,1.47,24,89.22,2.07,9.82,8.07,1.42,5.87,0.26,478.26,16.91,0.28,1.62,0.38,14.96,2.07,2,97.85,6.76,0.04,0,4.05,0.01,0.56,0.24,0.2,6.6,0,4.45,2.65,0.03,29.44,0.05
4.02,31.44,67.14,0.17,15.58,17.14,11.65,13.74,27.8,2.13,78.99,53.46,85.25,11.72,28.61,85.82,107.64,7.57,7.09,12.36,5.22,3.61,27.3,14.65,31.87,12.05,5.7,9.56,8.02,14.87,20.85,10.65,0.95,3.6,130.67,86.49,0.45,80.79,16.62,8.01,278.53,9.39,10.71,18.04,10.86,0.13,2.09,665.56,6.36,4.88,111.21,20.03,7.39,0.01,9.29,10.6,5.64,0.07,6.63,22.82,4.88,5.32,66.32,8.63,0.28,12.16,2.91,3.99,2.04,0.13,4.56,2.98,8.23,10.67,1.05,3.06,38.65,16.79,2.76,0.38,0.1,27.15,0.06,3.14,1.94,3.34,14.66,5.22,38.8,48.51,14.26,0.22,11.74,0,8.12,13.39,38.58,0.46,0.04,5.3,4.3,0.6,3.64,1.14,16.54,94.55,15.68,10.51,56.07,1.44,7.11,0.38,362.44,2.55,0.13,0.55,0.14,10.35,2.65,0.7,136.17,14.91,0.03,0.15,2.56,0.27,0.99,0.17,0.96,11.4,0.3,10.27,3.19,0.04,142.69,0.46
3.17,29.32,48.85,0.05,11.97,14.56,12.02,25.16,15.08,1.98,3.21,0.1,28.16,5.06,11.32,32.72,36.17,4.77,6.46,9.39,3.8,3.02,23.41,10.04,9.37,8.7,4.59,1.28,31.53,7.82,2.72,11.99,0.96,4.44,52.18,65.7,0.3,37.06,9.43,4.67,215.6,14.54,5.86,13.74,6.08,0.53,2.17,288.96,6.47,5.41,108.1,36.74,4.78,0.02,9.43,13.01,4.4,0,3.89,15.41,2.64,4.21,39.71,7.86,4.32,11.66,1.33,5.55,1.63,0.01,4.36,3.6,5.36,7.51,0.95,6.77,26.64,14.88,1.9,0.4,0.03,11.63,0.54,2.13,1.1,2.12,13.4,4.14,23.61,40.08,11.46,0.25,12.96,0,8.13,13.46,37.25,0.74,0.03,2,2.07,0.52,2.81,2.08,13.38,46.92,6,9.22,48.84,1.54,4.54,0.49,972.95,8.99,0.3,0.73,0.31,7.8,0.13,0,7.23,0.2,0.02,0.03,0.27,0.21,1.28,0.6,0.33,6.12,0.11,0.23,0.5,0,26.17,0
4.88,19.32,43.84,0.18,16.57,15.76,7.47,12.99,16.1,7.11,5.07,19.71,159.52,4.87,12.77,58.08,29.42,4.44,3.26,9.29,4.05,3.12,16.83,11.95,10.04,13.55,5.62,5.75,9.01,10.77,29.76,10.43,1.01,4.95,79.51,117.89,0.45,48.03,6.68,4.67,200.7,0.39,7.45,13.78,6.35,0.96,1.35,577.14,4.85,4.75,112.32,13.77,6.05,0,10.18,13.14,2.21,0.11,7.17,19.39,6.43,6.93,126.52,5.21,0.13,11.01,3.47,4.34,0.74,0.2,3.65,4.32,5.8,7.71,1.78,2.94,45.95,14.81,1.51,0.43,0.07,28.27,0.22,2.55,2.32,5.37,12.7,3.87,38.13,24.21,10.72,0.12,29.86,0.07,5.43,9.21,25.57,0.58,0.08,1.36,4,0.35,3.53,3.1,7.91,70.05,8.2,10.3,46.6,0.92,7.45,0,602.33,6.95,0.15,1.67,0.3,7.69,0.56,0,13.71,3.37,0.06,0.04,0.01,0.08,1.23,0,0,16.91,0.33,0.66,1.42,0.04,17.66,0.43
3.74,35.75,88.44,0.11,13.65,45.33,21.81,1.62,39,2.8,1.55,297.63,91.95,10.53,10.4,48.19,52.62,23.89,9.36,14.07,9.52,6.61,19.3,12.44,9.53,14.07,2.33,7.25,8.5,11.95,29.12,17.11,2.57,12.45,87.94,135.13,0.46,52.25,9.37,9.49,287.38,2.28,23.22,30.16,19.35,0.53,7.96,520.84,14.51,11.85,86.34,12.52,9.81,1.52,10.19,15.64,10.19,2.2,14.87,17.89,6.17,6.25,55.09,10.42,0.26,20.96,2.84,3.43,0.29,0.05,8.49,4.05,7.66,17.04,2.24,7.36,76.64,25.03,1.88,0.49,0.07,8.43,0.15,3.93,0.14,2.01,15.63,7.51,25.32,47.46,15.85,0.13,13.29,0.02,13.48,27.6,65.01,0.16,0.01,2.42,8.32,0.95,4.9,0.74,17,108.45,5.34,20.82,68.58,0.55,1.58,0.41,383.55,13.74,0,1.16,0,20.53,2.29,2.11,279.91,20.4,0.14,0,1.93,0.12,0.37,0.3,0.47,9.57,0.29,10.28,2.96,0.14,31.65,0.22
4.66,35.98,43.29,0.07,6.94,34.76,7.95,32.88,19.82,1.48,5.24,1.37,17.22,5.17,8.57,51.28,33.81,10.2,1.76,9.62,4.83,2.61,17.43,17.03,8.37,3.06,1.72,1.4,11.94,8.23,28.12,13.55,0.76,7.88,104.39,102,0.25,46.83,7.11,4.08,141.63,13.92,6.75,13.65,7,0.22,4.5,337.49,4.17,7.89,77.66,14.29,8.2,0.06,17.31,10.21,8.48,0.13,11.41,15.25,2.99,2.84,22.23,8.8,3.04,20.12,1.07,4.18,0.91,0.04,10.92,2.56,2.28,15.61,0.64,6.58,66.35,20.91,3,0.22,0,19.9,0.37,2.67,1.44,3.39,16.17,4.02,42.71,44.62,12.44,0.1,5.27,0.01,9.37,12.11,62.56,0.33,0.01,2.25,3.43,0.58,2.17,3.07,10.56,81.59,6.2,9.3,21.72,1.11,5.62,0.54,1749.08,15.24,0.33,3.23,0.17,8.76,0.69,0.43,18.89,1.68,0.07,0,0.1,0.21,0.87,0.05,0.45,5.58,0.64,2.91,0.25,0,23.59,0.04
0.94,10.98,15.94,0,5.28,10.23,7.67,20.14,3.75,0.02,4.89,0.17,0.03,2.17,2.43,0,43.61,4.97,2.95,8.69,5.47,2.05,28.55,11.55,8.28,0.04,0.94,1.05,13.52,4.17,0.07,9.83,0.6,8.59,51.05,92.57,0.03,20.83,9.01,1.67,28.55,17.45,4.9,7.33,6.46,0.22,17.33,5.15,2.39,5.23,24.27,53.15,3.79,0.04,6.61,0.68,26.94,0.06,4.11,11.3,1.1,1.38,0.02,2.07,3.75,15.44,0.5,4.31,0.93,0,2.45,1.83,0.24,4.61,0.02,0.24,64.46,18.14,1.49,0.12,0,1.26,0.83,1.63,0.31,0.81,12.61,1.9,8.96,64.27,11.16,0,0.1,0,4.4,7.17,48.33,0.19,0.01,5.03,0.43,0.49,1.38,1.38,7.04,31.8,0.33,7.67,13.47,1.79,11.23,0.38,576.45,526.27,2.72,3.36,0.14,3.24,0,0,0,0,0.89,0,0.04,0.06,2.36,0.67,0.76,0.13,0.62,0,0.83,0,23.09,0.06
4.63,27.55,49.56,0.02,18.49,20.62,7,9.25,19.19,2.22,91.42,6.78,18.47,10.39,6.39,21.73,58.86,15.44,4.23,6.5,6.38,5.43,22.13,9.98,23.12,6.86,3.18,4.04,9.1,7.94,43.69,15.07,0.95,2.85,97.74,43.49,0.32,26.99,7.53,4.42,247.78,6.52,6.8,15.53,7.76,0.97,2.05,386.9,4.86,3.32,69.48,9.77,5.61,0.04,19.62,20.11,3.09,0,7.34,14.09,3.32,4.06,44.75,8.19,0.7,12.09,2.03,3.3,0.89,0.09,4.38,3.11,16.71,9.17,2.06,8.73,20.25,27.23,2.08,0.33,0.12,20.85,0.36,1.84,1.81,2.44,13.48,4.58,28.71,34.79,6.89,0.29,8.6,0,7.85,14.84,34.02,0.49,0.03,1.68,4.57,0.68,2.18,2.37,11.05,59.61,8.05,9.74,18.42,1.6,5.32,1.19,385.76,10.33,0,1.39,0.72,10.24,8.98,4.28,654.01,32.19,0.17,0,1.09,0.08,6.71,0.2,0.64,9.06,0.18,23.29,0.73,0.02,16.62,0.27
2.72,55.19,68.77,0,14.79,17.02,14.09,16.96,12.14,1.05,21.73,11.44,19.72,4.66,7.64,20.28,47.44,26.55,9.05,18.8,8.2,5,14.87,19.05,10.88,6.58,2.01,1.22,9.28,10.21,39.54,15.44,2.3,6.98,50.21,88.41,0.54,73.93,15.51,3.41,121.24,5.74,7.8,19.7,14.71,0.27,0.85,202.88,5.33,4.64,81.84,10.26,7.88,0,18.37,31.22,6.1,0.12,6.6,22.99,4.04,5.63,22.36,6.92,0.1,15.89,1.74,8.36,2.53,0.01,5.73,3.01,64.48,11,0.31,10.14,88.12,39.33,3.56,0.79,0.05,10.71,0.15,2.14,1.65,1.93,16.24,9.63,47.51,37.82,8.93,0.06,8.89,0,8.31,5.35,22.73,0.87,0.03,2.05,3.22,0.41,2.86,0.72,16.3,83.56,10.92,9.76,19.3,1.29,4.97,0.32,186.91,5.45,0.22,1.03,0.23,10.71,3.27,1.84,497.42,33.07,0,0,1.72,0.13,1.4,0.2,0.24,3.42,0.74,23.85,0.23,0,42.25,0.06
3.93,34.23,39.34,0.73,14.78,25.07,11,6.92,17.61,7.94,2.51,0.79,19.75,4.48,6.42,47.58,47.77,5.66,10.16,10.63,8.26,5.9,24.67,16.02,15.34,8.61,5.38,4.12,11.44,11.61,30.86,17.7,1.63,5.12,95.74,80.89,0.55,48.58,7.66,5.09,184.84,10.68,7.44,12.84,4.87,0.48,1.78,143.62,9.34,6.06,156.66,17.09,4.9,0.92,25.39,37.14,2.27,0.03,9.52,19.63,5.85,6.87,86.34,5.25,1.49,13.76,1.73,7.96,1.15,0.01,1.67,3.53,10.69,16.08,0.48,8.38,27.58,37.33,2.38,0.17,0.02,42.78,1.1,1.93,1.46,2.39,18.76,3.99,42.29,36.63,12.31,0.17,12.12,0.07,8.5,11.51,26.98,0.31,0.13,1.73,6.28,0.91,1.91,3.67,11.11,48.99,8.81,14.77,24.62,1.1,7.52,0.42,473.36,10.58,0.44,1.37,0.79,11.22,3.54,0.58,122.32,9.87,0.13,0.03,0.34,0.04,0.93,0.43,0.72,10.48,0.25,5.59,0.21,0.07,21.72,0.27
0.33,8.5,22.98,0.12,7.84,8.96,8.63,19.93,4.07,0,0.69,0.09,0,2.47,3.74,0,12.42,7.74,0.96,10.03,11.3,4.01,30.11,10.78,12.49,0.01,0.92,0.02,27.52,4.49,0.06,14.37,0,7.43,36.12,145.06,0.15,14.94,4.35,2.04,47.66,16.25,1.43,8.01,5.52,0,5.74,4.65,4.58,3.95,23.53,93.62,2.48,0,16.24,0.09,15.82,0,1.56,13.12,0.08,0.13,0,2.73,5.59,12.4,0.12,1.76,1.09,0,1.67,2.01,0.24,4.76,0,0.93,17.29,33.17,3.49,0,0,4.55,0.49,1.07,1.37,0.17,11.39,1.77,8.01,98.79,10.15,0,0.05,0,4.54,10.23,51.91,0.2,0,1.49,0.83,0.54,1.99,1.07,5.66,20.65,0.01,8.24,36.16,4.68,11.05,2.2,763.67,630.61,16.96,3.88,0.57,5.83,0,0,0,0,0.92,0,0.22,0,2.1,0.72,0.97,0.16,1.63,0,0.73,0.01,18.02,0
1.02,2.47,11.93,0,1.26,0.56,3.53,7.8,0.66,0,1.84,0.26,0,0,0.79,0,8.52,6.24,0,0.98,0.69,0.78,6.61,5.91,2.74,0,0.38,0.69,9.38,0.2,0.17,3.03,0.03,1.24,3.58,19.06,0.08,1.21,2.1,0.15,0.85,1.36,1.17,4.5,2.27,0,2.15,0,0.38,0.4,3.1,33.17,1.61,0.62,1.86,0.03,1.87,0,0,7.6,0,0,0,0.72,3.83,3.03,0,0.9,0.08,0,0.18,1.27,0,1.36,0,0,18.46,8.15,0.54,0,0,0.63,0.56,0.28,0,4.83,2.9,0.46,2.5,38.6,10.3,0,0,0,4.87,0.87,11.1,0,0,0.33,0.38,0.07,0.47,0.67,2.07,8.09,0.54,0.57,0,2.4,13.01,1.53,158.13,688.62,2.15,4.95,0,1.26,0,0,0,0,0.13,0,0,0,3.91,0,0,0.23,4.19,0,0.07,0,1.1,0.27
4.23,55.1,64.84,0.04,23.1,24.36,8.32,6.21,25.85,5.69,39.99,8.39,80.8,11.93,6.69,52.54,41.39,32.74,21.79,11.2,6.37,4.64,31.72,7.51,14.19,10.25,6.15,3.32,4.67,10.73,37.73,16.86,0.86,8.62,92.02,101.15,1.05,195.16,13.92,11.05,300.62,6.2,11.67,29.25,17.49,0.33,1.15,454.24,7.25,7.29,84.52,19.58,9.37,0.04,13.68,20.27,8.8,0.14,12.07,24.43,5.47,7.15,93.35,15.66,0.55,27.75,3.61,5.92,1.44,0.31,5.9,1.95,50.64,14.56,2.01,7.91,46.74,22.77,4.14,0.31,0.02,13.98,0.15,6.54,0.23,1.74,22.05,8.44,50.85,93.05,11.08,0.1,10.38,0.03,13.63,20.86,55.29,1.29,0.03,3.98,1.68,1.09,3.93,2.67,19.82,92.63,13.69,13.22,48.08,0.91,7.68,0.44,602.45,20.14,0.09,2.67,0.19,13.6,33.2,46.11,1142.29,56.17,0.11,0.03,1.16,0.07,0.39,0.18,0.3,14.88,0.21,110.3,0.81,0,22.27,0.18
3.39,32.96,37.25,0.05,8.74,13.91,6.98,14.3,13.15,1.45,7.77,2.2,1.36,2.74,8.33,18.18,31.95,2.87,2.07,10.22,3.72,3.87,19.1,10.55,7.78,3.05,4.17,1,9.96,15.17,2.3,12.24,1.04,6.79,86.15,61.79,0.69,35.9,10.42,3.06,104.76,6.52,6.96,23.55,11.64,0.4,3.68,130.6,3.66,10.06,79.69,19.37,5.01,0.09,8.08,9,6.05,0.25,8.22,25.78,4.42,7.62,51.61,4.2,3.54,11.94,0.82,2.87,2.42,0.01,5.04,1.81,11.97,8.41,0.4,3.43,53.36,13.16,1.73,0.36,0,11.98,1.86,1.67,0.36,0.67,18.89,3.86,34.4,35.73,9.62,0.18,5.35,0.01,8.37,12.17,38.01,0.14,0.01,2.35,0.49,0.67,2.73,0.92,8.96,42.94,10.54,11.4,18.08,1.47,3.86,0.82,1142.65,16.45,0.39,2.26,0.56,10.16,0.25,0.41,35.58,1.4,0.04,0,0.17,0.32,0.83,0.41,0.42,4.18,0.53,2.42,0.46,0.05,12.11,0.08
4.52,29.03,58.75,0.01,10.77,17.01,9.46,5.28,24.09,3.26,24.02,50.95,61.3,12.43,9.88,13.33,29.62,8.55,5.43,8.94,5.06,4.63,18.9,23.4,19.59,10.46,3.61,34.62,10.09,6.07,92.93,11.37,1.29,3.71,114.3,68.87,0.38,31.88,13,9.75,220.75,0.48,7.45,16.74,5.6,0.11,4.21,233.05,4.21,4.55,61.89,7.25,8.8,0.04,34.17,17.63,5.08,0.06,9,26.1,4.91,4.09,42.36,7.76,0.24,19.01,1.84,3.05,1.5,0.08,9.87,2.08,17.91,28.32,2.55,5.15,50.03,24.99,2.71,1.19,0.01,76.36,0.11,0.95,5.39,2.3,16.09,6.79,34.05,23.03,9.49,0.23,9.64,0,9.4,17.22,33.67,0.74,0.01,2.24,4.85,0.42,4.54,2.76,17.25,121.92,6.15,11.6,31.59,0.84,3.07,0.41,155.1,6.34,0.12,1.4,0.38,11.2,4.45,0.33,73.06,7.29,0.14,0.04,2.4,0.07,0.85,0.08,0.61,12.85,0.21,3.23,1.98,0.03,20.13,0.25
2.52,38.94,42.61,0.07,14.57,25.75,12.92,17.1,30.12,2.86,4.75,12.82,26.42,4.76,10.96,16.25,40.04,13.82,10.51,11.37,11.21,7.17,37.56,25.89,22.87,6.83,4.59,3.43,10.73,8.66,45.66,21.25,2.01,4.98,97.42,86.84,1.41,54.02,9.94,10.58,306.09,9.18,6.84,12.64,7.51,0.11,1.7,316.47,6.89,5.29,89.66,14.65,7.28,0.13,26.31,9.61,4.55,0.12,6,21.61,4.45,7.17,38.02,8.26,1.11,14.97,1.66,4.48,1.12,0.03,10.15,2.74,5.22,12.88,1.1,9.32,26.93,32.52,4.25,0.78,0.09,20.07,0.7,4.21,0.98,4.67,18.78,4.55,30.83,41.23,14.41,0.32,8.75,0,9.12,15.49,50.73,0.71,0.02,18.64,8.9,0.85,5.2,3.79,24.24,88.06,6.99,16.79,27.56,1.21,7.43,0.53,996,19.41,0.22,2.55,0.12,12.68,4.31,0.08,138.74,15.72,0.19,0,10.37,0.06,1.42,0.07,0.61,8.85,0.75,13.19,0.2,0,26.15,0.17
3.13,48.41,34.04,0.1,7.83,37.16,7.18,13.65,23.28,1.56,2.86,7.05,7.01,5.55,9.43,31.53,56.36,3.76,4.97,6.06,3.11,3,13.04,7.12,10.32,1.41,3.47,1.69,13.63,7.83,4.16,8.7,1.16,6.8,128.83,73.26,0.54,48.47,7.27,5.62,232.52,9.93,8.66,16.93,7.06,0.09,6.85,398.13,5.74,6.32,49.31,17.21,5.19,0.06,9.68,5.71,4.23,0.06,12.22,21.86,4.86,3.59,19.97,5.56,2.42,17.14,1.73,4.29,0.85,0,6.07,0.93,2.12,4.07,0.48,7.83,24.06,12.12,0.98,0.45,0.07,9.08,3.69,1.35,0.54,1.45,16.61,3.56,22.4,41.2,12.46,0.1,4.21,0,8.5,11.16,50.25,0.5,0.02,2.31,0.79,0.81,2.73,1.33,16.61,52.51,6.28,9.51,21.4,6.9,15.7,1.3,3764.16,110.37,1.48,17.39,1.75,11.15,0.15,0.43,26.57,6.34,0.1,0.03,0.12,0.18,8.05,0.98,10.92,3.04,0.42,0.87,0.5,0.14,19.41,0.06
13.85,0.76,0.77,7.57,17.53,0.63,27.44,4.81,2.77,0.17,0,0,3.63,14.23,4.77,2.1,5.05,22.9,0.78,0.95,0,0.9,8.8,2.01,0,0,0,0.89,1.77,20.69,12.85,13.33,0.57,14.74,0,21.27,7.18,4.18,2.12,2.46,6.05,3.7,4.99,0.12,29.22,0,0,1.76,12.69,1.1,0.58,0,0,0,0.36,3.36,2.36,0,12.75,2.22,0.75,3.74,4.08,0,0,9.67,0.81,0.24,0.12,2.02,0.26,3.36,0,0,8.21,1.35,6.45,0,6.77,0.34,0,14.97,3.16,0,1.77,0.07,30.64,8.61,1.43,4.29,27.54,9.4,19.19,0.31,0.19,1.54,1.01,4.17,4.82,5.84,0.26,2.05,0,0,0,2.71,0,1.09,1.38,0,0,0,0,0,0,0,1.65,0.14,0,0,0,0,0,0,2.72,2.76,0,0,0,20.34,0,0,0.4,0,0,7.33
3.99,31.94,71.26,0.03,8.53,18.97,11.69,9.29,16.09,1.52,15.93,1.61,16.66,6.22,39.96,8.39,22.99,6.37,2.59,14.36,6.3,3.33,25.59,10.24,37.48,4.74,2.84,1.45,8.23,8.45,40.64,16.32,0.5,5,51.67,77.02,0.32,44.27,9.07,5.18,156.87,10.74,4.49,19.92,8.69,0.42,4.19,170.94,4.75,4.08,85.38,27.81,7.23,0.01,14.67,7.01,4.1,0,3.07,15.8,3.37,4.31,25.91,7.18,0.43,10.91,1.18,4.8,1.22,0.03,4.89,2.01,3.89,17.14,1.46,4.8,20.71,28.39,2.68,0.21,0.07,24.4,0.29,1.82,0.8,1.49,14.48,4.07,27.45,38.11,11.27,0.2,6.16,0,7.44,9.67,42.71,0.81,0.01,4.26,3.47,0.44,3.4,1.98,17.13,66.24,6.57,9.57,20.03,0.71,4.34,0.5,452.48,11.98,0.36,1.25,0.66,10.36,0.88,0.48,34.73,3.57,0.19,0.02,1.07,0.04,1.27,0.19,0.54,5.96,0.32,4.71,0.56,0.05,23.96,0.25
1.17,37.38,21.52,0,13.03,39.49,13.41,22.33,13.95,0.03,1.85,0,0.04,6.17,7.32,0.12,22.33,10.59,1.53,11.83,6.46,4.4,29.67,15.12,14.25,0.01,0.61,0.17,35.92,5.57,0.2,8.57,0.5,12.53,73.85,139.1,0.11,26.42,5.33,4.32,209.99,24.62,2.98,10.35,8.18,0.03,14.78,33.21,3.89,7.76,20.02,18.47,7.46,0.01,17.41,1.95,17.71,0.1,4.28,11.42,1.02,0.41,0.09,5.93,11.37,37.23,1.12,4.88,0.75,0,2.94,4.39,0.36,5.28,0,2.34,36.74,26.08,0.96,0.02,0,18.33,1.84,5.45,1,0.5,18.01,3.14,25.93,56.37,15.86,0,0.02,0,7.26,14.81,67.97,0.26,0,0.75,4.4,1.38,1.75,1.82,9.28,35.7,0.01,8.48,14.85,28.26,11.62,3.59,382.24,24.28,2.96,15.68,0.57,10.14,0,0,0.04,0,0.63,0,0.07,0.03,2.56,0.49,11.31,0.16,2.18,0,2.13,0,19.43,0.06
6.37,28.41,46.33,0.09,41.91,20.2,14.61,7.6,22.37,6.05,104.96,0.37,25.25,3.79,10.2,30.39,47.53,11.85,4.95,13.32,5.77,5,42.17,15.53,13.64,13.69,5.49,3.43,18.94,9.14,5.17,13.63,1.12,4.97,116.71,57.18,0.22,62.28,10.39,7.14,243.77,15.39,8.84,18.32,8.88,0.25,3.15,644.71,4.82,7.14,153.87,14.97,7.33,0.01,22.65,8.82,4.16,0.13,7.11,27.24,4.85,5.71,58.55,5.31,1.76,15.26,3.12,6.03,1.73,0.09,6.57,3.09,45.9,12.72,4.92,6.07,27.77,22.45,2.63,0.88,0.03,23.79,1.07,1.54,0.47,0.79,15.13,7.14,46.59,29.05,11.64,0.38,23.07,0,9.94,19.47,46.8,0.63,0.01,3.69,0.59,0.5,3.51,3.97,15.05,92.35,15.79,14.74,63.47,0.49,1.56,0.67,314.84,10.85,0.31,0.77,0.44,10.16,1.15,0.32,38.12,160.59,0.43,0.13,0.02,0.11,1.2,0.18,0.34,21.3,0.31,46.45,0.49,0.06,33.42,0.27
4.6,25.39,62.73,0.02,12.76,22.73,6.72,13.09,37.79,2.23,40.93,2.2,48.49,10.01,14.16,97.46,49.11,15.36,4.13,10.03,4.16,2.25,19.64,9.73,8.95,7.51,7.07,4.47,12.47,7.25,16.65,10.53,0.98,7.59,126.39,79.54,0.2,61.95,15.01,9.19,347.78,8.69,10.98,39.44,11.86,0.41,2.26,800.24,4.61,8.12,81.78,22.05,8.93,0.03,9.97,10.14,6.14,0.17,6.78,30.13,4.36,5.74,81.4,4.2,0.09,21.55,3.55,5.45,1.61,0.04,5.29,2.08,3.48,10.34,0.93,3.7,37.74,13.03,1.87,0.73,0.15,20.18,0.29,1.92,2,2.03,19.39,5.33,43.69,34.43,11.95,0.28,17.28,0.01,11.02,8.75,55.59,0.81,0.05,1.64,4.65,1.28,5.18,1.7,13.21,117.13,20.31,11.37,56.28,0.5,0.98,0.28,401.67,6.89,0,1.87,0.52,11.51,0.09,0,5.94,0.72,0,0,3.85,0.25,0.68,0.19,0.55,12.54,0.57,0.22,1.1,0.03,22.08,0.25
6.84,53.43,42.33,0.03,28.94,40.32,7.55,19.48,33.85,2.58,13.73,2.45,32.25,10.02,12.14,23.44,81.48,21.09,5.22,9.63,7.3,5.17,19.84,17.67,13.21,4.08,4.08,6.76,21.88,9.58,22.12,14.18,1.35,5.56,155.85,78.82,0.59,37.46,12,6.21,415.83,24.06,12.6,15.48,10.39,0,1.32,361.11,5.97,5.81,80.76,35.5,8.33,0.06,34.86,14.81,5.55,0.03,9.49,18.09,7.86,8.1,35.34,6.49,2.84,20.33,2.29,5.73,1.19,0.3,6.68,2.44,6.55,6.85,1.59,6.79,63.53,22.8,2.43,0.2,0.2,27.75,0.77,1.67,6.71,1.51,17.65,5.24,40.09,37.6,10.25,0.35,8.87,0,11.62,15.31,53.73,0.39,0.03,4.03,1.93,1.71,2.65,2.56,10.3,115.17,19.37,17.6,30.61,2.04,5.12,1.19,1047.75,17.87,0.38,2.43,0.13,17.82,0.32,0.2,15.57,0.58,0.16,0.07,0.28,0.04,0.27,0.16,0.27,8.33,0.28,0.38,1.18,0,17.88,0.31
3.8,34.46,31.11,0.33,16.44,20.1,7.98,18.72,16.61,5.78,10.99,4.2,16.11,2.77,7.55,45.99,38.58,5.1,2.68,10.5,3.72,3.37,24.05,12.29,12.41,5.47,4.08,3.41,12.32,10.97,2.47,11.37,1.15,5.11,95.48,92.22,0.2,38,8.61,5.33,187.52,8.64,7.05,14.78,6.79,0.53,3.13,380.88,2.99,6.45,139.12,31.3,5.4,0.2,6.71,15.75,4.11,0.08,6.57,19.86,5.64,4.8,71.1,2.96,6.94,15.88,1.76,3.36,0.88,0.01,4.37,2.49,12.6,5.88,0.46,3.52,37.12,19.14,2.02,0.1,0,9.29,0.83,2.62,1.31,1.4,15.19,4.38,36.39,37.82,9.04,0.09,10.42,0.42,5.86,9.24,35.58,0.32,0.03,5.07,0.69,0.81,2.56,3.01,12.11,68.31,7.9,10.75,7.15,1.25,7.58,0.4,1045.37,12,0.46,1.44,0.32,9.26,0.69,0.23,27.69,3.16,0.11,0,0,0.47,0.65,0.51,0.83,3.13,0.52,1.75,0.41,0,16.86,0.08
4.11,31.62,55.55,0.02,9.93,41.63,5.81,11.43,24.81,1.57,3.76,1.12,54.02,13.61,40.69,50.6,43.4,26.85,22.45,10.37,8.5,5.17,26.98,10.96,12.91,7.78,3.89,1.82,12.95,5.9,68.87,18.1,1.2,6.45,128.62,151.53,1.02,118.64,18.39,4.68,197.98,9.48,10.23,24.06,9.74,0.63,1.04,472.4,8.85,7,76.29,12.77,13.7,0.04,21.97,35.6,4.47,0.18,10.43,13.01,4.62,4.29,60.08,9.88,0.2,20.86,2.91,5.1,3.11,0.38,4.12,6.1,9.64,18.04,2.47,4.02,71.17,24.63,2.88,0.75,0.02,24.01,0.37,4.21,2.87,3.18,16.28,6.34,39.91,61.38,9.27,0.26,10,0.01,10.88,11.25,55.47,0.75,0.09,2.82,4.7,1.24,4.01,6.31,13.8,124.47,8.36,13.55,37.45,1.11,4.74,0.64,637.5,9.33,0.11,1.92,0.69,13.02,4.54,0.76,347.43,37.64,0.18,0,1.18,0.27,1.06,0.07,0.49,9.77,0.38,28.27,0.2,0.05,18.68,0.11
4.26,56.72,120.43,0,18.99,28.54,27.12,4.79,34.61,1.02,201.13,54.74,3.25,10.62,34.75,1.66,81.96,48.14,8.03,21.35,13.25,4.37,29.6,18.68,35.18,0.23,6.99,15.53,5.17,12.48,124.18,20.84,0.25,8.04,106.57,103.69,1.61,30.87,14.66,8.64,329.36,0.86,12.53,17.31,16.26,0.63,2.28,24.54,7.67,7.42,82.62,1.07,24.45,0.08,33.8,17.91,6.56,0.25,3.79,21.54,3.01,2.46,6.98,15.51,0.16,24.64,2.58,9.25,3.03,0,9.11,10.64,30.5,18.36,0.33,12.3,95.7,33.21,5.58,0.05,0.07,63.55,0.11,2.61,10.69,1.78,24.69,5.15,33.63,41.97,19.88,0.01,0.5,0,9.95,18.48,54.75,0.91,0,9.62,13.76,0.9,6.04,1.36,32.2,128.02,14.2,7.96,1.19,59.61,42.79,34.89,242.42,23,21.13,21.39,7.45,19.61,0.09,0,4.63,0.18,0,0.24,3.62,0,8.9,0.27,6.82,1.76,142.64,0.1,0.41,0,101.08,0.34
3.8,43.95,52.51,0.03,11.17,23.18,7.08,26.34,18,2.51,4,6.25,19.54,9.02,11.47,31.82,36.51,8.07,2.9,10.63,6.71,5.21,21.95,12.72,9.45,5.61,3.32,3.13,37.78,8.36,3.75,11.25,0.79,18.03,88.2,145.41,0.35,65.12,10.12,5.91,238.31,47.95,6.08,20.96,8.17,0.06,2.27,348.8,5.1,7.17,43.59,22.08,4.99,0.24,18.15,4.6,8.46,0,10.67,30.17,3.49,5.28,54.55,5.46,14.11,20.22,2.02,3.06,1.11,0.02,4.36,1.87,2.76,4.36,1.97,1.13,68.08,21.38,2.41,0.15,0.06,16.05,2.74,2.77,0.8,0.39,13.52,6.28,30.97,76.37,14.49,0.45,11.12,0,10.32,7.66,55.31,0.53,0.05,1.72,0.38,0.7,2.49,0.91,22.02,49.25,7.41,9.45,35.11,51.85,44.73,26.2,699.96,16.19,24.32,17.3,7.11,13.94,0.97,0.19,76.85,4.42,0.1,0,0.6,0.15,6.93,1.07,4.81,4.53,145.15,4.04,1.64,0.08,26,0.06
6.62,41.71,85.07,0.31,23.97,41.77,7.25,7.29,25.65,7.7,19.5,5.84,61.47,27.44,49.68,68.81,68.07,10.54,11.96,9.41,11.24,6.3,34.95,16.9,18.32,16.34,4.64,7.97,10.92,8.41,50.85,18.74,1.32,4.8,130.08,108.42,0.27,64.67,10.85,5.45,336.77,15.04,12.39,34.45,14.91,1.05,3.53,411.86,6.02,5.74,88.13,12.22,7.94,0.03,30.78,36.81,5.54,0.02,13.17,23.53,10.47,7.52,156.84,8.33,0.14,22.01,3.89,6.06,3.41,0.06,6.97,3.43,7.52,12.57,1.02,11.08,54.03,39.34,3.29,0.42,0.05,26.49,0.19,3.57,7.52,5.76,17.88,7.81,36.23,50.17,13.34,0.57,14.67,0.01,13.62,17.75,57.51,0.87,0.13,3.36,7.61,1.19,7.85,3.61,16.74,100.56,6.98,18.4,16.3,0.79,2.6,0.3,250.78,3.03,0.32,0.75,0.25,16.72,1.59,0,17.84,1.69,0.16,0.07,2.35,0.03,0.68,0.21,0.26,16.5,0.56,2.95,5.1,0.08,21.75,0.24
4.73,38.89,63.94,0,13.29,35.93,13.43,16.26,28.59,2.96,44.54,1.94,13.55,6.01,23.96,17.02,78.54,20.56,6.25,13.77,7.32,5.55,13.4,10.79,10.34,2.75,5.37,1.82,20.92,6.95,68.93,16.54,0.95,7.12,97.34,107.21,0.64,43.48,11.63,5.39,297.99,11.68,11.41,19.66,12.47,0.49,3.93,116.13,4.55,9.25,78.47,24.94,6.09,0.07,20.49,17.52,3.56,0,6.52,19.36,3.26,6.71,40.82,6.68,1.76,22.24,1.71,5.59,1.45,0.02,6.69,3.93,5.49,10.89,0.97,5.58,51.68,27.91,2.76,0.85,0.06,23.93,0.34,2.46,3.71,5.58,25.93,4.66,27.9,41.81,14.98,0.07,7.12,0,13.13,20.48,62.55,0.62,0.06,1.87,4.2,1.25,5.4,3.62,19.36,75.07,9.47,15,24.89,36.16,33.03,28.94,450.88,30.97,33.16,16.17,6.34,15.41,0.66,0,22.27,0.45,0.03,0,3.32,0.21,7.91,0.68,7.63,3.91,132.7,0.39,2.18,0,31.53,0.25
3.83,51.95,49.6,0.09,21.58,42.45,9.42,25.87,26.21,2.45,58.39,0.38,40.43,9.69,22.22,65.16,59.29,17.75,6.15,12.76,10.75,4.89,29.53,12.94,16.49,4.15,3.78,3.38,14.75,8.21,48.3,18.34,0.98,9.88,155.27,128.08,0.46,60.12,15.93,6.77,337.87,16.23,11.7,22.48,12.9,0.36,3.1,842.25,7.65,8.8,97.95,17.86,8.65,0.1,22.87,12.33,7.65,0.99,16.22,22.21,3.91,7.85,47.49,10.73,2.62,23.53,3.77,5.93,1.82,0.08,7.21,4.94,5.29,10.99,1.98,6.7,50.68,30.35,4.03,0.52,0.09,32.24,0.13,3.44,4.77,5.06,19.46,6.29,41.21,50.72,17.92,0.48,8.15,0,9.45,15.13,62.78,1.04,0.08,3.06,3,1.7,3.81,3.2,12.52,91.57,8.77,16.87,49.92,0.48,1.21,0.3,410.21,6.39,0.21,0.55,0.22,17.05,24.37,0.32,230.65,16.67,0.06,0.03,0.8,0.11,0.45,0.03,0.51,9.75,0.36,20.34,0.83,0.06,32.14,0.13
5.67,49.08,85.39,0.08,17.26,49.27,18.48,8.66,31.69,6.89,20.05,0.79,46.94,10.88,13.7,59.45,73.38,23.14,6.16,19.42,7.63,5.78,28.69,8.52,15.99,10.34,7.32,4.23,14.84,7.34,49.84,16.56,2.29,7.84,107.7,88.34,0.45,106.8,13.68,10.77,393.12,17.97,9.87,28.21,12.78,1.01,1.68,496.78,7.56,12.03,81.36,25.09,12.51,0.15,24.75,27.54,5.76,0.19,12.7,19.6,6.46,8.23,72.34,14.36,0.18,19.83,3.17,5.57,1.56,0.04,7.46,4.61,6.2,10.95,3.18,4.9,37.99,30.63,3.33,0.4,0.21,29.27,0.29,2.53,6.23,6.78,21.41,9.63,49.84,47.07,17.26,0.26,14.57,0.02,15.78,10.77,57.23,1.21,0.03,5.2,6.06,2.08,6.48,2.46,19.96,108.04,10.38,18.47,42.78,0.74,2.11,0.33,375.37,12.65,0.59,0.85,0.48,21.06,13.6,0.53,177.69,7.32,0.1,0.03,0.15,0.1,0.87,0.39,0.25,8.41,0.13,9.67,0.16,0.09,30.27,0.12
4.45,51.53,60.91,0.13,27.44,20.01,8.09,6.4,21.27,3.95,20.59,1.35,68.58,4.65,14.85,41.35,49.13,3.83,0.95,7.66,3.44,3,33.47,22.14,26.35,29.19,5.19,2.23,14.38,13.21,0.16,8.79,1.49,9.25,110.23,57.92,0.77,54.03,14,7.1,442.01,1.18,10.25,31.94,19.75,1.3,1.59,878.82,3.36,6.56,109.48,24.75,5.33,0.03,5.8,11.17,8.06,0,13,26.63,8.11,7.62,21.16,5.19,17.45,28.72,2.55,4.04,0.94,0.05,10.86,10.41,11.45,11.02,0.46,2.16,50.83,15.06,1.47,0.12,0.02,21.71,0.08,2.08,1.7,2.91,24.86,4.82,43.76,37.69,8.26,0.15,10.36,0.02,11.49,19.27,61.99,0.11,0.04,6.61,4.2,0.85,5.39,3.09,15.97,101.28,25.85,17.86,68.95,0.1,0.72,0.2,249.77,9.79,0.11,0.67,0.11,9.93,7.83,0.64,46.38,3.75,0.04,0,1.85,0.48,0.46,0.28,0.24,5.83,0.24,1.29,0.4,0.54,14.21,0
3.18,38.77,56.81,0,10.85,27.33,6.65,4.34,26.71,3.85,31.41,6.27,10.69,11.01,14.11,14.49,31.58,15.78,3.5,6.58,4.26,3.8,25.06,9.07,13.56,1.95,3.17,4.13,15.65,6.91,38.91,9.43,0.46,5.97,147.45,64.38,0.19,28.29,9.99,7.38,303.84,6.37,5.26,20.07,13.96,0.25,4.8,328.64,2.29,4.46,54.05,9.14,6.96,0.33,10.81,11.36,5.21,0.03,14.28,24.23,2.98,3.99,25.24,6.71,0.91,19.35,1.36,4.76,1.38,0.02,4.04,1.99,7.74,9.8,1.12,2.19,36.7,17.11,1.48,0.36,0.09,36.41,0.17,1.55,2.82,5.21,18.55,4.63,20.92,28.31,8.53,0.27,4.17,0,8.77,13.53,52.57,0.4,0,4.84,2.21,0.82,3.54,2.2,13.3,109.47,5.96,13.08,16.32,1.61,3.5,0.47,847.13,29.54,0.2,2.15,0.31,11.56,6.29,1.05,169.48,14.14,0.15,0,1.55,0,0.21,0,0.54,4.37,0.44,11.3,1.4,0.11,14.14,0
5,36.63,80.01,0,18.46,50.12,12.12,10.63,29.24,3.95,31.39,2.34,59.93,15.78,23.83,44.83,72.9,20.44,4.95,13.14,10.86,6.53,26.11,13.93,19.86,7.71,5.01,4,6.15,6.39,68.83,21.33,1.33,11.23,136.98,143.55,0.46,96.19,16.49,7.95,352.49,2.87,11.45,33.37,12.94,0.77,1.66,439.6,4.01,7.97,52.8,7.91,10.83,0.06,33.62,26.72,5.81,3.12,11.74,21.92,5.71,4.58,39.69,14.07,0.21,25.3,3.26,4.87,1.66,0.14,10.43,4.4,6.62,17.81,4.59,4.96,82.24,36.34,4.42,0.49,0.44,26.78,0.08,3.09,8.37,7.33,19.63,5.28,42.75,49.52,22.22,0.18,11.23,0,11.14,20.29,74.05,0.31,0.08,3.14,6.58,0.82,6.09,2.24,19.77,143.45,5.97,21.61,54.94,1.51,2.74,0.66,495.12,8.33,0.24,1.14,0.58,17.44,2.55,2.03,148.2,6.37,0.08,0.16,11.59,0.03,0.25,0.1,0.09,7.98,0.09,18.47,1.09,0,37.71,0.24
7.22,36.08,63.41,0,12.38,38.05,8.05,7.41,21.52,5.1,17,1.95,93.12,10.28,14.41,58.79,45.05,12.11,13.95,11.75,9.08,4.56,23.17,10.98,14.48,11.95,4.52,4.92,11.94,8.92,24.08,14.07,0.62,4.57,90.21,70.32,0.56,95.75,11.86,3.84,252.21,0.96,9.51,20.22,11.45,0.57,2.28,839.46,4.53,5.41,117.45,9.61,7.84,0.04,20.51,14.63,4.26,0.13,12.6,17.04,3.7,5.02,47.91,6.15,0.44,17.61,2.77,5.49,1.58,0.27,5.84,4.2,4.01,12.42,2.6,4.81,50.38,26.16,2.11,0.21,0,20.07,0.31,1.67,2.21,4.01,14.76,5.62,35.06,31.99,8.84,0.27,15.37,0,8.97,18.84,46.66,0.53,0.08,3.63,6.63,1.06,4.04,2.26,17.45,123.77,12.49,14.63,66.04,0.34,0.98,0.24,440.11,21.8,0,0.64,0,14.08,21.41,5.57,576.46,45.2,0.83,0,2,0.19,0.26,0.08,0.67,8.75,1.12,24.53,1.97,0,19.31,0
5.31,31.57,74.77,0,11.53,29.76,10.2,6.5,21.99,3.82,57.43,13.26,30.31,8.51,21.06,31.94,49.82,18.96,4.86,9.63,8.08,6.41,23.38,13.46,29.63,7.22,3.51,3.93,7.12,7.52,95.43,18.7,1.36,6.88,97.53,101.15,0.37,56.35,10.79,4.35,198.82,0.5,10.31,25.75,11.59,0.71,3.76,469.62,4.64,5.02,73.2,10.54,5.66,0.01,32.33,25.73,5.07,0.26,10.69,19.1,5.87,5.03,24.24,10.63,0.16,19,2.42,5.25,1.57,0.02,8.98,1.64,8.81,17.86,4.04,8.1,71.24,32,3.94,0.71,0.64,27.6,0.11,2.51,4.46,7.39,14.04,5.27,34.88,40.4,12.45,0.31,8.92,0,7.24,15.96,44.39,0.73,0.04,2.64,11.26,0.69,5.05,3.63,18.39,72.07,8.15,13.87,41.43,0.49,3.08,0.42,639.69,7.04,0.66,1.9,0.22,11.96,1.54,0.82,59.38,2.23,0.02,0.16,3.73,0.03,0.35,0.5,0.24,10.28,0.37,4.61,1.79,0.07,37.82,0.22
2.66,33.54,45.73,0.02,7.31,24.51,4.75,2.9,17.71,1.31,18.51,2.36,4.76,9.62,10.83,7.8,18.88,11.73,2.05,5.95,4.34,4.17,20.38,9.53,13.54,0.67,2.32,2.84,12.96,5.45,48.85,8.08,0.17,5.18,78.9,64.02,0.2,17,6.79,5.14,212.46,7.19,3.65,16.43,11.42,0.23,3.2,184.04,2.44,3.56,26.06,4.87,4.67,0.08,10.72,7.08,4.58,0.19,11.29,13.82,2.38,2.45,13.44,4.25,1.2,15.73,0.86,2.88,1.41,0.01,3.09,1.61,3.3,7.46,0.46,1.56,28.15,14.93,1.25,0.14,0.05,21.99,0.27,1.84,1.35,3.43,13.96,3.35,15.94,21.91,7.35,0.12,1.5,0,6.67,10.59,43.49,0.34,0.02,4.31,2.18,0.54,2.45,1.47,10.54,68.51,5.34,10.65,7.02,2.5,7.31,1.55,960.82,33.24,0.57,2,0.51,11.93,2.66,0.32,62.99,5.82,0.12,0.02,2.07,0.04,0.9,0.28,1.39,2.25,0.48,4.64,1.17,0.05,9.78,0
3.87,39.73,123.06,0.02,14.94,33.6,9.98,6.12,54.79,2.83,29.29,22.29,45.63,17.06,15,18.92,80.01,22.99,6.7,16.45,9.61,6,15.52,19.88,11.27,10.97,5.45,2.05,6.53,6.91,21.02,19.12,1.71,8.37,73.43,101.44,0.79,104.23,10.44,12.63,450.32,0.26,16.55,37.12,27.9,1.06,2.87,235.43,4.91,9.84,19.46,9.46,10.6,0,33.2,19.74,6.79,0.79,10.94,17.1,6.26,7.46,25.6,14.16,0.14,28.8,2.57,3.04,1.82,0.02,10.28,3.83,2.51,18.02,0.85,10.35,75.44,35.74,2.22,0.49,0.29,17.58,0.14,2.51,2.63,1.16,30.8,5.87,42.21,45.2,15.58,0.19,7.88,0,12.89,20.6,64.29,0.56,0.05,2.28,4.05,1.05,5.81,2.55,14.94,82.17,6.18,10.37,31.18,1.15,2.76,0.14,164.01,9.15,0.23,0.65,0.39,16.3,26.49,10.85,1685.96,110.99,0,0,0.71,0.07,0.8,0.05,0.25,6.17,0.08,98.57,0.34,0.02,41.65,0.11
4.06,49.9,34.77,0,13.83,34.45,7.83,23.84,24.56,1.53,6.85,1.24,20.94,7.83,6,19.45,34.28,4.86,4.42,14.23,6.93,5.74,20.97,8.76,11.32,1.46,4.45,1.17,23.36,5.56,15.12,14.86,1.46,7.75,65.56,82.04,0.65,44.49,6.87,7.08,244.41,19.4,7.03,15.95,9.22,0.03,4.99,282.32,5.95,5.82,46.74,26.49,3.95,0.2,21.9,9.73,5.47,0,7.48,18.28,4.08,6.72,34.48,5.44,2.81,18.8,1.72,5.42,1.18,0.02,4.91,1.7,3.27,5.16,0.92,10.11,25.85,26.22,1.91,0.75,0.02,17.92,2.37,2.57,2.15,0.54,21.78,5.7,23.01,41.64,10.13,0.16,6.09,0,8.71,15.34,45.3,0.22,0,2.56,1.73,0.85,3.86,1.72,7.69,34.32,11.34,13.82,29.93,0.97,2.28,0.38,1282.82,18.67,0.13,1.25,0.14,18.92,0.61,0,46.28,3.86,0,0,1.57,0.11,1.13,0.98,0.72,5.12,0.62,1.33,1.91,0,17.42,0.14
5.09,35.18,99.32,0.02,15.62,19.18,12.13,2.76,16.02,2.77,35.95,12.56,6.5,4.19,18.37,129.08,66.32,22.21,10.83,8.75,6.38,2.57,59.28,22.79,24.97,1.18,1.91,4.89,25.31,9,47.79,10.61,1.41,10.25,158.76,119.38,0.6,38.55,9.68,3.73,290.43,4.08,7.12,23.23,12.61,0.75,1.74,812.65,5.49,6.94,95.17,9.65,9.27,0,13.1,8.25,8.93,0.59,6.9,37.85,4.34,7.13,30.25,7.73,2.07,23.03,1.48,8.75,2.18,0.01,7.87,2.99,7.59,11.29,0.4,13.03,66.7,17.19,2.79,0.13,0,10.65,0.81,5.44,1.42,2.91,27.27,3.82,30.72,58.19,16.04,0.07,6.5,0,8.43,19.89,66.29,0.35,0.05,4.13,2.91,0.75,4.93,2.56,22.89,82.85,10.39,9.33,11.19,0.43,0.99,0.1,736.74,23.49,0.1,0.42,0,9.63,1.06,0.08,23.81,9.19,0.29,0.09,1.09,0.68,0.33,0.2,0.45,1.37,0.12,2.09,6.53,0.06,34.24,0.2
3.59,31.69,50.22,0.13,41.72,22.81,6.48,22.62,17.43,1.52,6.16,9.39,36.85,5.03,6.19,118.46,29.57,6.38,1.18,9.76,6.53,4.53,29.05,10.94,8.52,1.19,4.59,3.8,17.51,8.64,1.91,13.35,1.39,8.58,74.42,122.29,0.04,47.01,10.35,6.92,165.16,15.58,7.19,22.32,11.77,0.04,4.9,758.89,5.21,7.11,122.87,28.86,6.61,0.01,16.85,7.36,8.71,0,7.43,19.83,4.96,3.28,173.39,3.73,10.51,19.1,2.82,5.07,0.95,0.05,4.12,2.79,10.07,5.23,0.23,2.74,71.11,21.28,3.19,0.31,0,5.76,1.47,2.34,0.56,0.69,16.86,5.32,45.62,44.35,9.14,0.29,12.31,0.04,8.55,11.19,44.02,0.13,0.01,1.55,0.57,1.42,4.25,2.43,12.81,67.55,11.07,13.01,28.32,0.27,0.88,0,306.52,10.43,0.46,0.47,0.31,14.47,5.28,0.45,97.18,10.61,0.1,0,0.03,0.49,0.93,0.59,0.17,3.66,1.16,18.4,1.92,0.05,17.95,0.15
3.46,19.09,35.5,0,7.96,31.83,16.23,10.23,28.79,0.38,1.71,0.12,0.07,2.29,2.15,1.85,62.81,10.62,14.68,15.47,6,3.43,14.9,9.06,10.87,0.1,2,0.08,15.5,2.38,76.35,14.23,4.64,8.6,99.32,307.2,2.61,48.06,10.66,9.68,135.99,0.15,14.62,21.51,8.95,0,3.2,12.23,3.83,6.88,2.49,42.06,9.69,0.06,17.06,24.09,6.66,0,15.36,14.56,3.58,5.6,16.12,5.33,7.5,18.3,1.34,3.03,1.74,0.01,5.66,0.89,11.04,10.98,0.18,2.55,217.35,24.64,1.96,0.04,0,13.21,0.03,4.31,33.78,0.62,14.11,3.63,29.79,59.83,9.68,0.01,0.14,0,6.49,6.38,32.13,0.37,0.01,4.25,0.15,0.67,6.61,2.18,18.88,68.02,2.8,19.27,0.21,0.09,0.8,0.08,229.63,7.41,0.09,0.8,0.09,10.12,0,0,1.02,0,0.03,0,0.85,0.03,0.82,0,0.09,1.29,0.29,0.06,2.19,0.03,18.37,0
2.8,28.01,18.19,0,2.68,19.52,13.76,60.32,25.33,0.16,2.75,0.76,0.08,2.94,7.57,0.44,31.74,8.44,1.53,8.04,2.42,3.35,6.57,5.5,8.57,0.15,1.34,0.15,19.42,3.82,0.65,12.97,1.43,2.57,25.9,27.98,0.56,8.27,6.18,5.06,101.9,23.67,4.33,7.52,7.68,0,4.12,3.55,5.74,4.5,12.07,11.67,4.09,0.25,8.81,3.31,4.97,0,3.79,9.86,1.07,1.83,0.36,5.77,1.58,5.47,0.3,3.04,0.91,0,2.79,0.78,1.47,4.77,0.03,2.22,32.08,13.54,1.69,0.9,0,12.44,2.7,0.86,0.49,3.64,17.1,2.91,3.29,16.92,6.1,0,0.65,0,9.4,12,62.96,0.14,0,3.28,0.55,1.37,1.4,0.59,8.1,28.76,2.05,5.97,3.48,64.19,41.02,31.98,333.17,70.1,10.49,25.61,10.06,11.52,0,0,0.99,0,0,0,0,0,24.41,1.92,22.28,6.64,484.48,0.17,0.31,0,9.94,0
5.12,35.25,29.26,0,18.72,26.53,7.81,24.56,50.81,0.67,5.74,0.38,10.99,14.96,0.92,17.97,44.94,9.67,11.03,11.36,6.27,3.09,12.16,7.1,9.19,3.31,4.27,1.35,15.53,5.31,6.45,9.3,4.79,9.12,187.2,150.91,4.43,60.81,9.85,14.53,387.37,0.81,12.95,22.59,9.22,0.05,2.15,133.35,4.54,7.9,32.46,16.7,10.9,0.04,11.84,12.39,5.22,0,24.41,13.76,4.15,4.51,58.64,7,0.47,26.9,2.03,4.73,0.9,0.06,9.21,1.48,4.08,17.94,0.66,3.63,43.97,15.15,1.59,0.22,0.03,35.8,0.03,3.48,18.89,0.93,17.16,9.73,23.39,31.64,17.43,0.21,4.38,0,14.12,13.15,45.8,0.81,0.07,2.23,0.17,1.21,5.1,2.27,13.11,59.61,4.83,13.98,10.24,1.28,0.97,0,800.66,17.92,0.2,0.4,0.41,12.89,1.53,0.75,86.27,8.29,0.08,0,0,0.18,0,0,0.22,4.46,0.45,16.06,0.45,0,26.85,0
7.17,25.16,41.31,0.05,19.75,26.93,8.86,10.19,24.9,4.47,64.63,1.42,84.4,9.81,5.75,64.01,49.86,24.39,5.54,12.69,5.71,2.73,18.19,9.26,15.5,13.88,5.24,5.86,18.39,11.67,10.27,9.51,1.67,5.06,84.22,68.89,0.35,47,11.48,6.07,324.66,19.69,12.72,13.61,10.91,1.07,3.86,760.68,3.83,6.26,103.62,19.3,9.39,0.03,11.02,13.68,4.94,0.9,7.91,21.59,6.24,6.59,77.47,9.68,0.93,13,3.29,4.83,0.94,0.7,9.51,5.3,4.81,9.83,1.35,7.51,32.11,14.15,1.85,0.19,0.17,15.49,0.35,2.48,0.87,2.48,20.06,7.36,33.47,25.24,11.03,0.38,18.4,0,8.76,14.12,68.19,0.67,0.04,2.98,2.43,1.48,3.55,2.62,13.85,82.7,5.5,17.32,56.14,62.49,47.85,45.32,450.47,39.37,28.6,26.83,12.49,12.28,23.83,7.68,1245.35,131.25,0.06,0,0.97,0.09,9.19,1.17,8.67,15.02,215.82,47.46,0.17,0.03,18.82,0.12
2.26,40.16,35.47,0,8.64,14.92,4.74,37.74,20.11,0.81,27.66,1.31,8.68,6.11,1.51,32.37,81.34,2.06,2.16,6.17,3.22,1.63,15.04,13.75,13.7,1.19,3.38,1.94,8.16,10.4,0.09,7.16,0.85,13.78,67.02,119.94,0.13,69.02,7.65,3.76,100.93,18.91,11.45,21.55,11.27,0.06,12.57,381.95,3.41,8.76,55.62,60.86,5.52,0.5,1.64,6.42,9.8,0,3.29,11,4.43,4.61,28.17,2.98,6.34,16.83,0.89,2.77,0.65,0.02,7.66,1.15,7.09,6.2,0.44,0.78,126.61,17.09,1.54,0.1,0,3.11,1.25,0.68,0.56,0.05,14.44,6.15,19.29,67.49,12.34,0.13,3.82,0,7.09,12.89,38.48,0.26,0,2.65,0.11,0.6,2.01,0.94,9.88,67.7,8.35,16.33,9.97,78.77,56.35,33.01,3204.06,121.06,6.84,32.58,5.41,8.71,0.41,0.29,10.4,0.51,0.15,0,0.12,0.21,4.85,0.93,9.32,1.07,714.62,0.1,0.95,0,17.86,0.65
5.79,36.36,63.1,0.21,15.42,22.78,12.52,7.54,42.33,3.98,62.59,3.01,23.89,8.24,15.51,30.32,50.52,4.89,1.81,9.7,3.77,3.96,23.96,21.85,18.57,4.56,6.52,1.89,17.27,6.67,4.97,11.67,1.44,13.85,101.15,96.14,0.63,40.46,22.68,7.45,329.81,2.82,11.14,37.49,19.4,0.23,1.78,412.87,6.12,9.81,106.5,13.19,10.3,0,7.88,7.65,8.04,0,13.8,21.26,4.27,6.81,24.76,3.69,11.16,22.39,1.69,6.95,1.44,0.11,14.94,6.33,18.45,15.15,1.44,2.84,77.93,16.43,2.33,0.28,0.05,31.62,0.56,2.31,1.64,10.45,26.99,6.18,35.79,64.37,12.5,0.18,11.54,0.03,16.86,12.95,116.6,0.19,0.1,15.76,3.05,1.31,5.1,1.34,14.28,117.66,17.81,11.31,27.19,0.57,0.87,0.15,951.17,18.61,0,1.63,0,15.47,3.84,0.94,211.67,10.73,0.07,0,0.58,0.21,0.17,0.41,0,6.82,0.18,3.21,0.36,0.15,19.53,0.16
3.88,33.01,71.28,0.07,10.33,33.34,16.22,3.22,18.96,3.32,4.94,133.76,31.29,8.12,10.59,32.66,41.71,17.29,9.45,12.34,6.22,5.84,19.53,10.77,13.71,5.47,5.62,7.08,10.72,9.41,22.86,14.41,2.38,8.1,71.55,62.3,0.34,31.99,8.31,7.46,133.54,17.99,17.75,23.72,26.38,0.04,2.28,309.52,5.47,8.92,51.54,7.09,6.52,0.47,6.96,14.26,7.97,0.5,10.89,12.77,5.22,6.34,43.2,11.6,0.21,16.98,1.77,2.63,0.51,0.08,8.08,1.2,13.84,12.06,1.29,7.52,38.18,17.68,2.35,0.66,0.06,10.45,0.36,3.7,0.28,2.03,20.96,6.77,20.42,29.77,13.82,0.16,6.74,0,11.47,11.8,48.59,0.58,0,4.28,8.36,0.79,8.08,0.88,16.61,75.04,15.21,17.07,24.42,163.03,115.78,105.12,841.26,44.28,60.56,60.86,21.48,17.46,0.52,0.12,96.42,0.96,0.24,0,3.65,0.06,9.54,0.84,6.94,7.69,175.5,1.94,2.42,0,24.09,0.16
3.58,38.56,35.74,0,15.55,31.17,14.36,10.78,22.2,2.67,120.45,1.98,6.6,11.03,12.86,15.64,53.4,9.02,12.26,7.99,5.68,3.48,20.64,8.91,11.22,1.87,2.75,6.57,15.75,4.88,42.26,8.06,0.39,7.94,65.88,92.25,0.24,35.93,7.64,6.32,282.33,1.68,7.66,9.63,6.98,0.1,2.21,281.31,6.33,5.07,30.48,10.37,6.73,0.01,21.51,10.24,4.41,0.04,9.44,16.04,2.51,2.5,17.94,8.87,0.37,15.52,1.68,4.2,1.01,0.03,5.59,1.32,19.9,6.72,0.55,9.55,29.47,11.57,1.55,0.11,0.2,25.81,0.39,2.6,4.26,1.68,14.71,3.92,20.35,28.41,12.67,0.05,3.24,0,8.76,11.29,40.79,0.74,0,2.27,4.2,1.07,2.65,16.17,12.08,56.59,6.31,9.86,8.11,1.39,5.84,1.31,1847.93,18.23,0.28,2.28,0.42,16.71,0.35,0,33.44,2.65,0.03,0.04,1.36,0.05,1.45,0.72,1.42,2.71,1.7,0.94,0.12,0.08,41.94,0.14
2.46,16.86,17.75,0.06,38.77,10.14,4.27,26.23,9.43,0.01,0.18,0,0.03,1.71,3.2,0,33.66,13.48,0.17,4.28,6.69,4.16,17.59,7.8,3.3,0,1.29,0.07,12.95,3.76,26.18,13.25,0.04,3.26,66.08,149.13,0.13,27.69,3.61,4.31,54.58,15.83,9.18,8.93,6.27,0.19,10.77,0.02,6.59,5.84,71.94,1.28,6.4,0.04,7.02,4.54,4.51,0,5.73,15.68,1.16,0.8,0.01,2.79,1.24,14.96,1.05,3.58,1.08,0,2.67,1.79,0.24,4.49,0,0.5,61.94,25.65,1.66,0.21,0,5.12,0.02,3.27,0.01,5.12,14.96,5.27,21.19,35.84,8.4,0,0.43,0,6.46,12.78,17.13,0.28,0,0.6,1.37,1.45,1.77,2.01,2.75,19.35,0.45,7.15,0.01,6.36,16.62,2.64,901.01,308.56,21.79,10.72,0.94,4.87,0,0,0,0,0.22,0,0,0.01,0.49,1.49,0.83,0.27,0.43,0,1.46,0,32.1,0.03
3.93,52.96,63.95,37.6,16.49,44.19,18.37,8.61,31.15,4.64,38.27,26.5,94.67,6.55,19.9,55.57,49.25,10.3,14.51,32.78,7.69,6.1,32.22,16.86,21.44,6.48,4.1,1.89,19.91,5.87,32.4,17.23,1.01,9.71,103.22,89.21,0.55,71.56,12.71,9.9,320.91,20.35,9.73,28.39,17.04,0.34,5.91,480.91,5.12,7.24,137.1,26.36,7.76,0.09,19.13,17.66,7.47,2.44,8.61,21.67,4.38,7.33,78.97,8.44,0,23.03,2.83,4.05,1.85,0.13,8.1,3.2,15.82,7.98,0.71,7,36.17,27.13,2.81,0.7,0.39,29.29,0.14,2.27,4.2,2.51,33.58,7.23,33,49.96,17.25,0.48,7.47,0,12.35,18.17,97.26,1.41,0.01,2.99,3.24,0.88,6.67,2.39,20.27,92.51,14.77,23.84,33.23,0.14,0.76,0.31,211.96,5.38,0.16,1,0.16,19.61,1.21,1.9,301.53,9.71,0.2,0.04,5.25,0.6,1.53,0.48,0.17,7.12,0,6.19,0.26,0,36.55,0
6.63,43.33,66.14,0.09,34.62,42.29,12.19,10.3,34.62,5.19,93.06,3.99,214.09,14.4,24.11,54.53,57.88,16.24,8.84,14.23,9.36,7.27,28.57,12.51,20.49,14.38,5.96,7.01,12.43,10.84,35.72,15.86,2,7.84,121.56,107.61,0.51,55.08,12.5,7.55,393.17,11.06,13.84,21.5,11.89,0.34,5.68,815.73,7.37,9.09,117.77,15.47,6.93,0,26.81,16.95,7.03,0.08,10.87,24.92,7.54,9,138.32,7.89,0.27,19.15,4.15,7.91,1.95,0.16,12.31,3.58,10.36,7.76,2.46,5.2,44.6,22.54,3.84,0.47,0.77,31.65,0.23,4.13,4.51,6.52,18.46,7.14,43.16,41.12,16.75,0.63,14.44,0.02,12.23,15.8,74.11,1.04,0.05,5.25,4.66,1.81,6.64,1.11,11.02,87.25,13.04,17.83,107.63,0.27,0.61,0.1,189.48,4.7,0.1,1.17,0.1,20.8,9.45,4.75,980.23,43.91,0,0.03,4.5,0.02,0.3,0.46,0,26.02,0.45,98.35,2.27,0.13,44.92,0.2
5.44,34.54,55.97,0.08,19.03,48.51,12.4,18.32,43.65,3.35,17.51,4.48,52.89,9.14,19.79,40.52,47.16,7.96,4.93,14.85,7.06,4.58,18.95,13.14,12.47,11.02,4.39,5.6,17.32,12.86,62.12,16.08,1.61,8.32,82.06,103.87,0.91,63.51,16.5,10.87,444.21,1.42,10.42,23.15,10.46,0.41,3.74,736.94,7.89,9.09,78.22,16.06,10.2,0.11,16.85,16.08,4.62,0.31,7.87,23.9,4.59,6.36,105.3,7.21,0.39,21.52,3.25,5.99,2.07,0.16,8.99,4.65,6.08,13.1,2.21,4.87,54.48,25.27,2.6,0.48,0.27,35.13,0.09,2.39,3.76,3.25,19.03,6.88,47.24,35.83,12.17,0.89,12.63,0,9.3,17.72,59.97,0.59,0.05,1.84,5.04,1.14,5.49,3.68,14.91,110.87,7.01,19.31,64.72,0.22,0.84,0,226.64,4.08,0.12,0.64,0,16.71,10.03,0.74,233.65,11.64,0.05,0.03,3.52,0.25,0.52,0.16,0.53,11.41,0,17.97,1.58,0.11,31.61,0.12
4.93,58.54,58.16,0.09,12.47,50.98,9.62,6.51,26.49,3.28,20.92,0.69,33.94,5.71,9.75,53.17,27.42,17.82,5.84,15.32,5.73,5.13,35.82,8.44,9.14,6.83,5.75,3.56,12.57,6.87,21.69,13.57,1.27,7.88,113.27,70.95,0.35,57.36,9.77,10.1,296.31,12.88,7.8,28.59,13.18,1.52,1.7,838.24,5.93,9.96,92.74,13.81,9.77,0.27,22.83,12.32,6.15,0,15.54,18.59,5.93,6.51,53.2,7.28,3.58,26.87,2.55,7.73,2.32,0.14,10.09,4.58,9.37,11.5,3.2,6.84,37.95,14.26,1.65,0.39,0.03,19.16,1.19,2.72,1.11,2.5,22.42,7.21,29.77,26.6,12.73,0.18,11.77,0,13.28,20.96,68.73,0.32,0.07,3.92,2.53,1.58,5.35,2.35,14.57,68.66,8.38,20.18,46.6,0.94,1.43,0.86,108.94,30.56,0.16,0.78,0,16.88,2.25,1,178.07,16.48,0.23,0.04,1.18,0.19,0.32,0.48,0,10.07,0.34,34.37,1.69,0,24.1,0.5
7.79,47.08,65.4,0,22.81,42.62,13.29,3.73,31.27,4.04,90.76,8.81,183.75,17.72,18.83,82.49,62.34,25.1,5.57,10.09,7.55,6.39,28.91,9.32,23.33,17.55,4.95,7.25,10.09,10.86,92.01,16.3,1.47,10.97,145.79,109.13,0.56,47.8,15.06,6.55,458.63,18.08,11.09,22.09,12.37,0.53,3.9,747.81,8.12,7.78,76.63,8.64,9.19,0,26.79,19.7,8.98,0.44,17.58,25.32,7.54,6.64,137.17,11.57,0.5,25.53,4.05,7.92,1.23,0.38,13.1,2.01,7.57,14.48,6.28,7.02,53.02,24.87,3.66,0.43,1.02,41.11,0.39,3.31,2.46,9.02,23.56,6.97,44.24,41.48,15.32,2.45,17,0,13.07,17.71,83.5,1.06,0.17,4.66,4.33,1.64,6.09,1.67,18.53,87.99,7.91,18.74,86.83,0.22,1.68,0,238.19,4.14,0.25,0.78,0,21.93,13.02,2.58,613.84,56.11,0,0.49,5.78,0,2.37,0.5,0.27,20.48,0.28,43.76,3.11,0,36.84,0.24
5.47,67.39,68.74,0.02,35.01,29.12,11.97,9.67,26.9,9.1,46.59,1.46,67.34,11.03,32.84,72.43,42.77,9.49,9.17,32.82,5.48,2.13,31.51,15.07,16.39,8.16,8.59,3.69,12.34,9.8,6.29,10.02,1.58,9.2,134.92,105.66,0.16,83.14,11.55,9.43,414.12,19.14,7.18,19.89,9.55,0.23,9.89,588.65,5.17,12.61,92.25,6.61,8.3,0.12,19.71,5.69,7.4,0.04,7.98,32.99,4.38,5.59,120.82,6.5,0.28,30.26,3.26,7.75,1.67,0.57,9.95,3.1,6.74,6.05,5.45,5.23,36.63,11.98,2.89,1.08,0.09,41.03,0.33,2.39,4.08,1.82,30.16,8.86,29.18,40.73,17.96,0.61,19.23,0,13.4,13.35,81.98,0.92,0.03,15.69,5.37,1.52,5.74,1.67,27.31,99.99,17.26,21.96,64.52,67.73,45.17,36.54,215.42,4.51,27.36,21.4,7.62,12.32,1.76,0.52,100.24,8,0.03,0.02,0.32,0.05,5.38,0.17,5.23,9.76,112.1,25.65,0.79,0,36.63,0.42
6.31,42.16,35.21,0.05,27.27,49.09,12.7,4.77,36.05,4.72,50.63,20.53,115.2,9.73,10.46,49.75,62.04,29.12,9.59,11.32,8.37,8.07,24.93,10.72,11.68,6.09,4.2,3.28,8.62,11.15,135.43,18.56,3.98,8.19,153.31,109.2,0.98,53.88,10.89,9.26,436.45,5.77,11.86,18.95,11.48,0.75,2.65,504.6,5.75,10.57,100.14,9.56,8.69,0.03,28.52,16.45,12.89,0.34,16.67,42.24,5.03,7.48,117.54,11.2,0.21,26.9,4.53,6.62,1.53,0.5,10.02,2.69,14.81,7.15,3.54,9.39,72.11,33.31,2.86,1.15,0.49,39.84,0.19,1.97,3.66,6.92,20.26,6.72,50,53.18,16.33,1.86,13,0,13.46,15.89,67.28,0.52,0.07,4.78,4.23,1.3,4.8,2.42,22.45,73.83,12.48,19.48,44.31,65.68,42.13,28.46,449.49,20.84,14.06,27.18,7.44,19.92,1.82,0.5,166.88,11.98,0.01,0.14,3.81,0.06,6.98,0.83,5.85,11.35,176.57,7.56,1.63,0.08,38.51,0.47
3.62,63.32,40.09,0.05,12.18,33.64,16.51,14.2,42.2,3.25,8.18,2.57,48.21,7.59,12.15,64.04,30.97,7.68,4.5,22.88,4.87,3.47,16.17,5.86,10.7,6.15,5.6,3.07,19.36,5.79,6.97,10.07,1.28,9.71,103.34,77.21,0.23,64.85,13.02,12.11,478.05,16.35,5.26,15.61,6.92,0.05,2.21,578.44,4.4,14.35,96.13,35.61,6.52,0.25,9.15,6.85,3.49,0.25,8.55,26.4,3.91,6.1,53.1,4.88,0.79,21.4,1.99,5,1.25,0.09,5.31,3.37,2.32,7.6,1.83,2.32,22.13,11.31,1.48,0.31,0.08,17.46,0.5,3.53,0.9,2.11,23.12,5.48,36.83,27.71,19.9,0.27,16.17,0,10.92,9.9,65.15,0.77,0,3.03,1.91,1.36,3.07,1.27,11.77,89.06,7.6,14.01,35.94,72,49.03,41.37,808.5,13.32,31.2,23.48,7.03,15.71,0.88,0.08,39.83,1.89,0.02,0,1.35,0.05,7.47,0.76,5.8,9.97,168.82,1.68,0.39,0.03,20.4,0.1
5.51,53.56,64.58,0.02,25.56,46.07,12.12,18.5,36.34,6.8,59.14,5.8,151.46,15.83,32.23,71.17,58.58,21.29,9.52,13.14,9.09,6.81,12.46,10.47,13.44,9.77,4.9,7.1,20.2,15.22,74.82,16.68,1.92,9.97,140.24,121.15,0.99,65.52,12.41,9.93,499.37,5.98,14.79,23.99,12.73,0.38,3.43,855.51,7.35,8.42,116.54,15.8,8.34,0.01,28.54,14.47,6.5,0.02,11.56,28.13,7.25,7.14,105.39,8.61,0.3,25.33,5.22,8.64,2.51,0.73,9.27,2.07,11.75,9.01,4.19,8.75,53.12,30.13,2.9,0.79,0.69,38.06,0.46,2.39,5.02,2.75,21.8,7.85,54.87,45.46,14.72,0.91,17.96,0.03,12.57,16.87,66.68,1.15,0.06,4.57,4.93,1.47,6.56,2.4,15.17,98.05,12.02,12.88,104.92,1.4,3.16,0.69,502.65,10.56,0.18,1.8,0.74,21.09,2.76,0.96,104.7,7.8,0.04,0.11,6.78,0.13,0.58,0.48,0.69,14.54,0.41,3.65,2.42,0.06,38.49,0.73
5.38,52.57,45.21,0.09,18.01,46.97,8.03,13.65,30.87,4.07,17.66,7.67,43.31,4.26,6.58,75.04,55.84,17.03,5.83,12.25,7.23,5.7,27.3,13.36,16.27,4.68,7.92,3.82,13.16,13.59,6.2,14.84,1.72,4.56,109.25,79.2,0.52,50.17,10.85,7.25,322.48,2.34,8.57,17.3,8.02,0.16,3.59,511.92,5.14,7.26,83.39,10.11,5.61,0.06,34.26,24.04,6.85,0.07,14.34,40.67,5.95,9.39,73.1,8.14,0.2,20.8,2.53,7.88,1.53,0.26,6.57,3.47,6.96,5.23,1.97,5.13,49.44,37.4,1.93,0.49,0.04,18.34,0.53,2.48,2.79,1.19,18.42,9.41,38.25,52.7,10.72,0.19,14.8,0,12.46,15.53,69.86,0.33,0.07,3.87,1.19,1.7,3.17,1.62,14.67,86.5,11.81,13.81,27.08,1.5,1.57,0.37,554.66,50.8,0.26,1.71,0.13,16.9,4.64,0.1,49.04,8.53,0.03,0.08,1.63,0.08,0.64,0.93,0.69,13.75,0.28,3.88,1.44,0.12,28.93,0.32
5.98,41.31,68.24,0.05,16.18,38.56,12.41,7.2,35.55,2.13,14.58,8.01,18.47,19.2,12.81,47.47,57.43,9.98,7.06,14.27,7.19,4.64,15.16,7.96,9.3,5.48,4.22,4.6,22.12,18.03,125.63,15.28,1.14,9.09,131.23,66.46,0.67,87.25,19.03,9.73,492.16,7.76,16.12,29.45,12.94,0.25,1.91,489.05,7.49,11.34,112.6,26.2,7.63,0.07,24.62,32.63,9.41,0.11,11.67,42.57,4.73,11.17,59.49,5.81,0.75,26.44,3.88,5.52,2.6,0.23,5.46,2.21,4.09,10.93,0.61,3.34,56.22,23.33,1.5,0.49,0,36.28,0.22,4.11,1.42,3.29,20.81,5.13,68.8,73.71,18.54,1.44,12.29,0.03,15.71,11.85,52.8,0.41,0.05,1.95,3.85,1.23,6.17,1.17,15.04,112.02,23.85,11.86,17.08,1.1,3.2,0.67,554.74,19.11,0.1,1.83,0.21,20.29,4.93,6.22,169.1,685.65,0.02,0.06,2.22,0.44,0,1.21,0.33,6.72,0.57,17.28,1.55,0.03,18.85,0.26
5.09,46.39,32,0.02,16.96,39.59,12.82,7.12,36.83,2.24,3.42,0.8,78.57,12.1,5.89,76.34,43.02,5.79,11.24,8.63,6.19,5.04,23.11,13.43,10.68,22.26,5.15,4.6,21.05,16.85,26.75,13.92,2.08,7.38,119.91,78.45,0.42,60.28,14.51,8.64,575.49,5.5,12.19,14.84,9.73,0.58,1.36,1051.02,6.47,9.2,105.17,20.59,9.03,3.97,21.26,20.52,4.99,0,10.99,27.55,6.63,10.15,108.27,4.57,2.47,17.72,3.83,5.31,1.83,0.17,5.78,5.08,8.7,8.16,2.19,3.26,42.34,23.51,1.57,0.5,0.04,28.78,0.27,2.44,1.92,1.13,16.89,5.68,58.02,32.39,10.5,0.55,16.9,0.01,10.86,16.05,59.42,0.11,0.09,4.53,1.52,1.72,3.1,3.44,12.12,98.1,16.78,15.01,89.17,1.08,2.19,0,513.19,19.5,0.44,1.43,0.23,17.24,6.86,0.08,451.44,53.86,0,0,0.34,0.21,0.93,0.51,0.83,10.19,0.39,9.59,1.3,0.14,19.06,0.22
5.01,33.18,41.58,0.07,9.47,31.77,20.53,12.31,25.51,2.59,13.43,12.29,15.58,4.79,9.42,7.5,27.75,12.67,6.27,7.4,4.87,4.76,13.24,9.22,15.63,2.66,5.29,1.24,25.6,6.37,25.11,16.93,0.96,4.21,65.55,48.77,0.82,43.44,8.97,5.43,240.65,9.41,5.94,13.05,6.72,0.57,3.12,93.2,7.1,6.42,93.29,13.8,7.63,0.15,13.91,16.95,4.06,0.04,5.92,17.25,4.08,6.26,28.91,4.7,1.36,15.39,1.63,5.33,1.77,0.04,6.52,0.93,9.89,8.17,0.35,7.89,15.83,22.01,2.57,1.24,0.02,53,0.99,2.92,4.42,3.06,19.25,6.33,12.72,26.32,14,0.32,7.83,0.01,9.28,11.45,54.45,0.4,0,3.08,8.11,1.43,4.74,1.21,13.42,49.07,9.75,10.17,16.88,68.26,47.28,30.48,382.47,34.49,18.68,26.48,9.65,18.53,0,0,6.55,0.51,0.27,0.09,0.47,0.02,17.97,1.63,8.43,5.69,152.44,0,2.03,0.14,25.37,0.39
3.02,15,20.58,0,4.27,17.96,14.41,30.45,19.42,1.31,14.73,0,0.82,2.28,6.33,3.99,25.29,4.87,3.99,2.71,1.75,3.72,3.55,4.47,13.57,1.93,3.71,3.18,10.98,9.12,9.17,9.96,1.17,1.32,17.07,29.09,0.49,6.44,3.37,2.51,42.9,8.44,4.47,11.68,7.09,0.07,3.5,11.48,6.3,2.68,16.75,2.85,3.04,0.2,6.84,9.52,1.78,0,3.31,7.37,3.2,2.35,20.06,3.25,0.09,6.55,0.3,2.04,1.11,0.02,4.49,0.68,3.1,2.07,0.36,5.11,19.41,7.15,0.7,0.21,0.22,31.69,1.65,0.75,0.75,2.75,15.78,3.28,8.92,14.45,6.94,0.04,2.65,0,5.05,3.29,15.81,0.62,0,2.58,0.37,0.64,2.46,0.92,7.27,13.59,3.67,3.9,0.78,47.54,31.2,14.17,272.65,99.62,5.27,17.81,5.39,8.73,0,0,4.41,0,0.12,0.09,0.03,0.04,48.43,1.16,15.66,8.33,209.84,0,0.77,0,9.46,0.15
6.67,36.31,78.54,0.22,13.93,25,6.38,9.2,28.36,2.74,8.53,2.19,35.08,8.86,18.93,35.74,39.6,10.96,3.64,9.68,4.75,4.73,21.49,9.92,18.52,7.28,6.92,1.7,17.42,9.42,11.08,13.82,1.14,5.83,76.24,74,0.11,41.7,11.62,15.77,316.79,24.76,7.75,25.79,15.87,0.31,2.51,513.77,3.47,6.42,131.35,11.94,8.38,0.02,36.83,10.65,13.91,0.02,10.27,25.82,4.87,5.48,94.8,8,4.32,32.97,2.11,5.07,1.64,0.2,6.81,1.77,5.56,13.78,1.21,7.81,38.3,22.2,1.89,0.56,0.07,19.59,0.24,1.22,0.22,2,23.08,6.25,24,32.55,10.07,0.38,14.41,0.02,12.08,17.21,46.99,0.27,0.04,2.09,1.61,0.9,4.86,2.35,22.58,86.57,14.25,13.22,20.88,0.41,0.64,0,323.5,19.48,0.27,0.79,0,16.45,2.37,0.13,54.37,7.18,0.09,0,0.61,0.28,0.29,0.75,0.5,9.85,0.1,2.28,0.6,0,23.13,0
12.36,30.1,72.26,0.71,30.63,42.98,13.1,3.35,27.26,19.07,18.85,6.89,50.83,11.71,9.55,97.13,28.78,9.87,7.78,6.83,5.87,7.72,20.72,11.62,13.26,50.28,5.41,10.24,19.27,11.27,33.31,18.6,3.42,6.51,59.31,64.33,0.36,41.4,9.37,8.11,237.61,17.69,10.64,22.58,9.16,2.52,1.45,220.04,9.52,8.75,145.39,20.28,6.99,0.14,24.81,76.16,5.85,0.11,11.86,32.78,25.51,15.61,383.24,6.68,0.38,21.9,5.01,5.11,2.8,0.13,12.49,2.76,16.53,7.41,3.04,10,23.91,23.11,3.52,0.21,0.09,51.29,1.25,3.21,4.05,5.06,24.72,8.71,40.5,33.06,17.61,0.46,17.16,0.01,13.99,14.53,65.23,0.79,0.14,3.89,4.46,1.23,7.83,3.43,16.43,58.27,6.15,17.12,21.34,64.81,39.25,31.11,377.99,2.64,18.46,26.74,10.58,20.82,0.09,0.11,75.09,2.62,0.1,0,1.91,0.18,7.91,1.57,4.08,33.56,94.48,1.81,2.21,0.09,26.69,0.28
4.74,45.32,33.57,0,17.03,47.44,6.98,22.12,24.96,1.42,3.46,0.56,9.54,4.33,8.73,24.45,38.23,6.56,8.93,10.54,7.53,6.39,19.32,10.93,7.59,4.11,3.8,4.83,23.31,13,82.31,19.35,1.11,6.48,104.85,83,0.49,58.58,12.29,6.53,265.87,29,8.5,26.74,9.85,0.19,1.71,427.19,7.32,7.54,73.69,15.38,6.38,0.33,23.19,18.56,4.7,0,11.97,16.22,3.62,6.6,22.61,10.64,3.03,19.85,2.53,5.05,1.09,0.01,4.79,1.32,2.99,10.05,0.46,25.61,36.58,24.97,2.34,0.24,0,28.68,1.63,2.19,1.29,1.71,20.75,6.56,26.52,35.34,9.29,0.1,6.22,0,12.94,19.81,65.32,0.3,0.03,2.36,6.41,0.78,4.84,3.1,17.73,64.54,7,13.47,44.23,0.35,0.02,0.19,314.11,21.29,0,1.02,0.2,22.48,2.01,0.88,46.82,3.75,0.31,0,0.36,0.1,0.83,1.02,0.43,4.92,0,1.62,1.78,0.06,41.27,0
6.51,21.24,24.12,0.29,12.36,23.64,11.07,32.03,24.53,9.72,4.71,3.55,36.2,3.6,3.59,48.54,22.93,2.07,3.54,4.55,3.5,4.5,7.75,6.03,8.67,11.49,10.06,3.35,17.03,7.33,2.17,12.23,1.13,4.44,37.94,21.59,0.29,17.7,7.31,8.94,120.44,21.85,5.99,15.1,8.12,0.13,0.65,190.18,8.59,6.5,47.43,18.09,5.17,0.12,8.88,16.73,4.06,0.07,6.88,24.52,9.64,7.19,139.28,2.43,5.15,8.79,1.76,3.46,1.02,0,5.04,1.53,1.86,4.57,1.18,4.49,10.87,16.5,2.11,0.21,0.05,42.12,1.76,1.34,0.09,4.09,15.2,4.8,14.22,18.62,11.18,0.26,10.99,0,7.85,11.54,43.66,0.36,0.05,4.13,0.91,0.86,2.36,0.75,8.54,38.57,4.7,12.73,15.09,17.5,11.14,7.89,1288.52,46.23,2.6,12.87,2.92,13.92,0,0.2,12.69,0.52,0.16,0,0.05,0,16.7,2.42,3.05,11.48,24.55,0,0.49,0,7.36,0
8.48,45.03,44.75,0.09,14.87,53.84,9.02,8,26.8,3.77,16.27,3.61,78.77,7.93,2.86,45,35.26,29.51,5.87,9.05,4.47,3.73,38.29,9.15,10.58,9.55,5.93,4.2,20.68,14.69,35.94,12.1,1.42,7.3,153.08,84.17,2.08,49.27,11.31,8.99,242.71,0.78,6.5,19.54,8.63,0.23,6.4,675.08,5.51,9.92,220.92,12.32,7.69,0.07,29.96,23.74,8.64,0.03,12.13,22.06,4.68,5.77,106.27,6.55,6.58,26.52,2.7,4.65,1.13,0.12,5.69,2.64,9.66,6.28,0.9,9.14,55.84,18.87,1.13,0.48,0,24.97,0.84,3.04,2.57,1.65,21.55,8.87,39.13,37.41,12.58,0.18,17.88,0.07,12.75,19.85,59.54,0.46,0.01,1.93,5.85,0.86,3.64,1.06,17.15,79.3,10.14,27.85,60.65,0.83,1.48,0.25,429.02,23.1,0.23,1.02,0.13,23.19,0.68,0.69,40.67,9.95,0.23,0,1.85,1.07,0.42,0.69,0.25,8.73,0.44,1.39,4.03,0.08,28.64,0.39
4.23,55.03,72.21,0,20.71,44.3,6.66,13.54,19.61,2.26,46.75,10.58,22.86,14.85,11.08,12.34,106.18,26.91,11.86,7.7,8.03,5.59,21.87,14.73,19.73,2.62,4.01,6.21,13.65,6.5,90.28,17.3,0.27,5.2,187.74,135.24,1.07,117.65,13.88,4.9,248.2,18.21,10.65,14.2,9.7,0.03,7.43,208.94,6.67,5.42,40.59,9.64,10.22,0.09,24.68,18.91,9.51,0.34,14.77,16.2,4.16,11.08,21.35,8.15,0.04,28.1,2.24,5.3,0.78,0,9.53,1.54,5.24,12.21,0.31,6.23,71.88,35.51,5.32,0.11,0.13,38.36,0.57,2.15,12.75,2.55,19.43,6.58,35.13,48.95,9.31,0.09,1.73,0,11.33,13.87,67.41,1.43,0.01,3.81,4.51,1.75,3.65,2.02,24.62,106.15,11.97,16.88,20.84,0.23,0.75,0.12,145.98,44.9,0,0.95,0.54,19.97,3.65,3.31,197.14,13.87,0.31,0.15,1.24,0.1,0.41,0.84,0.14,1.92,0.29,2.05,0.66,0,34.89,0.26
7.23,34.26,38.53,0,5.8,20.4,16.46,7.91,19.13,1.48,8.34,0.57,5.36,1.27,6.27,5.27,30.59,4.91,3.58,5.13,2.08,4.6,10.58,5.21,18.72,0.8,4.61,0.53,34.5,8.75,31.18,9.85,1.67,1.38,64.62,32.55,0.84,12.33,7.8,3.57,151.39,9.35,7.24,12.39,7.21,0,0.24,23.99,7.17,3.64,110.65,9.2,5.99,0.27,9.45,15.05,3.72,0.32,5.01,6.8,3.29,6.97,20.73,5.08,3.63,8.52,0.51,2.61,0.73,0,5.63,0.83,3.04,7.43,0.59,3.26,18.03,13.47,2.14,0.57,0,33.26,2.11,0.65,1.28,4.18,14.77,6.13,10.17,18.91,9.09,0,4.22,0,8.44,10.85,55.78,0.53,0.11,5.75,4.11,1.47,2.43,2.02,6.44,39.88,4.49,6.43,6.33,31.29,28.34,6.59,1532.47,130.62,4.62,19.03,3.54,9.56,0,0,27.83,3.12,0,0,1.78,0,15.75,3.09,4.96,6.16,231.79,0.88,0,0,7.15,0
6.89,38.23,49.74,0.05,12.76,31.28,11.01,15.63,21.03,2.65,13.86,0.22,45.22,2.36,9.63,49.92,30.91,5.99,4.9,5.45,3.16,4.63,16.23,7.93,15.21,3.38,7.33,2.47,25.52,14.17,0.77,14.75,1.31,2.78,54.29,29.18,0.13,24.23,6.08,4.5,148.89,11.37,6.65,16.83,7.46,0.23,1.16,819.81,4.91,5.15,104.79,18.3,3.77,0.11,9.23,19.15,2.69,0,5.38,21.12,3.81,7,42.14,3.7,0.63,8.19,1.91,4.75,0.92,0.08,5.98,2.13,5.94,6.74,2.31,4.87,16.05,13.57,1.64,0.35,0.12,23.51,1.69,0.56,0.69,2.58,12.1,6.85,25.35,21.41,9.03,0.21,14.35,0,8.38,8.75,65.76,0.26,0,2.32,2.75,0.97,3.3,1.63,9.1,53.58,8.89,9.12,52.62,32.96,21.97,11.11,1165.69,38.29,3.56,17.62,8.05,14.76,9.11,2.39,90.74,6.66,0.11,0,1.25,0.36,19.02,0.9,3.2,5.8,49.24,8.78,0.63,0,22.8,0
2.95,42.41,63.95,0.32,22.66,30.36,10.47,11.32,20.61,0.81,18.41,0.58,8.73,7.32,8.96,15.59,46.62,11.63,0.73,10.7,4.73,2.98,55.15,19.02,15.55,0.9,2.36,1.79,20.81,10.15,1.35,14.73,1.19,15.79,94.15,102.4,0.5,38.39,13.24,5.67,251.72,13.52,7.11,29.1,16.51,0.59,2.43,508.84,4.13,12.09,89.2,30.63,6.3,0.05,12.61,10.49,25.35,0,8.91,24.22,3.72,3.69,30.21,5.69,7.49,23.5,1.36,3.92,1.06,0.01,7.76,2.94,32.21,3.63,0.35,2.9,67.84,25.02,2.43,0.25,0.02,7.75,0.05,3.4,1.21,2.12,23.05,6.02,33.16,97.82,13.74,0.08,6.69,0,8.96,11.77,62.95,0.12,0.01,3.58,2.1,0.48,3.12,1.46,9.04,69.6,10.26,19.83,12.33,0.43,1.41,0.46,539.59,21.83,0.12,2.25,0.49,15.54,3.41,0.09,42.21,2.08,0.12,0,0,0.17,0.76,0.71,0.58,1.83,0.54,1.18,1.22,0,23.99,0.06
