"MAP3K14","KDM5D","ATP2C1","ARNTL2","RAB27B","DSG2","POLQ","LAMA3","DLX3","DMRT3","SEC61A2","TRO","PRR11","MAP2K7","ZNF324","ZNF671","EZR","KLHL22","UPB1","RIN3","SALL4","RSPO4","FERMT1","OIP5","CRTC1","AVL9","CDK6","MET","WASL","MTMR4","OSBP","SLC35F2","ZNF346","SMC4","DHCR24","APOA1","KIF14","TRIM67","TMEM175","LRP3","ACAP3","TOP2A","PUM1","MICAL1","ANP32B","UBL7","DEF8","RNF157","SEMA6C","C1QL2","EIF2A","NCEH1","C7orf50","MAL2","FAM83A","INCENP","MPZL2","EPS8","PTPN14","SLC6A1","RNF166","TUBBP5","U2AF1L4","RACGAP1","SCNN1D","FAM160A1","ITGA2","RAD21","HDX","REEP3","MYO5B","MLKL","NMD3","CKAP2L","PDCD6IP","ARMC10","ZNF296","PRPF8","KCTD13","MRPS22","RAB6A","CCDC57","ZNF404","ANAPC2","ZNF575","CLK3","GPC5","GIPC3","D2HGDH","SLC26A11","DDX60L","ZNF467","SIAH2","ZNF708","ANXA2","LCK","FAM43A","UBE2H","S100A16","FBF1","EVL","MIER1","OXCT2","SPRN","GPRIN2","ZBTB48","PCDHA1","SERPINB5","SYT3","LTC4S","HERC2P4","MIR155HG","RBM14","ASPRV1","TP53TG3B"
1.95,0.15,49.68,13.46,40.57,76.24,0.92,35.24,0.02,0.03,1.06,0.91,6.28,3.96,1.94,1,280.01,5.91,0.1,3.99,0.73,0.01,17.26,3.85,1.52,18.43,13.37,25.62,19.57,13.34,23.03,19.51,3.04,15.92,92,0.05,1.83,0.01,6.1,1.7,3.14,20.94,29.66,7.95,14.24,14.14,11.58,1.2,0.22,0,47.78,28.94,16.7,109.29,6.76,7.04,56.09,21.63,7.96,0.33,3.63,2.27,3.05,7.79,0.22,4.39,28.44,79.99,1.61,22.5,64.92,8.26,25.4,2.79,57.01,21.03,0.58,34.49,2.34,21.45,41.84,9.09,0.93,3.42,0.23,13.6,0.5,0.47,5.76,2.11,24.83,0.62,7.15,4.59,857.4,1.6,1.54,23.02,58.2,1.72,9.41,20.53,0.12,0.07,5.76,3.42,0.01,7.13,0.08,3.3,0.18,0.21,5.8,0.53,0
2.42,6.5,44.4,27.46,7.65,59.98,0.92,178.13,0.04,0,2.06,2.01,2.27,5,3.16,2.18,145.85,4.05,0.24,5.73,2.33,0,38.11,0.97,1.74,24.47,27.05,81.17,30.18,5.25,13.67,3.89,3.69,18.61,24.73,0.11,2.13,0.02,4,2.82,4.31,11.55,30.11,10.62,19.49,6.53,14.04,0.84,0.42,0,47.38,12.27,18.38,87.6,5.5,7.11,30.27,62.89,7.08,1.28,5.17,0,2.35,7.76,0.43,8.38,138.48,62.17,2.06,43.46,10.73,11.96,33.93,1.98,75.84,42.94,0.22,31.28,4.47,15.94,52.04,9.57,2.02,3.61,0.2,13.48,0.01,0.65,4.76,2.15,19.42,0.61,8.52,8.3,704.86,14.21,2.18,40.71,70.89,1.63,17.43,26.48,0.54,0.06,2,6.21,0,81.27,0,0.51,0.63,0.9,9.58,0.31,0.02
0.79,3.93,50.42,14.7,5.32,36.01,0.63,261.02,0.05,0.02,0.62,1.94,4.91,3.13,2.5,3.13,202.79,7.68,0.07,2.79,2.95,0,17.8,1.63,1.09,22.33,13.57,35.64,21.79,4.1,14.43,7.64,2.33,13.76,24.62,0.76,2.15,0.02,4.08,5.83,2.98,19.12,27.41,8.04,10.49,9.6,19.05,0.94,0.69,0,45.22,21.09,22.79,59.8,0.43,8.5,23.1,55.93,9.6,0.23,4.7,1.24,3.15,9.41,0.19,2.95,82.51,43.96,0.99,31.8,5.36,5.9,24.07,2.23,50.46,19.72,0.27,26.63,1.22,14.63,60.66,5.33,0.67,3.04,0.22,12.34,0.15,0.3,2.72,1.22,13.01,0.52,9.03,3.36,946.01,2.97,0.93,30,127.29,1.2,17.29,18.8,0.22,0.12,1.42,4.48,0,14.34,0.13,0.93,0.28,0.38,6.52,0.22,0.11
3.84,6.26,67.82,58.4,6.01,82.77,2.51,314.97,0.59,0.01,1.84,2.42,8.66,3.9,2.91,1.61,304.07,6.87,0.18,4.17,1.7,0.42,12.97,2.72,1.05,22.66,50.05,41.57,11.98,11.99,13.31,10.67,5.02,23.19,17.81,0.04,3.16,0.02,6.13,10.45,6.59,26.08,32.37,10.18,15.08,13.87,19.35,1.9,0.83,0.12,46.95,19.5,44.81,84.1,43.83,5.64,20.96,64.1,20,0.4,7.2,0.45,4.08,9.11,0.33,4.35,124.21,61.48,1.21,33.89,16.49,8.14,31.5,4.54,44.71,17.06,0.46,36,3.85,24.31,50.44,13.89,1.03,5.62,0.19,19.05,0.08,0.46,4.36,4.47,16.46,1.67,12.01,2.98,1936.29,5.9,3.9,28.51,136.44,2.41,13.68,21.06,0.51,0.11,2.57,3.92,0.19,41.2,0.14,0.89,1.45,0.87,10.55,0.21,0
1.88,0.02,38.07,11.8,15.81,125.83,0.69,119.24,0.58,0,1.58,0.55,3.54,4.3,2.35,0.45,227.42,3.58,0.08,3.1,0.45,0.01,23.65,1.12,1.68,12.88,13.39,232.35,11.69,5.45,14.67,9.89,3.23,11.04,18.02,0.35,0.84,0.01,5.3,1.29,3.35,10.69,14.52,5.64,15.95,7.41,13.55,1.46,0.26,0,28.93,12.17,13.33,213.52,72.05,5.87,30.87,88.02,6.35,0.2,1.8,0.64,0.95,12.65,0.04,2.22,70.98,73.17,0.66,39.88,14.53,11.26,26.57,1.46,73.4,15.99,0.45,28.53,2.36,24.02,36.07,8.5,0.84,3.52,0.18,6.88,0.01,0.34,3.81,1.51,5.42,1.3,9.81,2.71,837.02,14.86,12.89,13.21,51.52,0.81,4.68,8.23,0.03,0.01,2.86,3.08,0.02,57.33,0.07,0.5,0.32,0.26,8.91,0.29,0
2.93,0.1,21.28,14.29,2.46,20.41,3.15,59.91,0.16,0,3.11,1.01,3.83,9.73,3.38,1.15,84.08,4.76,16.51,10.72,0.85,0,40.64,0.73,5.34,19.95,13.22,48.66,16.55,9.35,14.51,5.2,7.34,35.33,36.07,958.07,1.64,0.01,9.65,6.36,16.56,8.88,25.57,21.5,47.31,4.85,14.6,5.2,1.02,0,27.85,4.81,26.83,29.14,9.14,8.83,16.61,46.95,10.06,3.81,6.33,2.69,6.77,4.67,1.27,10.43,50.7,30.44,0.4,21.62,14.47,15.33,17.16,1.93,72.14,17.7,0.55,31.38,10.85,10.9,27.02,41.62,3.68,16.7,0.58,18.41,0.02,0.71,15.74,6.42,39.06,0.59,5.95,13.04,364.77,3.04,3.26,38.38,34.39,3.41,12.75,19,0.41,0.2,10.22,11.66,0,26.49,0.03,0.21,2.19,0.84,18.13,0.59,0
1.95,9.47,53.46,11.03,10.43,47.88,2.39,31.06,0.05,0,1.47,3.56,3.64,3.23,3.84,3.08,96.29,6.64,0.39,3,1.46,0,13.45,2.34,1.98,14.56,9.04,49.9,24.13,6.53,13.71,5.87,5.11,21.6,17.05,13.88,1.68,0.02,5.01,3.5,3.44,25.81,24.54,6.2,21.44,7.53,8.72,5.76,0.88,0,33.24,10.48,15.39,118.07,0.97,6.21,40.93,58.35,9.04,0.68,4.49,1.36,5.28,13.17,0.14,6.33,45.21,63.38,2.22,22.18,10.51,4.1,23.71,3.8,52.13,18.93,0.29,38.23,2.58,18.43,32.64,10.72,3.82,5.65,0.68,9.85,0.54,0.56,3.33,2.07,9.85,0.71,8.61,8.53,830.91,2.87,1.87,38.54,49.65,2.26,14.63,20.01,0.49,0.13,4.88,3.69,0.22,32.64,0.1,1.04,0.7,0.44,8.49,0.68,0
9.68,0.21,34.59,60.88,38.21,54.59,3.07,417.91,0.1,0,1.17,0,15.41,5.73,3.83,0.01,213.24,4.97,0.05,1.17,0.04,0,15.17,5.14,2.57,23.78,136.09,78.98,75.38,8.79,30.71,30.27,3.39,18.02,12.38,0.02,7.42,0,4.14,3.8,9.51,52.7,27.94,1.49,16.43,7.85,16.46,0.61,0.38,0.11,61.39,7.18,18.76,176.13,20,13.34,51.42,15.22,23.55,0,3.03,0.05,6.04,41.85,0.34,6.77,102.36,104.51,1.78,19.28,20.47,5.34,35.71,2.47,41.8,25.16,1.33,50.64,2.75,65.44,75.61,7.23,0.07,2.75,0.02,23.44,0.01,0,7.01,2.65,26.26,4.34,13.49,2.05,1275.22,2.59,6.52,74.45,274.01,2.71,2.73,11.08,0.07,0.06,3.52,11.34,0.01,96.64,0,0.56,1.7,0.11,12.09,0.1,0
3.99,1.52,8.96,3.72,0.33,1.96,1.67,0.12,0.04,0,2.11,0.08,16.97,4.03,1.29,1.67,32.22,2.12,0.03,0.72,0.22,0,3.45,4.81,0.51,5.29,2.42,23.19,3.69,3.68,4.71,20.49,3.07,27.08,18.4,0,2.96,0.01,2.17,5.12,1.61,39.99,18.85,3.91,20.04,9.78,19.97,0.23,0.25,0.01,25.92,5.86,43.24,0.26,0.03,10.11,0.04,1.28,5.32,0,2.63,0,3.27,63.59,0.2,0.29,18.17,46.8,1.58,5.75,0.02,0.69,16.86,4.99,16.96,9.84,0.55,13.68,1.76,29.41,15.25,4.83,0.39,7.41,0.03,8.37,0.01,0.03,1.47,1.62,1.43,0.3,5.07,1.11,447.47,0.03,0.54,12.76,1.09,1.97,2.26,6.36,0.01,0.2,0.19,3.88,0,0.08,0.12,0,0.22,5,16.17,0.03,0
2.96,6.1,75.96,31.91,13.65,25.23,2.7,106.46,0.01,0,1.69,1.1,8.15,3.4,1.82,2.33,197.6,6.7,0.05,3.07,1.78,0,10.01,3.65,1.24,17.83,17.52,81.73,22.7,15.55,17.28,4.75,3.44,37.81,60.67,0.14,3.9,0,4.64,4.59,2.19,43.51,27.01,5.06,24.62,9.7,7.72,1.28,0.93,0,47.61,35.45,19.31,183.28,3.38,9.62,36.97,61.33,11.88,0.1,3.53,0.82,1.97,18.21,0.09,5.49,69.07,75.22,2.53,51.12,13.85,7.24,36.55,5.41,54.81,25.17,0.34,42.34,1.95,30.91,67.21,7.11,1.53,6.72,0.07,10.95,0.25,0.52,1.55,1.32,22.22,1.82,17.58,4.3,541.28,6.29,2.49,40.49,117.13,1.38,8.97,25.98,0.21,0.05,6.73,3.25,0.02,9.99,0.06,1.19,0.26,0.62,10.43,0.23,0
5.72,0.23,37.47,28.21,3.64,20.64,5.2,45.09,0.21,0.01,2.47,8.4,7.54,8.16,2.8,2.08,55.06,12.84,2.66,5.11,10.08,0.2,10.33,1.67,6.15,13.51,22.51,48,19.85,10.4,13.12,8.45,9.35,22.64,10.54,0.15,2.44,0.05,12.93,5.78,18.01,20.29,28.12,13.09,21.94,9.51,22.6,3.33,1.62,0,31.55,9.94,16.88,23.21,3.65,4.55,20,26.25,34.74,1.9,9.13,0.73,7.89,8.28,2.04,17.24,37.04,49,1.92,27.64,6.48,11.33,25.83,2.78,36.85,20.56,0.5,37.74,11.2,15.71,38.26,98.12,1.6,17.5,0.63,28.16,0.19,0.46,31.56,11.9,8.56,1.25,8.2,9.59,612.92,3.71,1.67,36.43,31.5,13.77,30.96,20.24,1.02,0.22,1.78,9.57,0.05,10.2,0.19,1.76,7.83,0.95,17.74,0.51,0.02
1.42,0.09,11.35,26.23,5.28,37.25,1.96,59.36,0,0,0.67,0,11.11,5.25,1.36,0.68,299.52,1.8,0,0.14,0.05,0,7.68,4.36,0.62,5.5,10.24,61.22,5.2,2.78,5.75,24.13,2.94,21.66,50.99,0.04,1.9,0,2.92,0,3.36,24.68,21.9,2.18,7.81,7.34,16.95,2.41,0.09,0,37.59,27.52,29.3,102.11,21.32,7.88,35.68,22.36,4.83,0,2.93,0.61,5.11,45.36,0.1,1.45,17.71,19.01,0.32,11.11,6.53,5.99,18.03,4.44,19.82,9.15,0.11,9.02,0.92,37.47,28.96,14.09,0.61,3.89,0.07,8.33,0,0,4.01,0.3,12.87,0.08,5.77,0.38,914.11,4.13,0.49,18.31,141.47,0.86,0,7.06,0.02,0,1.78,3.04,0,22.84,0,0,0.08,0.07,14.74,0.37,0
2.96,0.05,29.22,24.81,6.07,51.32,1.72,66.58,0.82,0.08,1.56,2.2,7.89,5.88,1.77,1.23,349.48,4.82,0.37,2.35,2.02,0,12.61,1.69,1.24,20.81,18.23,82.56,24.39,10.13,17.88,7.63,3.61,16.86,21.44,0.33,2.7,0.03,3.57,2.27,3.7,27.97,24.49,5.53,25.34,7.38,13.17,1.44,0.96,0.02,31.33,14.74,16.04,133.43,49.54,9.15,37.01,62.57,11.46,0.62,3.56,0,2.66,11.58,0.33,4.62,29.34,73.11,0.51,38,10.36,8.29,25.14,3.09,68.58,21.24,0.52,44.14,2.29,15.39,40.99,17.56,0.88,4.14,0.19,10.21,0.02,0.29,4,1.89,15.7,0.51,8.71,4.15,933.33,5.97,2.58,43.39,98.29,1.1,14.18,16.45,0.15,0.08,1.11,3.87,0.01,14.76,0.15,0.25,1.41,0.68,9.51,0.2,0.08
3.83,14.5,38.77,13.42,6.85,68.59,1.24,331.55,0.31,0,3.49,3.32,4.15,4.49,3.32,1.44,180.12,4.56,0.35,6.28,2.55,0.01,69.79,1.97,1.98,41.84,25.88,45.35,30.21,6.75,26.54,19.95,4.77,31.41,32.67,0.58,2.3,0.08,4,2.41,6.66,10.87,32.46,9.96,37.4,9.59,11.21,1.39,0.78,0.01,43.93,18.41,28.08,77.74,13.75,8.25,55.44,49.78,9.88,0.56,3.46,1.3,3.17,9.75,0.62,3.94,80.31,54.24,2.43,36.3,36.73,10.65,33.95,2.73,55.07,24.15,0.76,40.26,6.74,12.95,66.9,13.72,0.96,6.84,0.32,17.62,0.19,0.75,2.4,2.98,28.37,2.15,10.1,8.42,1642.19,2.61,3.04,42.14,78.6,1.44,14.15,22.17,1.26,0.07,1.55,5.14,0.03,76.06,0.02,0.47,3.39,0.44,11.13,0.26,0.02
0.75,7.61,24.65,15.74,3.73,224.38,2.62,147.77,0.02,0.05,1.48,1.27,12.29,2.09,1.38,1.32,41.94,5.47,0.11,2.23,2.5,0,23.31,7.17,0.35,14.69,7.89,17.15,11.45,7,9.89,8.12,3.86,34.36,8.77,0.7,7.22,0.01,1.43,0.4,2.42,71.67,13.78,3.34,17.31,7.64,8.53,0.5,0.35,0,47.51,6.2,14.11,88.24,30.68,6.54,34.47,14.33,5.75,0.58,2.42,0,2.16,25.23,0.2,1.69,33.03,93.41,0.91,29.54,1.48,13.73,31.07,12.56,45.03,18.63,0.12,24.01,1.61,49.68,21.55,8.72,1.18,2.96,0.11,8.94,0.02,0.22,1.71,0.99,13.06,0.43,7.2,3.64,1176.01,1.98,0.84,15.11,163.97,1.26,7.69,12.3,0.13,0.02,0.11,2.88,0.01,42.14,0.04,0.03,1.15,0.67,6.73,0.28,0.01
1.89,0.07,42.28,18.33,6.28,35.91,0.85,27.61,0.1,0,1.36,1.85,3.06,4.21,2.53,1.26,126.15,5.13,0.3,3.81,1.91,0,16.52,1.24,1.7,15.79,22.62,48.15,27.38,10.03,20.07,8.53,3.36,17.83,31.78,5.07,0.77,0.05,4.97,3.58,3.03,8.45,25.75,4.18,27.63,8.39,10.99,1.62,1.01,0,41.68,22.56,12.64,93.06,2.67,6.22,39.61,54.39,14,0.96,4.45,0.11,2.88,6.59,0.29,3.49,68.72,43.86,1.44,51.42,15.39,10.33,35.15,1.37,16.07,20.11,0.71,32.1,3.09,17.71,43.29,10.83,0.18,4.29,0.19,11.29,0.12,0.54,3.83,1.34,8.16,1.56,11.81,4,866.36,1.07,1.8,43.21,72.67,1.87,12.22,23.29,0.5,0.05,2.35,4.39,0,12.87,0.52,0.89,0.35,0.46,7.32,0.31,0
2.5,14.04,40.46,3.53,19.24,59.36,0.68,56.61,0.06,0,1.51,1.25,1.48,5.64,3.3,0.92,327.45,3.36,0.24,1.53,2.24,0.01,18.71,0.4,2,15.95,13.05,32.87,23.2,5.6,27.88,5.62,4.01,15.42,80.51,1.04,1.05,0.03,3.64,1.85,5.4,59.13,36.51,10.94,15.7,9.43,8.56,2.16,0.61,0.01,34.09,14.85,14.44,81.36,5.04,6.53,37.62,41.02,10.74,0.22,3.93,1.57,2.32,9.43,0.17,3.96,34.59,38.76,0.8,29.95,16.59,8.05,29.4,1.1,68.46,18.03,3.18,34.24,4.5,15.21,40.64,15.07,0.71,3.74,0.14,17.95,0.2,0.18,4.68,1.35,7.8,0.46,9.97,3.72,519,32.7,1.72,24.05,89.37,1.96,6.21,18.15,0.07,0.02,4.75,6.18,0.03,50.42,0.02,2.14,0.35,0.14,10.68,0.7,0
1.41,0.03,32.3,6.01,6.69,72.79,0.59,25.12,0,0,1.67,0.27,2.28,5.8,4.86,0.32,103.63,2.92,0.12,2.3,0.21,0,53.37,0.79,1.4,32.61,28.07,102.2,20.11,4.94,17.84,2.94,1.87,12.31,51.56,0.26,1.85,0,4.46,1.84,2.58,17.67,28.39,3.42,10.56,7.29,11.18,0.7,0.32,0,48.64,15.12,30.22,95.03,0.85,5.93,21.4,22.04,9.54,0.11,3.72,0,6.72,9.69,0.13,2.93,43.58,33.16,0.28,33.28,17.58,4.52,26.17,1.7,50.07,32.3,0.84,22.96,2.27,24.81,40.22,10.31,2.38,3.1,0.25,6.5,0,0.14,7.4,0.79,3.48,0.56,8.16,2.73,513.81,10.48,5.97,29.84,179.64,1.89,2.57,14.5,0.08,0.05,3.08,5.01,0,19.85,0.03,4.14,1.03,0.02,6.12,0.61,0
1.56,0.09,31.44,10.03,9.47,34.7,0.77,63.62,0.01,0,1.76,2.16,1.52,3.57,2.55,1.71,99.47,4.83,0.35,6.34,0.87,0.01,40.53,1.47,1.28,17.48,19.71,40.43,15.6,4.93,16.47,12.31,3.35,9.46,49.35,0.19,1.26,0.05,6.24,6.86,4.82,9.02,23.84,7.54,12.57,8.55,14.09,5.41,0.35,0,21.81,12.09,26.31,57.53,1.25,7.58,22.56,44.04,10.1,0.56,6.85,0.61,4.19,8.01,0.55,1.52,71.98,26.68,0.96,17.54,15.18,6.73,17.82,1.49,45.83,18.4,0.22,27.66,3.47,12.34,28.23,12.1,0.53,5.25,0.37,15.05,0.11,0.45,4.16,1.84,10.2,1.66,8.48,1.57,1385.64,6.27,2.2,34.25,119.92,2.29,13.48,18.45,0.31,0.11,1.9,6.49,0.15,35.88,0.28,1.7,1.67,0.11,8.86,0.51,0.01
2.54,0.13,29.32,18.44,5.51,58.56,1.28,120.67,0.11,0.04,2.53,2.47,3.68,3.54,2.71,0.66,139.89,4.95,0.28,3.99,5.24,0.05,16.19,2.16,3.33,17.15,29.34,40.45,11.79,5.39,18.41,5.75,4.08,10.38,27.12,0.03,0.91,0.05,6.55,4.63,7.42,11.8,26.09,3.76,17.84,9.36,20.12,0.42,0.65,0.03,19.83,9.02,29.13,64.11,24.25,9.9,50.54,24.43,15.98,0.44,5.32,1.32,4.33,10.25,0.41,4.26,50.38,33.85,0.98,19.69,8.89,4.88,17.89,1.65,36.19,18.54,0.91,27.46,3.39,11.85,36.41,14.59,0.8,7.17,0.38,18.48,0.01,0.21,6.82,1.78,8.34,1.98,11.35,4.01,1121.9,11.15,1.22,35.01,56.69,1.52,14.51,10.29,0.57,0.32,1.5,4.48,0.06,17.52,0.09,0.45,3.51,0.2,12.33,0.51,0.02
0.95,9.62,19.32,11.43,16,50.14,0.46,94.58,0,0,1.19,1.95,1.19,4.06,2.66,1.3,85.75,5.08,0.24,4.82,1.66,0,46.11,0.22,1.49,11.25,14.13,45.49,11.13,5.06,11.43,2.59,1.96,6.04,4.68,47.51,0.59,0.03,4.59,7.96,3.07,4.14,17.03,7.06,12.04,8.05,12.17,0.89,0.54,0,19.06,6.53,15.63,48.54,55.51,3.59,8.24,75.25,9.72,0.39,4.41,0.5,2.87,5.15,0.16,1.55,50.9,23.87,0.63,20.15,27.62,4.9,16.41,0.6,35.75,11.55,0.28,25.07,2.55,12.68,23.26,10.35,0.16,4.62,0.39,11.02,0.05,0.42,3.32,2.09,5.2,1,7.62,2.46,942.82,2.2,4.21,31.04,97.47,1.21,14.38,10.97,0.16,0.35,1.75,2.62,0,47.34,0.12,2.23,0.4,0.17,7.09,0.26,0
3.77,16.53,35.75,20.16,12.47,39.42,2.23,13.81,0.02,0.02,1.62,0.88,8.64,2.61,2.43,0.93,72.96,5.84,0.24,5.17,0.52,0.07,13.7,2.54,1.38,14.48,8.98,25.09,42.41,14.46,12.49,0.85,3.37,25.15,30.02,0.4,3.98,0.01,3.5,2.14,2.8,45.59,32.81,6.91,34.82,10.61,9.13,1.19,0.76,0.06,42.26,16.63,16.4,112.32,0.61,7.88,4.26,30.88,4.27,0.62,3.74,0.18,2.82,17.13,0.07,10.38,22.27,74.11,0.93,19.98,28.92,5.53,27.55,4.34,68.32,31.18,0.67,49.88,5.31,17.9,32.46,15.98,0.6,6.37,0.19,19.26,0.08,0.43,3.61,2.31,13.12,0.67,12.37,7.38,481.27,6.98,1.18,31.26,68.21,2.71,6.5,26.2,0.46,0.02,3.22,4.24,0.02,24.96,0.03,1.05,0.29,0.34,12.61,0.46,0
1.29,0.08,35.98,22.03,10.48,181.88,1.51,41.77,0.31,0.02,0.57,1.4,5.98,5.76,2.37,0.69,561.04,2.97,0.07,3.24,3.26,0.1,26.22,2.64,1.06,14.59,11.56,69.61,13.34,9.33,20.23,14.51,2.16,14.96,26.31,0.21,1.69,0.03,1.71,4.38,2.6,20.9,18.43,8.96,16.26,10.03,8.11,0.27,0.9,0,65.87,14.92,14.74,115.06,63.94,9.76,36.48,58.26,7.93,0.6,2.13,2.1,1.21,16.66,0.21,5.32,98.23,69.22,0.39,29.56,16.89,4.01,35.81,1.79,77.48,14.24,0.32,29.62,1.19,35.93,49.59,6.56,0.56,3.78,0.1,28.17,0.02,0.23,2.32,1.23,5,0.86,20.02,2.53,1313.61,42.56,1.83,31.41,312.38,0.87,7.09,12.42,0.21,0.05,2.05,3.87,0.04,35.94,0.04,0.8,1.24,0.12,9.4,0.6,0.02
1.58,1.68,10.98,18.55,3.6,23.19,1.61,120.48,0.08,0,1.76,0.09,32.04,3.83,1.83,0.34,198.23,2.67,0.05,0.17,0.48,0,10.58,5.41,0.28,6.65,12.95,32.87,4.34,3.13,7.01,13.85,3.88,24.93,53.09,0.29,5.9,0,3.06,6.48,2.68,63.68,27.37,3.47,7.12,15.02,19.87,0.72,0.32,0.01,26.13,13.65,34.01,164.48,16.91,10.72,22.54,20.89,7.4,0,3.6,0.57,5.02,53.46,0.12,0.64,35.58,32.48,1.41,16.17,4.22,5.4,21.78,8.45,20.05,6.97,0.11,12.41,1.48,31.37,18.09,7.28,0.32,3.9,0.25,16.07,0,0.06,2.07,0.46,12.87,0.06,5.05,1.6,1002.22,2.97,1.99,15.9,210.73,1.04,1.22,6.81,0.02,0.01,1.51,3.54,0.02,18.09,0,0.03,0.5,0.27,12.79,0.05,0
1.96,0.07,27.55,13.37,12.99,40.27,0.76,73.9,0.02,0.02,0.92,1.38,3.13,4.67,1.73,1.29,199.14,5.28,0.19,5.51,1.37,0,7.94,3.41,1.85,12.21,11.46,33.64,15.27,9.95,16.99,5.71,2.84,11.03,45.6,3.89,0.89,0.01,4.28,7.41,3.23,13.02,28.37,5.99,14.85,9.87,10.62,0.87,0.5,0,23.52,29.33,14.28,92.08,2.55,8,17.98,46.79,10.96,0.23,3.71,1.44,4.88,5.95,0.12,3.76,29.68,41.18,0.78,10.05,18.78,6.16,17.79,1.46,67.43,12.77,1.27,33.01,3.4,16.06,30.17,10.08,0.63,5.25,0.25,12.48,0.12,0.31,5.49,1.24,17.47,0.71,8.75,2.48,657.28,3.01,1.32,22.37,50.81,1.88,10.46,12.95,0.36,0.05,6.54,4.99,0.04,7.94,0.16,0.79,0.27,0.24,8.37,0.33,0
1.28,0,55.19,11.3,11.18,47.44,1.55,44.75,0,0,1.52,0.7,3.67,4.22,1.95,0.77,101.23,6.04,0.17,2.82,0.8,0,21.62,1.47,0.85,18.13,25.46,38.9,10.51,6.96,30.44,15.04,1.53,7.94,57.23,0.8,1.53,0.01,3.94,11.14,1.9,17.35,19.05,3.99,14.34,11.04,9.34,0.47,0.68,0,25.12,22.28,15.46,21.6,7.33,12.7,59.15,44.8,9.02,1.29,3.84,0.27,1.45,13.18,0.08,6.38,38.79,17.42,0.46,11.63,15.61,8.21,23.08,2.6,46.71,17.52,0.38,43.03,2.29,23.7,43.25,7.92,0.92,4.61,0.1,16.58,0,0.33,4.35,1.68,3.2,0.52,10.25,1.5,399.08,1.51,1.84,33.64,54.52,1.69,4.61,17.32,0.07,0.01,3.18,1.87,0,9.21,0.12,1.25,0.58,0.18,10.2,0.21,0
2.15,0.17,34.23,15.23,8.64,128.57,0.87,63.71,0.02,0.01,1.5,1.22,2.36,4.09,4.18,0.85,123.09,6.97,0.17,4.49,1.32,0.11,6.63,0.83,1.48,16.91,23.25,65.91,7.78,8.65,18.71,16.39,3.14,7.57,21.42,0.48,0.68,0.03,4.5,5.51,4.66,9.24,29.78,3.03,9.08,10.09,9.14,0.76,0.72,0,17.44,14.63,18.28,97.99,21.78,7.31,44.29,52.08,14.27,0.16,3.04,0.62,5.58,7.8,0.21,12.31,49.71,41.83,1.55,19.79,14.95,3.96,21.4,0.64,68.24,17.23,0.36,36.51,3.57,13,36.51,11.6,0.96,7.13,0.35,10.32,0.06,0.36,6.12,1.73,12.52,0.63,8.94,1.58,769.79,3.52,2.44,21.02,67.73,2.4,10.33,12.37,0.19,0.05,1.52,5.42,0.03,28.07,0.09,1.12,1.07,0.22,10.11,0.24,0
1.63,0,8.5,27.28,10.28,21.26,1.08,60.69,0.07,0,0.73,0,8.39,2.96,2.53,0.88,161.59,1.69,0.01,1.09,0,0,6.16,5.53,0.22,4.71,14.16,51.35,8.14,1.87,4.9,12.16,2.28,16.75,62.17,0,1.58,0,2.6,0.31,4.87,28.97,26.79,0.83,14.72,9.64,20.59,0.21,0.05,0,28.07,23.74,34.97,233.27,18.46,7.26,36.65,13.82,5.16,0,1.74,0,8,39.27,0.04,1.4,24.38,57.18,0,25.08,12.28,3.91,12.26,4.14,27.07,13.22,0.39,7.94,1.36,22.16,20.59,6.71,0.17,10.76,0.02,9.56,0.01,0,2.39,0.13,26.87,0.27,5.06,0.97,1830.37,7.12,0.76,26.93,293.53,0.36,0,8.56,0.01,0.02,2.13,2.44,0.01,54.7,0,0.12,0.04,0.03,13.88,0.01,0
0.94,0.17,2.47,17.89,5.14,6.74,0.25,9.06,0,0,0.93,0,5.63,2.09,0.71,0,35.5,2.55,0,0.12,0,0,1.48,6.5,0.58,4.2,10.96,6.84,1.85,1.11,1.42,3.5,1.64,5.35,13.48,0,0.33,0,1.96,1.38,3.44,3.7,7.7,0.76,11.34,2.95,9.98,0.05,0.32,0,12.8,3.32,19.22,7.52,4.78,5.89,1.44,4.38,3.67,0,2.88,0,1.31,8.55,0.71,0.51,1.34,8.06,0,1.1,2,4.47,4.31,2.02,10.64,3.39,0.42,8.43,1.2,7.05,6.28,4.46,0,3.65,0,5.45,0,0,1.34,0.45,0.54,0.39,3.3,0.04,293.18,0.16,2.44,8.5,24.28,1.65,0,1.88,0,0,0.22,2.65,0,6.79,0,0,0,0,13.36,0,0
3.55,8.77,55.1,8.41,6.22,32.78,1.89,34.89,0.14,0,1,0.69,1.6,5.13,1.96,1.72,80.49,4.86,0.1,5.83,1.29,0,17.69,1.39,1.74,19.35,14.34,26.92,23.74,7.59,20.74,12.2,3.13,15.21,20.16,1.21,1.51,0.01,3.23,7.49,4.08,22.11,26.52,7.09,15.69,8.67,17.54,0.54,0.37,0,35.74,14.52,11.84,152.44,0.07,7.01,18.87,42.02,8.98,0.45,7.04,0,2.71,15.33,0.18,1.92,30.19,67.97,0.59,23.16,21.73,9.65,24.64,1.74,36.79,21.7,1.03,40.75,3.19,20.72,49.42,6.37,0.89,5.47,0.12,13.05,0.08,0.32,4.34,2.05,6.4,0.79,12.99,3.61,393.28,5.29,3.16,24.63,36.42,1.57,15.52,13.39,0.34,0.05,2.27,5.98,0,28.65,0.07,0.94,0.4,0.33,10.69,0.37,0.02
2.06,11.16,32.96,58.74,7.82,65.65,0.89,36.15,0.05,0.03,1.77,2.66,2.42,7.32,2.55,1.24,118.51,5.45,1.11,6.52,1.69,0.01,9.34,1.05,2.17,14.33,30.35,25.01,8.26,5.44,14.88,14.68,2.76,13.16,10.56,32.52,1.12,0.01,4.06,2.96,5.72,6.22,17.39,6.97,48.43,6.89,13.3,0.91,0.73,0,50.46,17.46,19.59,38.11,76.35,5.39,22.12,77.48,11.77,2.51,4.64,0.12,2.78,6.55,0.42,8.71,97.83,48.38,1.35,28.21,14.55,8.56,41.1,1.31,45.51,31.81,0.41,34.56,5.26,18.26,30.17,20.72,1,6.77,0.33,17.01,0.09,0.56,4.02,3.64,12.92,0.83,13.29,3.16,756.78,1.28,3.07,17.18,68.98,1.29,12.55,13.7,0.42,0.03,0.32,3.06,0,19.61,0.03,0.16,1.06,0.58,13.06,0.25,0.05
2.07,0.1,29.03,4.95,10.73,23.48,0.37,26.29,0.02,0,0.9,1.12,1.06,5.35,1.71,1,178.75,2.9,0.15,2.83,0.68,0,15.34,1.23,2.08,7.4,19.7,40.97,12.36,7.06,19.31,8.86,3.25,10.03,88.23,0.46,1.16,0,2.43,7.15,2.28,7.87,31.29,9,10.85,7.94,10.75,0.71,0.64,0,44.01,23.3,10.04,40.86,3.3,4.15,60.54,39.18,13.78,0.39,4.27,1.74,2.15,4.51,0.18,6.71,21.87,33.4,0.3,17.56,17.8,12.1,29.78,1.04,34.94,22.38,0.23,28.23,3.18,16.33,50.47,6.75,0.6,5.12,0.25,22.24,0.09,0.38,4.15,1.65,8.69,1.15,14.41,3,504.19,1.67,2.34,32.19,110.26,1.14,9.18,16.17,0.19,0.08,2.25,3.16,0.08,19.04,0.06,1.78,0.84,0.05,10.76,0.87,0.02
2.44,0.15,38.94,28.22,16.79,56.75,1.59,153.25,0.47,0,2.95,1.21,2.62,6.78,4.02,2.16,178.66,3.39,0.19,4.39,2.06,0,47.5,1.61,1.78,20.37,10.45,35.29,19.8,6.12,19.65,6.38,3.92,17.18,97.21,1.24,2.18,0.01,4.73,6.46,8.5,15.11,34.24,8.38,10.2,6.45,15.73,1.29,0.33,0.01,28.41,12.42,20.07,103.77,21.37,12.34,54.96,44.19,7.14,0.14,4.83,2.25,4.21,12.05,0.6,8.22,56.42,43.01,0.51,38.9,17.57,13.59,24.07,1.99,57.03,21.89,0.97,35.06,6.1,12.29,43.65,8.78,0.77,6.77,0.19,12.38,0.08,0.17,8.3,2.08,9.81,0.76,11.57,5.06,884.63,4.74,1.98,41.64,129.17,1.8,10.92,20.42,0.38,0.08,6.12,11.64,0,77.12,0.18,0.51,0.3,0.15,9.79,0.29,0.01
1.58,0.07,48.41,26.62,15.34,472.04,0.81,143.04,0.02,0.12,3.23,3.48,4.83,4.26,1.74,0.91,209.36,12.62,1.3,5.3,4.79,0,25.63,0.73,1.86,19.35,11.12,131.17,25.5,7.58,17.93,9.28,4.84,27.25,15.62,48.13,0.97,0.04,4.23,1.82,4.81,8.71,22.39,3.67,23.6,6.31,7.85,2.78,0.47,0,40.74,13.56,13.19,98.85,54.94,6.2,59.37,87.63,10.91,1.72,3.28,0.94,2.85,7.04,0.26,6.12,55.96,61.69,1.46,53.75,19.75,10.08,30.54,1.6,60.41,25.93,0.21,26.47,4.12,16.39,45.36,14.6,1.32,3.93,0.32,15.58,0.04,0.19,3.87,1.36,32.06,0.33,8.44,4.23,1133.83,1.83,0.89,47.99,69.2,1.73,13.77,22.08,0.57,0.02,0.74,3.58,0.02,19.65,0.01,0.35,0.56,0.64,12.55,0.16,0
0.4,0.52,0.76,0.69,0.23,5.09,10.18,2.15,0,0,3.26,0.88,6.52,7.54,5.66,3.8,5.53,0.8,6.8,0.46,0.54,0,0.16,1.06,0,11.29,0.04,0.51,1.29,0.34,0.17,1.5,2.83,5.64,0.77,0,0.52,0.45,5.03,0.31,0.84,0.37,2.43,3.08,3.84,0,1.81,5.23,0.11,1.05,16.02,0.18,0.38,0,0,0.54,1.52,2.08,376.15,0,0.53,0,14.36,0.55,0,0,3.15,1.86,0,2.75,5.11,2.56,0.54,1.13,7.05,117.16,0.25,9.7,5.77,21.37,9.01,96.31,1.4,0,2.24,19.6,0,0.1,1.32,14.23,1.73,0,0.34,1.32,3.95,2.39,0.81,11.8,0.6,0,24.09,3.61,0.24,14.91,0.22,5.09,1.32,1.18,0,1.63,0.85,1.62,0,0,0.39
2.66,1.3,31.94,6.18,8.83,43.51,0.53,85.01,0.11,0,1.45,0.92,1.46,5.82,3.68,2.25,222.82,2.94,0.19,5.76,1.78,0,14.86,0.89,1.46,22.04,14.17,65.77,17.98,4.92,17.78,8.81,2.86,8.67,54.02,0.6,0.8,0.03,4.45,3.23,4.73,11.25,36.42,5.64,24.79,8.18,10.46,1.78,0.36,0.01,21.67,10.95,18.27,93.72,53.33,7.99,25.38,38.84,6.27,0.46,2.73,1.81,3.5,10.48,1.65,6.42,118.06,40.13,0.58,22.88,21.14,6.02,20.1,1.29,73.65,14.57,0.37,30.48,3.66,12.65,40.39,6.62,0.28,5.67,0.25,21.58,0.1,0.46,4.52,2.32,12.19,2.25,9.83,3.33,1425.11,6.18,2.53,50.92,177.78,1.26,9.56,16.58,0.37,0.09,5.52,5.45,0.01,67.06,0.03,0.6,0.34,0.14,10.31,0.17,0.01
0.77,0.04,37.38,33.56,18.75,178.09,3.64,65.11,0.02,0,1.19,0,13.48,3.29,3.12,0,490.46,3.74,0.05,1.36,0.23,0,15.92,16.1,0.68,11.57,47.16,43.1,9.78,3.75,15.44,21.19,4.19,52.94,60.32,0.02,3.91,0.01,5.13,2.3,4.14,100.26,20.34,2.08,12.37,12.97,20.72,0.09,0.2,0,68.63,37.87,22.02,352.11,48.06,12.96,74.34,45.36,6.29,0,2.12,1.5,6.36,41.75,0.11,5.29,42.65,98.75,0.25,36.03,30.07,5.21,56.97,8.63,78.61,62.96,0.43,11.3,1.41,67.88,69.71,9.81,3.56,2.54,0.07,16.09,0.01,0,3,0.33,29.28,0.3,12.87,3.84,2852.74,12.66,0.43,24.17,159.47,1.58,0.3,26.14,0.02,0,3.51,4.25,0.07,84.1,0,0.27,0.67,0.3,9.67,0.12,0
2.04,0.1,28.41,13.1,9.81,31.06,0.83,16.59,0.43,0,1.26,3.23,1.81,4.17,3.41,1.68,146.06,9.08,0.15,6.66,1.47,0.17,8.3,1.82,1.34,16.5,19.13,48.97,17.37,8.11,21.67,17.27,3.81,9.34,39.92,0.31,0.67,0.03,7.11,9.41,7.25,17.08,26.4,7.5,18.02,12.23,20.8,0.92,1.19,0,29.37,27.14,26.73,74.79,13.98,6.93,21.76,58.68,13.67,0.72,5.4,0.05,3.75,5.84,0.27,10.23,48.4,43.09,1.04,14.71,18.68,5.59,17.18,1.11,36.06,12.72,0.56,37.89,2.65,16.51,39.1,8.63,0.82,5.8,0.16,17.81,0.08,0.55,3.95,2.87,10.62,0.98,12.04,2.86,925.51,5.81,1.93,32.46,90.85,1.76,16,15.07,0.37,0.2,14.34,8.16,0.02,11.92,0.11,1.32,1.19,0.1,9.51,0.61,0
1.96,0.04,25.39,8.74,19.64,56.61,0.77,88.33,0.04,0.08,1.14,1.81,4.68,5.28,2.1,1.81,185.05,3.25,0.27,9.43,1.72,0.01,18.49,1.27,2.3,10.08,21.21,21.42,26.23,8.78,19.41,5.69,3.35,24.24,14.31,0.08,1.71,0.02,3.56,3.42,3.71,18.47,21.75,7.57,52.29,8.57,9.08,0.53,0.91,0,44.29,11.58,12.07,101.2,7.74,7.16,17.47,48.58,13.67,1.34,5.26,1.41,2.74,9.16,0.11,12.06,55.6,47.72,2.3,36.13,16.23,7.83,21.5,2.09,50.61,17.07,0.31,29.56,3.31,16.44,41.97,7.07,1.38,6.41,0.25,11.57,0.02,0.62,2.98,2.28,13.38,0.94,8.26,5.33,1000.4,2.2,1.99,32.64,92.97,1.04,14.09,17.99,0.24,0.07,1.84,3.7,0,46.41,0.14,0.57,3.04,1.06,10.67,0.47,0
3.17,10.22,53.43,16.71,18.92,80.85,1.6,62.27,0.12,0,1.92,3.05,7.45,6,3.49,2.81,160.4,4.26,0.43,5.76,0.82,0.24,12.18,0.62,1.95,18.74,26.38,94.33,28.9,13.03,21.07,12.87,5.53,30.65,73.5,0.07,2.14,0.04,6.21,1.98,3.82,18.53,26.35,10.14,24.12,8.19,11.33,8.21,0.49,0.02,55.71,16.47,14.39,106.1,4.87,7.31,82.61,67.2,33.41,0.29,5.78,1.13,3.79,8.01,0.47,6.01,69.65,63.2,2.22,45.8,18.88,9.36,29.79,1.78,57.17,36.09,0.37,37.25,5.6,16.86,48.29,23.48,2.44,5.57,0.43,11.66,0.18,0.55,5.04,2.51,12.97,0.93,9.47,6.36,774.23,3.76,1.53,31.79,56.57,3.98,11.66,34.43,0.5,0.03,5.67,4.08,0.05,8.03,0.78,2.51,2.49,0.33,11.43,0.4,0
1.61,6.04,34.46,22.76,13.1,86.76,1.12,95.5,0.06,0.02,2.29,3.25,6.26,2.64,2.11,1.03,419.75,4.41,0.16,5.32,2.44,0.03,17.42,1.19,1.25,13.11,15.83,46.26,12.11,8.05,16.98,12.56,3.05,14.34,19.03,1.51,1.44,0.07,4.72,5.09,5.63,18.29,27.36,6.83,13.91,7.51,14.21,0.65,0.83,0,35.8,9.93,15.64,74.67,69.51,7.69,45.45,59.95,9.17,0.46,4.55,0.8,2.39,9.55,0.38,5.45,66.09,49.86,2,28.18,18.96,5.73,24.41,1.94,42.27,15.39,0.39,32.9,1.85,19.13,47.02,9.83,0.36,6.32,0.2,14.5,0.04,0.45,4.1,1.55,11.61,0.62,10.49,3.37,1357.6,3.96,3.71,19.35,75.98,1.3,16.75,14.21,0.7,0.14,0.57,3.49,0.02,62.57,0.22,0.38,0.42,0.28,7.93,0.26,0
3.34,0.07,31.62,11.92,21.9,64.97,1.24,33.98,0.01,0,1.04,1.36,4.43,6.75,4.12,1.96,237.11,4.96,0.11,2.72,2.89,0,20.29,1.08,1.16,24.13,20.81,68.38,29.03,12.16,24.02,10.72,4.68,13.29,34.62,1.51,3.29,0.05,3.66,6.73,4.17,26.68,37.57,5.14,18.11,7.55,9.46,3.59,0.46,0,40.12,9.92,30.95,128.28,10.44,6.8,39.58,48.6,15.83,0.27,2.54,0.07,5.64,16.88,0.21,2.85,52.62,58.93,4.95,34.28,35.46,6.24,22.2,2.48,49.39,25.55,0.32,56.1,3.48,19.4,34.07,16.2,0.85,7.47,0.19,10.29,0.2,0.22,4.52,2.29,13.99,1.48,8.63,2.97,615.03,25.04,2.14,44.56,93.96,3.4,13.51,14.34,0.29,0.15,1.7,7.81,0.07,42.14,0.11,1.06,0.29,0.42,9.55,0.32,0.02
2.02,0.01,56.72,18.3,45.23,34.16,1.24,61.29,0,0.02,2.86,0.21,3.81,5.68,2.36,0.57,130.67,1.79,0.23,1.05,0.06,0,15.59,1.79,2,18.97,1.24,41.87,19.62,10.99,28.73,12.67,3.7,21.36,93.79,0.09,2.6,0,2.57,0.25,2.21,13.02,27.95,4.5,26.61,8.99,8.1,5.02,0.91,0,54.69,23.6,12.93,176.52,3.92,7.51,57.85,38.09,11.05,0.17,2.25,1.35,2.55,8.45,0.25,11.43,34.89,43.43,2.21,19.85,28.01,10.32,33.45,2.43,69.32,25.67,1.7,20.69,5.67,14.11,42.17,10.61,2.72,6.74,0.45,17.7,0.95,0.18,6.75,1.03,6.46,0.56,14.51,6.75,515.62,0.72,1.4,33.93,188.05,0.69,2.11,40.07,0.04,0.07,3.48,5.67,0,38.48,0.01,0.99,0.26,0.09,10.65,1.93,0
4.85,0.04,43.95,63.85,14.08,207.86,1.79,169.42,0.06,0,2.44,1.34,15.59,6.57,1.68,1.26,196.38,3.88,0.22,7.93,1.26,0,18.75,1.68,1.02,25.37,29.8,313.54,31.87,5.69,36.87,21.15,2.8,26.01,17.31,0.04,3.53,0.01,4.21,3.29,3.9,21.34,25.74,7.57,40.37,7,12.65,2.2,0.47,0,54.83,20.92,30.79,300.52,178.94,11.6,60.84,109.86,14.08,0.16,5.86,1.56,5.46,18.94,0.25,7.45,86.46,124.25,1.35,73.27,31.4,11.64,29.09,6.88,66.17,42.5,0.82,34.68,4.77,16.74,81.18,10.96,0.57,4.99,0.09,15.08,0.04,0.4,6.27,1.78,36.4,3.86,9.22,4.88,1003.09,5.21,2.29,57.97,70.42,1.36,12.08,20.53,0.1,0.07,0.47,3.1,0,20.05,0.15,1.12,0.66,0.46,11.71,0.25,0
2.45,0.02,41.71,8.11,17.22,48.55,1.38,28.78,0.02,0,1.68,2,5.48,4.9,3.45,4.61,127.81,5.65,0.23,5.11,1.74,0.01,24.24,2.22,1.41,22.78,19.6,44.13,28.05,10.79,20.79,4.63,4.44,21.78,42.5,1.48,2.06,0.01,6.51,4.41,5.28,11.9,33.45,5.45,28.11,10.96,11.43,1.78,1.12,0,38.17,9.84,22.72,120.22,6.75,10.1,55.03,26.47,9.29,0.44,5.26,1.83,4.13,14.98,0.26,4.25,38.93,44.82,2.05,35.53,25.49,8.93,29.61,1.48,60.92,32.33,0.44,37.05,3.15,19.81,46.57,13.66,0.77,9.44,0.3,16.1,0.33,0.46,5.61,1.51,9.24,0.54,13.4,4.88,1187.82,2.49,2.76,45.9,54.07,2.37,15.71,24.57,0.2,0.16,1.69,6.49,0.03,20.93,0.13,1.23,1.44,0.29,10.9,0.26,0
3.4,13.84,38.89,18.97,20.23,125.71,1.51,98.39,0.33,0.08,1.16,3.31,6.98,5.96,2.35,1.55,348.84,4.61,0.22,6.39,2.2,0.06,23.01,1.42,2.77,17.79,19.88,84.15,25.18,10.01,17.22,9.79,5.08,28.29,60.03,0.05,1.94,0.03,4.35,3.21,4.8,20.37,31.67,9.14,25.31,8.12,12.88,0.91,0.64,0,59.93,22.46,30.94,166.58,10.81,7.72,59.39,68.22,12.23,0.6,4.82,3.24,2.08,9.23,0.43,8.37,86.09,47.02,3.16,37.01,30.53,14.25,45.38,2.74,63.15,30.09,0.55,30.64,4.17,28.42,44.73,18.02,1.73,6.34,0.28,16.09,0.32,0.29,5.98,2.92,21.51,1.34,12.85,5.51,1400.6,4.47,2.97,31.87,132.7,2.05,11.94,21.59,2.6,0.14,1.94,4.38,0.07,38.4,0.03,0.61,2.01,0.43,12.17,0.1,0
2.29,3.24,51.95,22.84,13.97,66.91,1.23,110.03,0.05,0.02,1.42,1.74,4.5,3.28,3.75,1.85,318.8,5.96,0.15,2.23,2.14,0,29.12,2.16,1,20.47,15.6,72.49,22.6,11.3,20.8,14.43,4.23,18.02,43.37,0.15,1.93,0.02,4.83,3.63,4.56,27.43,26.76,6.24,16.83,9.48,13.56,0.94,0.38,0.01,39.48,20.28,25.27,100.85,10.83,8.45,76.93,48.85,8.93,0.28,4.95,1.73,6.06,11.92,0.28,6.55,57.67,47.23,2.75,38.87,16.61,6.63,30.12,2.79,55.49,20.99,0.56,29.96,2.41,23.91,59.68,7.99,1.66,5.21,0.15,11.11,0.18,0.24,4.59,2.72,9.91,0.51,10.52,2.92,1156.27,5.29,2.09,30.04,101.09,2.5,12.04,23.53,0.46,0.12,7.11,4.28,0.03,61.55,0.14,1.13,0.25,0.57,10.96,0.37,0
2.97,18.42,49.08,18.51,12.07,178.38,2.76,82.43,0.04,0,2.51,1.48,6.15,3.97,4.28,1.18,207.05,4.78,0.34,5.35,6.98,0,18.85,1.72,1.65,20.07,18.8,43.1,26.84,10.47,23.45,6.51,5.84,38.72,38.45,0.27,3.2,0.02,5.5,2.56,4.4,33.02,39.89,8.63,45.32,6.62,9.08,3.62,0.64,0,40.5,29.25,15.75,137.02,0.45,9.62,27.26,67.31,12.16,0.31,5.73,1.65,3.73,16.08,0.21,2.72,76.43,56.21,1.86,22.58,21.67,6.45,30.75,3.5,65.05,23.3,0.97,34.77,4.34,19.96,40.98,14.91,1.64,7.83,0.25,10.68,0.13,0.51,3.79,2.51,24.46,0.68,10.61,4.54,540.81,10.2,1.87,36.91,54.29,1.27,11.52,27.41,0.35,0.1,1.35,8.11,0,22.61,0.05,0.88,0.43,0.83,17.83,0.27,0.06
1.96,0.17,51.53,77.26,8.49,84.07,2.68,215.15,0.08,0.04,1.79,3.06,8.22,3.44,2.15,1.47,84.24,5.76,0.14,6.09,1.38,0.01,22.13,2.18,1.09,11.74,22.89,42.77,23.52,5.7,11.62,4.48,4.13,35.17,42.64,0.21,3.15,0.02,4.48,3.56,5.76,31.35,24.73,6.06,29.54,9.88,12.62,0.62,0.57,0,54.79,17.96,21.74,72.7,54.42,7.4,44.57,16.98,13.07,1.05,5.78,1.73,3.12,10.96,0.37,6.99,74.8,58.2,0.9,29.32,6.45,6.88,28.33,8.4,44.98,25.88,0.33,29.48,3.13,30.53,38.3,11.63,0.43,5.68,0.19,15.45,0.03,0.44,4.78,1.98,9.23,0.74,13.88,2.6,1323.92,1.75,3.21,40.88,88.19,2.91,17.92,21.41,0.32,0.07,0.27,5.37,0.01,106.68,0.13,1.01,0.59,0.62,7.89,0.23,0
2.73,0.37,38.77,20.99,12.18,52.84,1.96,46.66,0.15,0.01,2.12,0.64,3.51,3.27,1.88,1.17,310.2,3.83,0.53,3.61,1.23,0.04,14.89,3.7,1.42,17.47,9.69,33.51,19.33,5.5,16.06,9.23,3.19,28.29,21.67,0.93,2.95,0.01,3.08,7.54,5.29,41.47,18.64,10.22,32.99,8.77,15.13,1.39,0.44,0,52.49,10.47,15.31,77.01,1.98,6.82,35.78,66.13,5.95,0.21,4.64,0.41,3.18,15.68,0.53,7.57,79.99,69.53,2.09,27.71,21.05,7.45,36.1,2.84,42.04,21.14,0.48,27.74,3.21,27.08,47.23,12.75,0.99,5.32,0.16,18.17,0.44,0.16,4.75,2.02,13.73,0.92,7.63,5.58,1335.14,3.94,2.13,33.38,121.04,1.17,11.25,18.58,0.37,0.08,2.84,4.94,0.01,50.08,0.06,0.57,0.29,0.61,8.13,0.33,0
2.87,0.07,36.63,12.3,30.44,50.29,0.91,134.28,0.07,0,1.34,1.58,4.11,4.61,3.21,2.75,254.29,3.63,0.2,3.6,2.52,0.01,23.57,1.64,0.98,17.06,8.35,29.81,24.1,7.9,21,11.68,3.77,16.17,52.14,1.16,2.27,0.01,5.11,4.18,5.75,18.03,38.79,11.78,18.08,12.79,13.43,0.9,0.58,0,53.71,11.57,21.64,99.09,1.65,9.18,39.87,65.05,8.81,0.3,4.05,0.91,4.42,10.34,0.38,5.02,29.65,47.75,2.31,31.6,30.82,10.4,31.19,1.78,62.35,26.33,0.67,32.62,4.06,20,46.58,11.94,0.99,6.58,0.16,20.89,1.78,0.32,8.23,1.42,13.82,0.54,12.33,5.15,1355.64,4.07,0.94,26.8,138.13,1.12,8.2,22.96,0.27,0.06,2.03,6.12,0.02,43.52,0.08,1.16,2.44,0.33,8.24,0.35,0
1.84,10.47,36.08,15.63,3.37,74.73,0.92,39.7,0.04,0,1.9,1.48,3.27,4.36,2.59,1.75,154.08,5.03,0.24,4.55,3.28,0,17.33,0.79,1.76,15.65,16,46.7,31.3,8.72,19.18,6.56,4.13,15.41,49.2,0.18,1.45,0.01,5.26,2.97,6.32,12.37,29.27,7.43,24.84,5.34,12.37,1.51,0.96,0,41.75,12.83,12.42,83.05,9.2,6.64,35.22,97.94,5.12,0.46,5.88,0.59,3.47,6.35,0.18,7.52,52.38,54.93,1.07,37.27,39.15,7.05,27.54,1.93,74.2,22.87,0.39,39.71,4.28,14.68,42.8,13.88,0.38,6.34,0.23,11.68,0,0.49,5.17,2.87,8.66,0.99,8.97,3.42,465.69,3.7,1.27,42.59,55.44,1.78,12.02,20.12,0.18,0.09,0.87,6.15,0.02,15.68,0.25,0.68,1.3,0.12,9.71,0.23,0.14
4.21,12.01,31.57,9.03,31.22,95.33,1.03,38.15,0,0,1.33,1.86,3.07,6.28,3.05,0.93,342.86,4.71,0.2,3.21,1.08,0,23.85,1.23,2.23,16.07,6.44,37.37,23.3,10.17,20.65,7.21,3.24,12.31,34.37,0.87,1.21,0.01,4.57,4.53,5.64,9.51,35.13,9.13,20.99,11.05,10.74,1.07,1.17,0,48.1,7.67,14.11,56.61,1.14,7.28,33.64,49.96,9.08,1.01,3.45,1.59,3.19,8.36,0.38,5.94,30.97,37.52,1.63,17.42,52.6,6.44,27.43,1.27,70.85,16.47,0.4,49.88,3.92,15.39,35.18,11.88,0.54,7.49,0.32,20.88,0.08,0.55,6.81,2.14,14.11,0.44,11.57,4.17,910.5,8.91,1.02,30.59,107.02,2.02,8.16,16.61,0.49,0.01,2.14,6.38,0,73.56,0.06,0.95,0.54,0.09,13.41,0.54,0
1.79,0.06,33.54,17.57,14.59,47.8,1.91,27.57,0.26,0.03,2.09,0.49,3.58,3.54,1.45,0.98,159.5,2.9,0.54,2.72,1.06,0.09,10.13,5.13,1.3,15.44,7.33,23.27,13.34,3.98,13.07,7.82,3.61,22.74,21.9,1.28,2.29,0.01,2.25,9.92,4.86,48.71,17.77,8.13,19.89,6.31,10.13,1.01,0.41,0,46.29,8.84,10.75,66.97,0.77,5.72,39.63,47.31,6.29,0.08,3.53,0.18,1.98,11.89,0.54,5.49,44.8,49.86,1.83,22.77,20.14,5.65,35.49,2.24,42.28,16.05,0.34,23.84,2.31,22.96,36.53,9.73,1.44,4.7,0.13,12.98,0.48,0.1,4.49,1.3,13.83,0.45,6.73,5.72,838.79,2.17,1.35,17.01,83.32,1.32,6.92,15.43,0.31,0.02,3.7,4.66,0,44.46,0,0.9,0.44,1.12,5.37,0.57,0
3.76,0.23,39.73,12.1,31.05,27.2,1.16,66.52,0.15,0.02,1.37,0.64,4.5,5.71,2.67,2.34,206.24,2.89,0.22,3.26,0.45,0,10.02,0.92,1.18,19.08,18.73,26.27,20.28,11.25,28.55,9.28,3.54,17.24,64.56,1.76,1.08,0.01,3.63,6.04,2.11,20.44,23.63,6.77,38.7,6.38,12.08,1.04,0.5,0.01,52.17,18.56,18.17,111.46,0.52,9.32,30.14,106.39,5.63,0.12,4.66,2.35,3.16,11.7,0.11,5.01,48.78,58.08,1.56,23.01,24.49,10.06,29.16,2.49,64.82,23.35,0.52,57.22,4.1,26.24,40.23,7.4,0.77,7.15,0.18,9.78,0.72,0.2,2.57,1.51,17.77,0.36,11.16,5.6,514.1,6.59,1.26,22.86,169.78,0.75,13.92,12.95,0.27,0.04,3.51,3.18,0,18.9,0,0.93,0.19,0.5,7.79,0.2,0
2.96,0.04,49.9,19.56,8.17,54.04,2.49,23.3,0.07,0.07,1.44,2.18,7.48,4.81,1.59,2.5,182.26,5.66,0.35,4.01,3.04,0.16,6.67,1.84,2.17,17.87,14.28,77.6,22.17,7.05,13.5,8.81,5.43,31.31,31.25,0.12,1.63,0,6.89,3.29,7.52,16.28,22.6,8.2,22.61,7.07,15.64,1.38,0.43,0,35.83,15.92,17.96,88.07,12.28,5.93,59.01,66.49,7.83,0.25,7.19,0.5,3.63,12.16,0.37,7.61,72.63,56.78,2.3,36.68,10.67,9.11,33.27,5.81,63.59,23.32,0.23,43,3.58,17.82,54.41,20.28,1.4,5.19,0.2,11.42,0.2,0.41,5.15,2.4,15.83,2.95,6.56,7.84,770.3,3.33,2.55,36.2,41.38,1.84,19.15,14.73,0.5,0.12,1.97,4.71,0.1,15.48,0.15,0.3,2.27,0.5,11.53,0.18,0
1.39,3.28,35.18,24.36,15.53,83.23,1.98,76.67,0.1,0.05,1.46,2.04,8.11,5.68,2.29,1.01,16.04,4.73,0.24,7.12,1.29,0,24.13,5.51,1.72,20.51,9.72,97.27,22.18,10.31,22.22,16.67,3.94,31.04,75.87,0.15,2.94,0.06,3.75,6.12,4.4,31.94,27.13,3.89,39.09,15.25,13.17,5.93,0.59,0,47.24,43.37,26.87,133.36,8.66,11.1,46.58,67.89,12.92,1.32,4.03,2.77,3.98,15.63,0.2,3.07,37.76,62.29,3.13,92.74,18.01,10.1,54.81,4.11,48.63,61.5,0.75,23.29,4.55,24.15,47.39,10.74,1.45,6.09,0.12,24.08,0.08,0.47,3.48,0.88,20.25,1.01,16.61,3.29,1251.4,0.71,1.37,51.92,93.17,1.66,13.01,23.16,0.96,0.11,3.37,6.16,0,24.42,0.05,0.12,0.98,0.52,10.12,0.23,0.02
2.38,7.09,31.69,35.74,6.98,60.53,1.07,132.12,0.13,0.03,1,3.04,11.61,3.61,2.4,1.38,189.2,6.06,0.13,4.57,2.5,0,27.73,1.3,1.48,12.5,22.06,73.75,22.07,7.84,15.19,16.9,3.41,21.35,10.72,0.17,1.77,0.01,2.8,4.03,6.9,27.47,19.74,5.57,35.93,8.8,13.65,1.22,0.9,0,44.02,8.78,16.88,105.33,76.7,5.62,25.16,32.88,15.62,1.31,5.59,0.65,3.54,15.4,0.34,5.78,57.2,58.93,2.37,49.78,10.43,8.4,38.67,4.29,60.08,20.67,0.55,28.84,3.04,23.69,34.82,14.35,1.88,5.99,0.3,15.63,0,0.41,4.52,1.36,10.53,1.57,7.54,4.93,1244.77,1.56,4.99,35.26,94.19,1.71,17.01,17.29,0.13,0.05,1.89,3.66,0,28.63,0.03,0.62,2.59,0.86,12.28,0.3,0
1.63,23.83,19.09,2.5,1.09,57.24,1.11,57.43,0.01,0,2.16,0.15,8.6,3.7,1.92,2.66,111.71,4.56,0.04,2.26,0.44,0.01,3.95,1.87,5.03,13.94,5.65,38.13,11.83,12.7,13.26,6.95,5.81,22.95,40.06,0,2.18,0.08,4.86,10.86,5.04,14.94,19.26,7.05,21.64,12.07,9.67,1.55,0.39,0.01,74.9,5.35,7.09,31.64,0.02,4.02,2.65,15.67,5.19,0.14,2.51,1.98,2.42,13.94,0.15,8.13,21.86,28.72,0.09,18.65,35.7,4.73,35.86,3.08,29.64,19.29,0.37,28.81,2.67,19.58,30.9,16.12,0.66,3.41,0.23,21.95,0.01,0.13,5.59,4.71,0.98,1.37,6.82,3.57,567.51,0.26,1.02,19.44,1.28,1.23,7.31,14.68,0.05,0.01,0.02,4.62,0.05,0.22,0.1,0.35,2.55,0.13,8.82,0.18,0.03
3.26,2.79,28.01,63.77,5.17,26.98,6.77,51.92,0.09,0,3.16,1.52,18.42,10,2.03,0.59,100.92,3.7,2.54,4.47,5.19,0.52,14.63,1.67,4.48,18.78,16.12,50.78,8.79,17.18,11.15,7.76,3.24,59.75,10.28,4.12,4.47,0.02,10.45,1.98,15.09,27.01,24.69,18.31,10.71,6.03,18.73,3.24,0.63,0,49.05,4.45,13.03,68.62,12.71,11.45,13.32,190.96,11.02,0.44,4.88,0.65,5.27,7.89,0.29,15.86,68.61,50.89,0.41,20.1,14.85,11.87,21.74,4.23,40.63,12.53,0.41,33.97,10.54,11.96,20.08,60.92,1.35,5.72,0.15,42.5,0.23,0.11,14.11,8.11,24.28,2.02,5.9,6.48,774.52,32.68,1.91,20.09,100.51,4.68,5.68,9.64,0.41,0,3.6,6.63,0,14.5,0.02,0,1.66,0.19,14.64,0.25,0
4.15,11.03,35.25,3.65,17.92,92.4,0.47,21.1,0,0,2.26,0.73,1.77,6.72,3.23,7.18,100.09,4.36,0.64,3.08,1.55,0.02,0.39,1.01,2.74,14.88,2.35,46.72,20.91,5.36,24.97,1.75,3.51,18.14,17.89,10.31,0.56,0.05,7.02,13.11,2.96,5.72,17.28,7.15,23.52,6.13,8.36,1.15,0.42,0,57.27,6.93,18.21,49.63,0.09,3.96,46.36,33.32,7.27,0.12,4.26,2.13,4.7,4.49,0.26,4.57,6.39,47.19,1.94,21.34,16.65,3.64,32.52,1.08,27.1,26.23,0.74,33.49,2.58,24.96,40.48,9.34,1.06,4.07,0.21,11.83,1.04,0.27,5.11,2.35,4.9,1.64,11.83,10.72,186.42,7.26,2.42,31.99,20.21,1.36,24.17,14.75,0.14,0.05,0.58,3.44,0.04,0.11,0.08,1.4,0.19,0.87,8.1,0.24,0
3.17,13.46,25.16,11.03,0.46,44.3,0.86,99.93,0,0,1.99,1.3,2.78,3.4,2.74,2.68,202.39,4.1,0.41,3.06,1.82,0,6.74,1.12,2.23,18.67,18.73,33.31,23.82,8.98,16.71,6.82,3.93,17.76,33.9,1.92,2.37,0.01,5.13,4.17,4.87,18.38,28.47,8.83,24.55,7.12,11.11,1.92,1.07,0,43.42,17.13,29.93,102.88,1.85,9.76,13.37,35.71,8.9,0.48,5.42,0.74,3.67,6.04,0.18,7.43,46.17,56.76,0.85,19.34,13.2,5,31.96,2.67,48.25,19.35,1.19,34.92,5.15,17.26,46.74,12.16,0.55,4.79,0.18,11,0.18,0.57,4.58,3.52,12.72,0.96,10.82,7.82,407.31,17.11,4.5,27.24,69.2,1.15,18.41,22.88,0.48,0.08,1.91,4.04,0.02,16.58,0.2,0.94,1,0.8,10.84,0.27,0
2.57,3.41,40.16,60.58,3.72,72.68,0.93,317.82,0.05,0,2,1.54,8.96,4.6,1.47,0.54,164.26,7.41,0.28,3.3,1.2,0,5.22,0.85,1.79,19.27,267.32,54.29,9.22,8.25,19.65,23.94,5.36,14.93,20.09,0,1.16,0.01,4.3,0.84,5.02,9.53,21.07,4.57,43.51,6.72,16.67,0.56,0.3,0,45.95,11.43,18.16,19,44.19,3.76,93.93,28.49,14.07,0.39,4.11,0.33,1.91,6.96,0.19,8.63,152.85,74.5,3.28,26.83,4.39,21.13,33.81,1.48,36.84,15.88,0.6,26.38,3.88,19.89,31.81,12.25,0.46,4.39,0.13,16.49,0.96,0.28,4.65,2.29,36.36,1.5,8.62,2.5,1200.55,1.65,1.68,18.98,88.11,2,9.38,24.09,0.16,0.03,0.48,3.87,0,42.27,0,0,0.51,0.9,8.07,0.06,0.04
2.81,13.88,36.36,40.22,11.74,62.37,1.99,62.28,0.58,0,2.89,2.9,5.82,7.04,2.9,1.36,55.31,9.55,0.96,6.63,2.48,0.02,22.4,2.06,1.97,16.22,52.94,64.39,34.01,9.74,21.02,10.69,5.84,29.39,60.13,0.36,3.3,0.04,5.51,1.97,11.24,15.93,30.67,5.04,43.87,9.76,12.5,1.24,0.56,0.02,65.39,12.91,16.72,195.03,86.1,10.06,120.05,17.75,25.24,0.19,5.66,3.27,4.16,12.77,0.4,15.95,101.54,69.84,1.45,21.47,7.25,11.78,35.09,5.5,46.48,32.46,0.78,33.35,5.59,25.99,48.28,23.53,0.56,8.98,0.19,24.18,0.13,0.23,8.37,2.48,26.17,1.2,16.69,4.07,1480.92,1.36,3.77,77.22,110.84,3.3,12.11,21.45,0.36,0.08,0.3,6.56,0.04,72.57,0.3,1.41,3.76,0.75,12.34,0.3,0
5.32,0.05,33.01,16.32,16.16,73.25,4.05,10.87,0,0.02,3.29,2.44,6.04,5.77,2.88,1.35,67.89,7.41,0.75,6.2,2.02,0,17.24,2.85,2.29,24.27,28.61,20.83,22.98,9.79,15.98,0.94,3.43,41.61,24.16,5.49,4.03,0.03,7.39,2.42,8.3,34.13,29.19,11.44,32.77,5.23,12.56,1.6,0.74,0.02,28.28,12.05,19.79,176.84,0.24,12.35,4.18,33.18,5.8,0.53,5.13,0.68,3.93,11.52,0.18,14.08,22.73,109.58,0.78,14.63,31.07,6.97,22.22,4.55,64.61,20.32,0.89,34.73,9.77,13.03,30.66,24.51,0.48,11.08,0.48,12.71,0.01,0.53,7.55,3.99,15.19,0.82,10.23,8.45,225.04,1.73,1.29,22.51,51.49,4.64,11.77,24.98,1.79,0.04,2.68,7.98,0.02,38.72,0.13,0.65,5.15,0.45,17.59,0.42,0
2.12,0.04,38.56,13.73,22.93,180.87,1.41,68.03,0,0,2.13,0.74,4.28,5.32,2.66,0.94,99.86,5.27,0.27,4.93,1.04,0.03,8.93,2.59,2.15,15.4,7.3,50.32,24.97,10.23,19.16,6.01,4.89,20.42,23.1,0.88,1.31,0.01,7.21,1.15,5.08,11.93,19.7,4.16,19.21,6.81,9.33,0.87,0.5,0.02,35.5,14.32,20.94,128.18,0.56,7.31,57.25,40.13,6.85,0.55,2.92,1.17,3.46,8.75,0.3,3.67,24.12,51.84,1.5,23.16,21.02,5.73,29.9,1.74,67.24,23.16,0.65,23.87,4.52,13.68,35.92,19.18,1.08,3.63,0.27,12.86,0.38,0.18,5.67,1.59,17.91,0.5,9.05,5.19,731.78,0.77,1.95,21.36,40.58,2.25,7.12,21.35,0.17,0.09,3.43,5.97,0.02,15.71,0.06,0.64,0.49,0.18,8.19,0.58,0
1.69,0,16.86,0.69,0.28,12.24,1.42,2.54,0.04,0,2.2,0.65,3.82,3.81,2.44,0.84,46.45,3.09,0.06,0.14,0.14,0,0.9,4.76,1.03,5.53,2.25,8.79,8.04,4.29,8.86,5.59,6.27,10.74,29.34,0.15,1.73,0,4.64,0.49,3.55,33.83,19.49,3.56,11.97,17.54,13.4,0.52,0.28,0.02,34.12,7.4,20.57,17.52,0.8,7.86,0.89,14.21,14.46,0,4.52,0.13,5.48,15.76,0.52,0.03,13.91,27.03,0.71,7.25,0.03,3.06,16.29,3.48,16.92,11.76,0.55,27.21,3.05,25.29,18.59,19.61,0.27,7.88,0.19,15.14,0.01,0.02,4.1,5.42,1.6,1.16,4.15,0.26,585.71,0,0.88,13.57,23.07,3.14,1.82,3.94,0,0.01,4.87,3.15,0.02,0.04,0.03,0.17,0.2,0.09,17.67,0.07,0
2.71,0.14,52.96,13.23,17.94,103.87,2.43,52.96,0.02,0,3,2.17,7.04,3.62,3.19,1.82,117.01,3.87,0.31,7.14,3.32,0,14.83,1.69,1.1,21.17,13.68,53.94,32.96,5.86,24.22,7.71,3.07,40.24,64.89,15.44,2.58,0.02,5.92,4.68,11.7,30.68,35.49,6.05,41.61,9.24,13.6,4.08,0.6,0.02,54.37,15.62,25.76,115.02,4.6,16.28,18.89,37.37,7.75,0.51,4.67,2.37,4.3,17.07,0.55,12.17,30.91,75.79,1.18,40.9,34.59,6.21,35.6,6.37,58.62,24.3,0.42,31.99,3.83,20.53,62.24,12.62,1.07,6.03,0.1,18.83,0.21,0.56,6.12,2.79,17.16,4.37,11.4,4.75,497.74,5.06,3.76,46.38,71.91,1.41,9.48,25.75,0.45,0.06,3.55,5.75,0.03,38.79,0.32,0.66,2.21,0.56,12.1,0.33,0
3.28,0.1,43.33,12.06,18.08,38.66,1.18,71.25,0.03,0.05,2.44,3.82,2.66,4.26,4.4,2.21,107.13,6.04,0.3,5.6,1.8,0,13.3,1.39,2.46,16.4,13.33,40.33,28.51,8.38,16.7,8.35,4.64,23.32,28.18,3.28,0.85,0.01,6.22,3.9,5.82,9.88,28.22,8.35,27.35,8.98,12.34,2.06,0.73,0,38.05,9.34,17.75,102.93,1.25,5.79,43.29,52.72,10.22,0.85,8.06,0,4.36,6.13,0.27,4.55,36.64,44.67,2.4,36.8,14.89,9.97,31.05,1.12,71.79,25.81,0.47,31.76,3.86,17.59,43.86,19.31,2.4,6.84,0.49,15.53,0.18,0.67,6.76,2.72,15.94,1.08,11.29,7.73,924.59,3.13,1.77,30.61,56.91,2.61,17.49,32.27,0.42,0.25,2.04,7.52,0.01,24.06,0.12,1.65,0.58,0.85,13.28,0.47,0
2.49,12.38,34.54,12.38,18.96,71.42,0.77,72.67,0.08,0,1.89,4.36,4.63,4.31,2.9,2.63,212.57,5.84,0.27,5,2.56,0,12.72,0.79,1.52,20.32,15.26,43.06,28.51,8.28,17.35,7.86,3.17,20.33,37.81,0.79,1.86,0,4.11,5.98,4.8,15.16,22.2,13.86,23.43,6.27,11.77,1.08,0.76,0,44.74,16.66,19.31,89.79,18.05,6.99,64.44,43.78,12.48,0.42,4.55,1.46,3.34,7.9,0.35,9.28,89.85,51.6,1.97,39.98,16.54,9.73,34.49,2.19,76.99,25.95,0.07,39.59,3.62,17.42,54.39,14.65,1.71,4.83,0.12,14.65,0.05,0.61,5.64,2.58,12.79,2.88,9.25,5.59,833.35,3.76,2.39,40.07,117.9,1.4,17.39,28.14,0.22,0.11,1.81,3.54,0.02,67.85,0.11,0.5,1.82,0.76,10.45,0.37,0
3.05,0.14,58.54,33.08,4.38,27.74,4.77,50.67,0.19,0.02,2.48,3.99,5.95,7.03,3.29,3.21,150.17,10.56,0.2,3.95,10.86,0.05,11.8,4.27,1.61,20.36,21.35,42.94,24.47,7.21,22.43,5.77,6.12,48.92,23.64,0.12,3.53,0.02,3.43,7.79,10.19,35.77,29.62,8.81,31.9,6.51,14.18,1.95,0.85,0.05,58.64,14.99,20.68,157.43,0.82,6.8,31.64,78.97,10.01,0.4,5.59,1.63,3.65,13.75,1.55,5.22,102.33,91.87,2.04,42.36,24.74,6.14,42.88,6.34,76.55,29.79,0.8,30.96,5.24,26.13,31.51,17.24,3.14,6.22,0.39,13.77,0.1,0.35,8.38,2.17,13.59,1.18,9.57,7,724.77,2.34,3.36,34.16,68.14,3.09,17.09,21.41,0.79,0.06,2.75,7.88,0.07,11.43,0.25,0.32,4.65,0.99,13.96,0.32,0
3.84,0.16,47.08,11.36,14.36,105.17,1.72,26.86,0,0,1.42,1.8,5.07,6.63,3.35,1.68,183.5,4.4,0.18,5.54,1.04,0,15.65,2.36,2.15,22.43,8.66,46.85,49.68,6.9,19.73,13.51,4.29,28.94,28.92,10.46,2.11,0,4.53,5.06,5.83,21.49,32.5,9.2,35.18,10.97,9.03,4.31,0.81,0,55.33,9.44,18.68,121.58,1.64,8.37,51.55,55.21,5.57,0.81,6.35,1.93,2.38,12.11,0.56,2.3,36,77.74,1.73,34.29,19.3,8.5,32.81,2.65,70.86,32.25,1.39,32.91,3.66,18.36,48.68,17.76,2.81,7.96,0.63,21.42,0.68,0.8,5.73,2.48,20.82,1.49,13.62,8.71,782.19,3.33,1.34,47.47,68.05,2.71,13.05,29.08,0.28,0.22,2.22,8.13,0,29.64,0.23,1.17,0.13,1.06,12.33,0.17,0.07
2.33,9.37,67.39,6.91,36.29,171.4,1.18,85.91,0,0,1.65,1.4,2.62,12.75,3.13,1.43,280.45,3.32,0.11,4.21,0.95,0,28.66,1.5,1.49,17.61,16.95,38.41,34.29,7.03,19.05,15.73,4.27,23.82,88.46,3.38,1.44,0.02,4.55,4.04,4.39,17.09,31.44,8.79,17.78,10.34,15.88,6.6,1.07,0,53.55,11.7,17.01,132.66,22.96,6.57,27.64,48.39,7.9,0.64,3.7,1.4,2.99,11.45,0.39,4.42,91.88,70.23,1.81,76.49,53.15,5.53,40.61,1.31,51.58,29.07,0.24,24.06,2.09,33.53,76.17,7.22,0.97,5.59,0.14,15.51,0.14,0.88,3.04,2.32,10.56,2.23,14.22,5.1,1628.3,5.73,2.69,43.74,167.74,1.19,7.62,29.22,0.36,0.12,3.81,5.07,0.04,96.06,0.03,0.66,0.15,0.17,11.45,0.62,0
4.05,0.11,42.16,11.54,9.44,31.65,0.97,69,0.04,0,1.97,2.25,2.92,6.2,3.59,1.59,135.7,5.13,0.35,4.33,1.81,0.03,20.26,1.56,2.34,17.72,10.81,32.96,27.65,7.29,23.14,6.57,3.58,21.01,24.55,0.18,1.88,0.01,4.42,7.56,4.9,19.09,31.36,8.36,22.45,8.86,8.84,1.86,0.86,0,46.6,11.94,14.99,84.55,1.72,8.55,38.57,39.91,7.81,0.3,4.45,0.96,2.57,9.4,0.25,2.35,23.78,62.87,1.66,30.99,11.1,8.34,39,1.63,76.93,25.76,0.85,41.3,4.96,17.01,58.21,9.37,0.83,4.08,0.3,15.24,0.28,0.55,3.83,2.43,8.07,1.21,10.15,8.7,627.97,4.25,2.38,33.22,85.77,2.11,14.86,23.91,0.6,0.08,2.16,5.74,0.08,15.3,0.05,1.14,0.69,0.31,9.95,0.93,0
7.29,7.34,63.32,37.45,13.79,121.68,1.44,128.45,0.03,0,3,2.75,3.27,3.04,2.83,0.85,301.36,3.59,0.18,4.64,4.78,0,6.6,1.23,1.32,21.77,11.22,84.73,27.69,6.24,16.69,5.9,4.44,24.97,25.25,0.03,1.68,0,5.29,8.55,5.74,18.39,23.87,11.5,17.63,7.29,11.1,1.81,0.48,0.03,46.11,25.25,17.72,165.36,30.89,5.89,47.43,42.99,8.68,0.36,5.61,0.92,10.13,5.92,0.32,3.23,150.34,58.87,1.77,58.06,21.41,8.46,36.39,1.67,54.02,27.56,0.19,28.22,4.56,19.66,46.7,10.39,2.12,4.07,0.16,13.97,0.15,0.5,6.01,3.65,17.55,2.96,8.07,6.69,1342.28,2.13,1.51,53.66,150.88,1.25,15.22,21.48,0.23,0.11,2.74,4.37,0.01,94.21,0.04,2.07,0.87,0.44,9.43,0.22,0
3.4,7.55,53.56,13.05,11.37,103.83,0.93,83.71,0.02,0,1.88,3.68,2.69,3.49,2.8,1.72,148.38,5.33,0.27,4.39,2.94,0.02,21.25,1.17,1.52,16.87,18.22,45.32,27.08,10.29,21.12,11.11,4.19,17.81,20.13,0.29,1.07,0.01,4.95,4.65,4.11,10.94,23.45,8.32,30.72,8.42,12.15,1.99,0.47,0,47.74,12.64,21.32,80.86,11.59,6.2,73.29,51.22,9.81,1.05,4.44,1.33,2.47,7.61,0.35,6.22,42.01,51.24,2.36,35.84,16.71,12.56,34.15,1.77,77.82,27.92,0.47,33.03,3.43,19.86,53.41,11.36,2.57,5.84,0.33,18.46,0.26,0.35,5.52,2.02,18.83,1.26,9.07,7.13,1101.36,4.64,2.16,34.41,65.67,1.88,12.18,23.83,0.26,0.16,3.11,4.56,0.06,32.45,0.22,1.38,0.73,0.39,12.44,0.29,0
2.31,0.06,52.57,34.67,9.25,52.3,2,48.57,0.01,0.02,3.34,4.07,13.74,4.48,2.54,1.25,316.85,6.25,0.37,7.99,3.21,0.01,18.49,3.31,1.68,18.3,21.5,65.29,24.54,12.79,16.84,15.69,4.7,32.03,44.86,0,2.77,0.04,4.53,3.58,4.66,20.76,30.05,10.36,24.33,9.81,12.6,2.36,0.76,0,38.49,37.79,16.21,56.36,2.04,9.23,66.49,64.34,9.71,1.71,5.88,0.87,2.73,18.23,0.49,6.09,75.73,59.56,2.51,39.23,14.39,10.61,28.82,3.96,82.75,27.88,0.45,37.47,5.14,19.38,60.07,20.1,0.94,3.63,0.41,21.23,0.08,0.86,6.01,2.67,20.62,1,9.92,4.58,1429.57,1.54,2.54,38.58,62.96,3.46,16.67,24.24,0.41,0.13,2.6,3.85,0,18.12,0.06,1.2,0.79,0.3,9.61,0.6,0
4.35,11.85,41.31,18.12,3.74,40.73,1.75,17.97,0.09,0.06,4.32,3.48,3.79,5.37,2.26,1.98,126.66,6.87,0.38,7.08,1.52,0.05,12.58,0.49,1.83,12.68,6.21,124.57,27.87,10.85,18.43,4.53,5.1,32.76,12.69,0.03,2.27,0.03,5.6,3.57,4.88,13.29,25.92,9.92,46.7,6.57,10.75,4.93,1.55,0.03,48.65,14.62,17.19,16.57,0.66,8.04,33.13,35.62,17.07,1.95,7.65,1,3.89,6.56,0.39,0.79,26.83,67.68,2.61,24.87,10.15,19.18,31.48,2.3,53.97,21.48,0.84,37.92,4.76,15.44,42.92,16.84,1.76,7.42,0.27,17.15,0.07,1.04,3.12,2.91,21.75,2.16,11.62,7.65,537.72,9.35,3.08,48.28,55.73,2.73,38.64,24.27,0.22,0.01,0.18,4.25,0,1.42,0.08,0.56,0.63,1.29,13.71,0.51,0
3.07,9.34,46.39,21.89,2.68,24.31,1.24,67.78,0.1,0.11,1.68,7.57,3.57,4.16,1.67,1.37,80.97,5.76,0.18,5.1,3.64,0,3.88,0.8,1.72,11.87,10.17,99.99,27.26,8.73,13.65,4.95,4.6,24.06,32.21,0,0.89,0.01,5.05,4.37,4.5,9.57,29.27,8.02,27.11,6.42,8.83,1.24,0.69,0,37.45,23.81,17.33,69.93,2.13,4.67,37.38,40.2,19.58,1.26,5.88,0.51,4.09,8.14,0.47,5.58,36.4,47.76,2.55,27.72,5.18,6.9,30.35,1.59,47.46,27.04,0.22,34.87,3.42,12.87,44.41,17.04,2.14,3.78,0.4,19.9,0.06,0.5,5.94,2.06,7.22,1.52,8.89,7.45,1064.7,1.76,1.23,46.76,48.47,2.84,21.62,22.64,0.28,0.48,0.95,3.85,0.02,4.08,0.11,1.09,1.1,0.63,9.88,0.42,0
4.72,0.11,33.18,17.28,12.51,66.03,2.37,69.6,0.09,0,3.93,5.22,4.45,8.76,4.84,1.9,167.78,7.84,1.62,6.27,3.14,0.06,29.55,1.01,4.61,18.25,20.03,49.93,20.77,6.44,20.35,8.39,5.31,28.55,32.37,0.15,1.95,0.02,11.43,4.72,13.22,12.25,25.93,10.59,23.77,6.12,11.08,1.36,1.46,0,36.45,12.36,20.17,88.58,47.98,10.15,75.62,45.73,12.03,0.71,6.57,0,6.42,7.97,1.14,7.01,96.72,57.03,1.04,26.77,22.94,14.05,20.32,3.94,82.98,16.25,0.92,34.93,8.64,11.13,36.71,27.66,1.68,7.03,0.53,23.23,0.47,0.63,16.18,5.3,22.05,5.78,6.35,12.61,954.69,5.06,2.6,42.94,98.83,3.8,16.12,14.31,0.83,0.22,3.02,8.61,0.08,36.22,0.08,0.75,7.1,0.36,15.68,0.6,0
3.12,7.24,15,12.31,3.99,9.64,2.31,43.3,0.29,0,2.4,2.79,6.25,5.67,2.41,1.01,144.94,3.08,1.79,6.28,1.38,0,5.39,0.32,3.76,12.23,10.98,14.76,6.28,11.66,9.43,1.6,5.25,23.4,6.07,0.79,1.27,0,6.29,0.37,15.46,7.31,16.41,21.22,21.37,3.71,14.79,4.98,0.88,0,22.26,3.19,8.68,25.46,0.36,5.61,13.16,58.07,8.37,0.02,4.66,1.4,4.71,4.02,1.39,10.43,27.87,17.67,2.34,6.34,10.4,21.41,15.46,0.96,43.05,8.05,0.36,31.92,12.08,9.01,13.95,55.42,0.93,8.22,0.21,37.56,0.11,0.14,15.43,10.46,17.54,0.64,2.15,7.85,282.28,1.33,0.77,13.75,56.08,3.28,7.54,9.26,0.28,0.17,1.24,8.27,0.06,8.41,0.03,0.3,4.8,0.1,16.21,0.47,0
2.84,12.44,36.31,12.01,16.92,50.4,1.99,24.22,0.03,0.09,2.89,1.74,4.73,7.9,2.36,0.66,217.35,5.75,0.19,4.38,0.7,0,28.08,3.62,2.29,19.95,32.15,114.43,32.52,9.06,25.74,7.61,3.78,31.91,23.61,0.22,4.35,0.02,4.41,7.1,4.5,28.3,24.07,6.67,39.2,14.44,13.6,0.86,0.67,0,57.94,33.99,23.5,263.38,1.14,12.65,14.7,93.37,11.58,0.82,6.64,0,2.8,11.11,0.32,2.85,48.33,77.83,1.12,60.03,29.25,18.59,31.53,4.77,55.36,28.87,1.12,29.92,5.17,27.55,57.85,9.01,1.12,6.49,0.4,15.52,0.06,0.54,6.9,1.96,22.02,0.97,12.31,5.49,943.73,3.44,3.57,60.61,126,1.33,13.95,21,0.22,0.05,5.11,4.26,0,17.96,0.04,1,0.79,0.55,12.24,0.37,0.01
4.65,20.33,30.1,10.37,7.29,17.55,1.29,36.73,0.05,0.02,3.66,3.79,1.83,6.63,4.13,4.14,62.4,6.69,0.74,6.78,1.39,0.08,5.22,0.33,4.09,16.61,14.69,29.22,27.11,7.56,21.29,5.27,9.5,28.17,21.11,0.94,1.01,0.04,8.28,6.49,7.51,6.93,36.01,6.36,35.11,8.44,13.93,3.36,1.38,0,41.02,10.26,22,58.61,1.05,8.51,28.78,45.51,18.71,1.52,6.17,0.87,7.65,6.39,1.15,4.17,33.2,51.78,2.39,33.07,10.64,8.68,28.11,1.35,57.83,21.65,0.87,40.66,7.64,16.42,44.31,20.55,2.29,9.53,0.89,20.91,0.45,1.64,12.24,3.38,18.28,2.1,7.44,12.37,344.43,2.11,2.34,48.43,21.22,3.33,18.32,26.72,0.74,0.1,2.94,7.78,0.05,4.02,0.21,1.29,1.37,0.37,16.07,0.69,0.08
3.66,0.18,45.32,19.25,7.39,216.38,1.89,78.71,0.17,0.11,3.13,2.78,5.79,6.8,2.45,2.75,329.18,5.44,0.4,5.36,12.8,6.06,20.01,0.87,1.38,24.02,15,70.5,20.01,10.74,22.64,6.27,7.86,34.48,19.04,0,1.83,0.04,4.85,2.9,7.37,16.24,29.65,7.25,27.68,8.25,10.49,1.22,0.88,0,44.94,11.29,23.41,75.91,31.8,9.73,95.84,98.29,20.45,0.29,5.31,1.54,3.18,10.05,0.58,8.65,59.58,59.8,1.04,48.98,16.7,9.57,29.55,2.56,87.82,14.85,0.35,48.1,8.49,17.03,60.8,23.45,1.98,9.05,0.46,12.49,0,0.29,11.15,2.92,16.25,0.64,11.92,9.55,696.53,3.15,1.67,36.25,56.35,3.95,15.14,16.67,0.56,0.16,2.01,6.29,0.03,50.86,0.13,0.68,1.43,0.48,20.6,0.28,0
7.33,22.31,21.24,11.77,3.73,15.67,4.25,42.23,0,0,3.66,5.98,4.76,8.12,4.06,3.24,151.17,5.68,1.92,6.71,20.47,0.2,15.12,0.48,5.19,21.11,23.46,33.12,10.09,12,18.49,5.22,8.46,38.53,5.03,0.93,3.29,0.01,8.11,3.05,13.55,12.23,25.21,23.21,18.72,3.86,17.71,2.75,1.76,0,21.14,6.99,19.14,20,16.38,11.71,10.13,58.93,18.29,0.92,12.09,1.3,12.13,7.62,1.5,4.43,55.58,39.63,1.83,16.07,10.24,13.37,14.63,4.61,62.46,14.69,0.32,40.62,16.82,10.61,27.38,73.66,0.88,12.23,0.53,29.54,0.12,0.46,32.68,8.11,34.42,1.97,3.69,25.77,265.72,4.95,1.49,40.69,49.77,4.19,30.9,15.26,2,0.16,1.47,11.34,0,20.94,0.13,0.49,10.65,0.49,19.76,0.68,0
1.89,8.01,45.03,30.42,9.29,106.63,2.66,104.86,0.04,0.05,1.59,3.03,8.02,4.46,2.2,2.29,322.35,7.01,0.36,4.26,2.7,0.04,39.94,3.43,2.13,23.9,9.94,62.99,24.3,8.26,20.71,12.8,5.02,48.64,18.74,0,5.1,0.04,5.63,2.88,5.74,45.2,25.31,5.07,36.72,9.65,11.03,1.34,0.96,0.02,51.54,23.82,19.98,72.15,17.02,12.43,29.84,66.06,12.64,0.78,5.21,1.96,3.7,18.41,0.32,10.97,55.58,81.42,1.74,31.12,16.69,11.41,30.12,6.06,77.62,17.69,0.24,41.32,3.73,19.36,57.42,18.86,0.37,5.58,0.16,17.22,0.07,0.41,8.7,1.87,44.55,0.51,9.28,5.93,1124.31,4.75,4.36,31.73,106.91,2.13,17.77,18.24,0.23,0.04,1.09,6.24,0.01,47.39,0.08,0.72,1.49,0.45,13.72,0.24,0
2.34,13.2,55.03,23.61,44.92,53.7,1.54,170.07,0.01,0.07,1.04,1.52,8.08,5.67,2.53,1.26,198.34,6.15,0.18,4.35,1.37,0.05,16.24,1.78,1.84,17.77,8.66,56.35,30.17,16.85,24.13,13.21,4.31,22.65,67.3,0.44,2.97,0.01,6.26,5.19,3.95,28.76,36.5,8.14,22.5,9.83,6.65,0.79,0.67,0,53.22,27,14.05,113.4,4.71,8.48,38.35,68.02,14.62,0.46,4.02,1.21,3.26,12.39,0.52,6.77,51.36,52.56,0.43,17.12,25.55,6.16,45.8,2.73,66.73,23.92,0.55,31.1,4.98,23.81,39.58,10.61,1.81,4.61,0.25,11.48,0.22,0.78,5.77,1.79,18.68,0.73,10.89,3.8,935.66,2.37,1.75,31.77,71.28,2.31,9.94,26.56,0.05,0.03,1.54,5.18,0,20.46,0.05,0.48,0.4,0.6,9.83,0.37,0
5.46,0,34.26,11.29,3.11,84.64,4.79,44.21,1.34,0,1.95,8.68,7.03,7.05,3.11,1.01,168.84,6.98,1.46,6.1,5.43,0,7.79,0.26,6.13,15.41,7.33,38.83,9.92,10.09,15.97,4.1,4.16,34.1,48.91,0.7,2.25,0,9.61,3.05,16.5,11.27,40.31,11.43,27.06,5.22,27.44,1.93,2.05,0.31,22.18,7.65,12.78,41.15,7.41,8.72,41.7,66.73,20.8,0,8.97,1.04,11.19,3.02,2.07,11.04,25.2,33.63,1.68,8.42,7.2,18.71,14.94,3.67,42.88,11.8,1.28,54.14,9.49,9.41,20.94,51.72,1.56,14.03,0.6,32.07,0.11,0.07,19.21,8,13.81,1.91,5.59,4.76,569.84,1.22,2.11,31.65,65.35,8.12,28.02,15.69,1.11,0,1.94,17.07,0.28,10.73,0,0,4.3,0,17.18,0.15,0
4.42,31.35,38.23,12.07,5.57,45.03,2.32,35.91,0,0.11,2.7,9.04,2.76,6.09,2.83,1.66,158.63,6.79,1.03,9.99,4.97,0,3.25,0.4,3.76,14.72,17.21,37.73,24.6,5.03,14.29,3.95,6.05,52.81,24.01,0.34,1.31,0.03,13.1,4.62,14.73,9.27,29.18,11.45,26.31,5.42,15.78,4.5,1.66,0,28.72,9.6,15.7,35.63,0.62,8.38,22.83,40.65,18.18,1.64,7.12,1.29,6.17,6.04,1.26,4.12,18.66,30.5,2.07,21.97,12.91,10.33,22.18,3.74,62.92,13.55,0.74,34.03,6.55,12.26,33.08,34.89,2.31,11.76,0.37,22.93,0.15,0.99,10.16,5.19,15.09,1.58,8.66,7.47,339.76,2.47,2.98,53.66,40.38,6.88,31.76,20.57,0.96,0.1,4.9,5.84,0,4.95,0.12,0.88,1.62,0.62,12.97,0.42,0
1.62,4.47,42.41,59.09,5.77,73.39,4.44,97.24,0.2,0.19,1.45,3.16,20.62,4.42,2.45,0.61,248.04,5.63,0.09,4.16,0.71,0.05,18.48,7.9,0.92,13.27,57.56,121.8,18.62,6.04,16.83,10.87,5.07,57.76,55.5,0,7.29,0.01,3.66,3.4,8.42,73.57,29.74,3.82,37.68,9.39,13.24,1,0.31,0.02,52.75,8.04,27.74,131.87,8.17,15.53,59.48,33.85,15.82,0.42,4.09,1.33,4.56,35.5,0.26,5.83,102.96,85.5,2.14,23.21,13.47,7.89,37.73,12.63,41.38,26.99,0.51,36.33,2.64,31.01,49.29,7.15,0.93,6.98,0.08,15.16,0.03,0.17,2.41,1.36,4.73,0.65,12.47,2.37,2213.21,3.94,2.99,43.4,100.4,1.96,12.33,20.21,0.45,0.1,0.15,5.69,0,197.95,0.33,0.78,0.63,0.99,14.3,0.12,0
