Patient_ID,UBQLN2,UBXN10,UBXN2B,UBXN6,UCHL1,UCKL1,UEVLD,UFM1,UHRF1BP1L,ULBP3,UNC119B,UNC13D,UNC45A,UNC93B6,UPK3B,URB1,URB2,URM1,USHBP1,USP13,USP25,USP30,USP32P1,USP33,USP38,USP47,USP54,UTP14C,VASN,VBP1,VDAC1,VDR,VGLL4,VMAC,VMO1,VSIR,VSNL1,WASF3,WASH2P,WDR45B,WDR70,WDR82,WIPI1,WNT2,WNT3,WNT5A,WNT7A,XAB2,XK,XKR9,XPA,XYLT2,ZDHHC9,ZER1,ZFP36L2,ZFP91,ZFPM2-AS1,ZFYVE19,ZFYVE9,ZG16B,ZGPAT,ZKSCAN1,ZMIZ1,ZMYM1,ZMYM2,ZMYND10,ZMYND11,ZMYND12,ZNF114,ZNF124,ZNF134,ZNF140,ZNF148,ZNF155,ZNF185,ZNF189,ZNF239,ZNF252P,ZNF274,ZNF275,ZNF28,ZNF284,ZNF30,ZNF324B,ZNF337-AS1,ZNF354A,ZNF419,ZNF431,ZNF436,ZNF438,ZNF462,ZNF468,ZNF480,ZNF484,ZNF496,ZNF501,ZNF502,ZNF517,ZNF519,ZNF528-AS1
DO32829,11.25,1.82,6.46,26.78,4.63,8.24,16.66,21.4,7.89,3.64,3.65,11.88,18.44,0.0,0.19,2.46,3.19,9.66,0.23,2.89,8.66,2.65,1.83,22.92,11.07,23.75,5.42,4.84,3.36,22.1,215.35,8.39,17.57,1.38,0.71,11.8,0.71,0.63,2.82,38.35,7.39,16.58,18.34,4.39,0.34,10.87,0.79,9.56,2.99,2.38,3.77,6.9,15.92,6.23,42.66,19.72,6.0,6.58,7.65,49.51,7.42,27.16,11.23,5.44,14.04,0.18,12.59,1.76,0.1,17.87,7.82,4.61,18.07,1.77,5.12,7.94,2.41,7.5,3.75,3.01,24.23,0.8,1.16,1.76,0.86,3.77,4.08,4.62,5.62,2.82,4.41,13.36,5.77,3.5,4.34,1.37,1.33,0.59,1.24,0.95
DO32860,14.06,8.02,13.03,26.62,9.03,8.27,11.12,67.81,11.28,0.39,6.23,5.84,10.58,0.0,1.29,4.78,2.81,8.71,0.27,2.37,17.43,4.55,16.7,32.85,11.47,27.26,32.94,14.45,2.48,17.02,187.12,12.27,30.11,1.7,0.97,12.67,2.16,1.23,5.62,27.2,9.9,26.72,13.04,8.59,0.2,11.08,0.62,8.11,2.15,5.82,5.98,5.49,15.83,5.09,56.67,19.39,3.87,4.21,6.18,27.25,8.39,50.78,17.68,4.66,65.86,0.12,27.71,0.54,0.25,33.95,9.01,10.98,18.67,4.39,14.84,7.64,1.58,13.2,14.46,4.36,14.95,1.06,1.28,2.32,0.7,2.57,4.0,7.36,12.11,5.68,5.95,10.47,6.87,6.7,5.92,3.39,2.1,1.23,2.22,1.45
DO32863,11.84,0.78,10.28,25.05,7.3,7.95,15.38,34.91,7.77,1.8,3.47,12.62,12.38,0.0,0.2,2.83,2.22,11.7,0.15,1.52,14.98,3.78,1.34,18.54,8.29,19.28,12.79,7.45,5.06,21.83,107.49,7.84,34.8,1.43,8.49,9.82,4.39,1.37,2.67,25.05,9.56,22.94,17.24,14.63,0.39,10.82,2.17,7.32,2.75,2.38,3.62,7.91,15.57,5.87,48.17,20.56,1.81,6.25,4.57,7.8,7.1,20.54,5.49,4.09,35.85,0.48,17.51,0.42,0.91,30.54,11.84,5.87,17.68,2.79,7.61,6.96,2.03,8.13,4.4,3.77,17.13,1.28,1.52,2.26,0.86,2.54,4.58,4.66,8.05,3.06,4.57,10.6,4.24,4.56,5.2,2.0,1.64,0.82,1.86,0.31
DO32875,7.96,2.55,9.57,27.61,47.76,12.0,13.02,36.33,5.52,1.64,5.58,44.65,20.55,0.0,1.88,3.19,3.28,13.79,0.52,2.6,12.17,2.05,10.1,29.4,8.39,18.02,6.37,7.81,13.48,23.21,140.89,3.85,19.55,1.63,1.96,16.53,0.78,4.48,6.22,68.34,9.58,17.22,20.31,1.68,1.4,13.14,3.0,7.67,2.23,3.34,5.6,13.64,13.16,8.48,34.23,15.29,8.66,12.47,9.38,21.19,11.61,32.61,7.58,5.83,35.35,0.43,18.4,1.31,0.99,12.97,8.31,5.73,21.74,3.27,23.99,7.15,2.31,13.67,9.76,3.85,9.09,1.31,1.23,2.61,1.49,3.35,4.5,5.91,5.58,3.07,4.62,6.8,2.57,5.53,8.38,2.59,1.65,2.52,3.16,0.49
DO32878,13.17,0.86,6.59,24.77,2.99,6.31,8.67,20.84,7.14,1.57,6.23,26.14,13.77,0.03,20.51,2.49,2.9,10.94,0.18,1.68,7.32,4.35,0.55,15.22,6.48,14.41,11.68,5.14,1.83,15.0,98.69,6.42,16.38,0.74,0.89,32.47,0.85,0.54,2.53,31.3,5.02,17.33,11.28,0.77,0.22,5.67,4.45,12.7,0.68,6.0,3.32,5.84,11.07,6.58,30.61,11.33,6.33,5.13,3.13,28.01,5.28,18.59,7.06,2.68,25.77,0.08,11.27,0.33,1.96,12.21,6.03,8.29,14.78,2.35,21.3,4.68,1.3,9.6,11.15,1.72,12.57,0.77,1.19,1.78,0.66,2.43,3.04,4.96,3.04,1.89,3.68,8.16,3.52,5.43,2.4,1.83,0.67,1.19,1.21,0.3
DO32887,8.96,5.42,7.63,28.13,1.56,29.25,7.43,24.02,6.64,0.54,9.67,32.54,17.37,0.11,2.92,6.3,3.2,19.0,1.37,1.39,15.06,4.45,5.98,56.41,5.53,21.69,62.82,6.67,3.11,5.58,53.0,14.72,20.37,3.32,1.13,21.58,2.4,0.58,11.8,19.29,10.68,14.64,10.02,0.0,0.75,1.04,2.38,8.66,3.34,14.85,8.75,4.77,17.01,11.99,38.26,15.69,1.01,13.02,5.75,7.48,18.62,45.08,19.4,7.16,36.16,0.96,19.9,0.36,1.37,5.55,7.21,12.16,12.08,2.47,7.62,12.27,2.31,14.04,20.24,4.18,14.82,1.18,1.36,4.18,7.43,4.49,6.54,21.62,3.45,5.3,7.98,8.95,9.38,6.3,4.03,1.68,3.96,3.28,2.65,4.94
DO32900,7.81,1.09,8.88,18.65,9.44,6.71,13.85,29.92,9.27,0.95,9.08,6.85,11.94,0.0,6.66,3.72,2.23,14.23,0.64,1.97,15.27,5.78,2.06,27.2,10.66,25.28,15.86,8.56,5.38,23.62,122.87,9.44,20.8,1.43,0.56,13.81,0.73,1.68,3.64,20.2,13.36,21.97,13.68,1.38,0.21,8.52,2.35,7.34,2.97,7.03,5.56,5.09,8.74,9.15,50.2,14.85,5.48,7.36,7.12,1.26,4.49,33.62,8.86,4.7,33.72,0.78,15.17,0.61,0.83,14.05,9.78,9.01,19.42,13.36,9.86,14.31,1.53,13.24,11.49,3.06,16.15,4.97,1.86,2.91,1.31,3.01,4.74,10.04,8.28,3.74,7.15,12.28,6.98,7.47,4.33,2.94,2.9,1.37,3.96,1.15
DO32936,7.34,6.8,6.81,27.53,0.0,14.31,14.67,27.98,9.16,2.79,11.35,38.89,20.53,0.0,84.45,5.76,3.56,7.79,0.04,2.8,16.26,3.01,1.4,19.59,7.95,17.47,7.85,3.93,17.88,25.66,166.94,2.42,7.8,0.91,0.13,49.64,0.12,3.93,6.59,32.55,8.4,14.36,19.13,0.0,0.93,0.03,15.5,8.13,0.45,4.95,21.95,10.62,5.78,13.74,6.51,30.02,5.3,16.76,4.36,3.62,16.0,24.77,6.7,6.54,68.48,0.75,19.1,0.23,3.09,5.07,9.96,11.3,25.04,3.27,30.77,4.53,1.33,12.22,20.8,2.59,7.08,0.68,0.86,2.36,2.85,5.65,10.23,4.29,2.77,1.03,2.73,4.07,6.96,3.82,14.83,0.67,0.0,1.1,1.72,0.01
DO33091,2.74,0.01,4.88,16.17,4.33,7.29,6.68,16.53,6.24,1.66,3.4,0.16,8.43,0.0,0.06,4.72,2.87,16.03,0.06,1.87,5.76,1.8,2.0,6.43,2.47,5.65,11.84,1.32,0.58,30.84,103.96,2.44,6.16,0.71,0.03,0.14,0.0,0.97,1.7,24.58,6.1,14.85,2.47,0.01,0.25,0.08,0.0,8.74,0.07,0.42,6.11,5.11,5.38,2.31,0.97,16.93,2.36,3.56,2.02,0.0,7.26,5.75,0.51,2.85,6.07,0.53,9.92,0.06,1.28,2.31,5.77,3.34,6.28,1.42,0.29,2.69,2.75,5.83,6.72,0.76,6.72,0.65,0.72,1.92,0.67,2.94,2.92,3.51,1.7,0.38,1.88,2.45,7.35,1.61,3.43,0.58,0.95,0.62,1.01,0.6
DO33128,13.73,0.99,7.63,15.05,7.36,11.85,17.24,33.46,9.32,1.73,2.77,23.26,20.31,0.03,1.94,4.15,5.66,14.18,0.84,2.98,16.58,2.92,2.39,30.21,9.7,22.58,26.94,10.92,10.21,28.38,137.48,4.92,25.57,0.87,3.28,13.86,1.64,0.86,3.09,32.28,11.33,30.94,20.1,5.94,0.42,8.48,0.18,7.88,4.83,11.17,5.32,11.07,18.36,10.52,64.17,16.7,4.82,5.84,5.95,19.38,8.07,14.45,8.97,8.05,22.87,0.27,17.24,0.74,0.34,13.71,7.05,10.37,26.58,2.61,11.39,10.73,2.6,12.88,6.27,3.21,12.43,1.12,1.7,1.57,0.7,3.86,2.3,6.86,7.15,3.18,5.07,9.04,4.78,7.02,5.62,3.33,2.85,0.73,5.85,0.42
DO33168,11.54,1.08,8.17,19.08,18.91,22.95,11.6,28.96,9.6,0.82,10.43,11.76,20.14,0.02,8.82,8.54,3.8,11.08,2.44,3.13,12.51,3.27,9.86,80.35,9.41,21.23,23.36,6.94,6.43,20.02,51.6,9.16,32.52,4.57,1.17,13.1,8.05,1.84,15.97,23.19,18.96,25.28,23.67,2.73,0.61,38.83,0.57,9.0,0.59,6.72,5.41,6.96,5.84,9.63,26.95,18.56,12.3,7.99,6.75,3.1,15.98,34.41,11.62,5.64,28.3,0.51,17.9,0.55,3.18,14.08,8.03,8.87,18.81,2.39,3.55,9.16,1.51,8.15,9.46,5.95,9.25,0.95,1.43,2.58,2.4,3.95,4.76,37.87,7.66,2.38,7.97,5.77,4.42,7.13,14.44,2.22,1.78,3.67,7.81,3.31
DO33256,1.14,0.38,3.58,16.8,0.0,9.39,7.88,18.46,1.79,1.93,5.88,29.64,11.12,0.0,62.93,1.7,2.59,18.14,0.05,0.5,4.35,2.18,0.12,8.35,4.18,4.95,2.81,1.19,0.72,13.23,100.47,4.01,13.31,0.65,0.22,14.52,0.0,0.18,1.98,30.14,4.81,11.45,2.36,0.0,0.13,0.0,4.67,3.53,1.67,0.38,2.82,5.36,3.63,2.72,7.19,16.6,2.67,5.09,1.29,1.77,12.41,7.6,0.81,2.73,8.92,0.49,9.22,0.22,0.62,1.76,4.44,3.16,11.89,0.59,6.93,1.39,1.84,8.35,1.84,0.22,11.36,0.49,0.95,1.14,0.64,2.3,2.5,4.85,0.88,0.5,0.79,7.37,8.03,1.16,3.23,1.2,0.0,1.22,1.62,0.64
DO33336,10.14,4.93,7.65,20.48,7.42,10.95,12.52,31.58,6.29,0.95,5.05,16.48,15.63,0.0,43.29,3.73,2.11,13.53,0.46,1.83,12.34,2.91,1.85,20.88,5.65,16.45,24.95,6.5,7.48,10.91,61.83,7.26,35.85,1.69,0.36,11.79,2.94,1.38,3.72,43.68,9.7,26.0,13.24,2.12,0.2,5.75,3.58,9.64,0.24,3.17,3.46,6.69,8.83,7.66,54.54,13.55,5.01,6.7,3.54,1.89,7.8,19.48,12.07,4.87,47.74,2.82,12.21,0.42,0.58,8.89,7.14,5.97,14.03,1.99,12.43,5.63,1.61,8.23,5.23,2.85,11.24,1.04,0.62,1.76,0.84,2.82,2.64,9.76,5.81,1.97,3.99,9.13,3.69,5.64,3.75,1.54,1.8,1.57,2.07,0.39
DO33344,18.1,1.59,9.75,19.71,4.54,9.86,17.16,49.25,9.43,3.93,4.94,23.31,19.57,0.02,0.89,4.75,3.37,12.66,0.76,2.73,23.53,5.56,19.14,35.57,10.05,40.47,54.71,10.98,8.63,30.21,96.33,14.04,21.58,1.46,0.58,17.43,1.22,1.28,4.52,27.05,8.41,16.21,11.68,2.99,1.26,8.12,0.12,6.34,4.29,13.83,7.8,6.19,15.94,7.86,48.85,26.37,7.74,6.53,9.12,12.33,8.78,33.67,18.51,7.98,36.08,0.18,20.02,0.51,0.39,23.5,8.61,11.75,16.73,1.94,24.22,13.62,1.94,14.77,9.76,6.16,16.15,0.81,0.98,1.79,1.66,3.41,3.87,11.55,6.34,4.15,8.21,10.96,6.07,9.78,5.65,1.14,0.61,1.43,1.98,0.55
DO33368,7.92,0.39,5.42,7.43,9.78,9.38,14.52,29.89,6.02,2.49,3.09,9.92,10.12,0.0,0.12,5.15,5.34,18.83,0.33,2.19,8.71,1.65,5.93,20.58,5.18,15.81,6.12,5.37,1.0,52.03,117.03,2.77,10.31,0.82,0.98,8.89,4.89,1.06,2.05,16.24,11.54,16.0,10.56,1.23,0.7,3.76,0.81,5.78,0.55,1.42,6.29,4.01,8.57,3.76,19.84,11.22,2.05,9.26,6.04,0.77,3.95,11.14,3.95,8.08,18.63,0.07,13.14,0.17,0.43,16.26,5.06,7.79,10.81,2.42,9.37,8.58,8.9,22.09,5.93,1.93,13.06,0.69,1.16,1.36,2.16,3.86,3.18,5.16,4.48,2.07,2.07,7.62,5.95,5.59,3.5,1.47,2.06,1.14,3.13,0.55
DO33376,11.01,4.53,8.8,25.02,6.43,7.55,14.44,34.73,8.62,1.32,5.37,3.49,18.63,0.0,0.51,8.23,3.33,9.43,0.4,4.62,13.33,3.57,1.58,27.19,7.68,26.42,20.75,8.7,5.15,13.37,144.33,13.64,23.78,1.79,1.75,14.72,1.86,1.82,3.73,29.68,7.22,18.58,16.3,11.65,0.55,21.98,1.64,9.34,0.66,4.27,5.56,7.49,18.88,6.6,80.93,21.01,0.73,8.02,8.51,7.44,5.95,37.69,12.6,5.76,33.49,0.16,16.34,0.41,0.57,16.7,2.75,7.23,17.23,3.29,12.12,11.85,2.48,14.84,4.48,5.95,19.19,1.28,1.5,2.76,0.85,4.6,2.29,6.23,6.28,3.78,4.29,15.1,4.37,5.55,4.79,1.88,1.14,1.04,1.94,0.18
DO33392,11.89,5.68,6.89,11.56,3.66,10.15,12.98,25.26,6.88,1.98,7.49,5.74,17.82,0.0,1.02,8.99,6.56,6.9,0.53,2.88,16.13,3.75,1.34,29.23,4.94,26.81,39.75,11.37,2.32,12.58,130.38,8.07,29.72,2.15,3.07,13.69,3.33,0.61,4.16,27.85,9.9,28.08,17.3,2.11,0.13,2.35,0.44,11.62,6.06,5.02,4.6,8.44,17.97,6.35,78.9,15.85,0.96,4.12,11.82,25.6,6.19,31.39,11.89,7.34,29.7,0.16,21.72,1.72,0.36,14.66,4.25,5.78,18.8,4.39,15.08,12.92,3.33,14.55,5.46,3.31,8.59,1.85,1.59,2.98,1.45,2.86,2.12,5.94,7.6,4.69,6.55,5.37,4.61,4.52,6.91,2.16,0.96,1.61,2.06,0.24
DO33400,8.07,5.71,6.82,30.09,1.4,14.68,10.85,28.62,4.39,0.92,13.28,4.25,22.52,0.0,0.38,8.23,7.28,12.3,0.33,2.1,12.13,3.76,0.48,17.59,5.15,10.44,22.42,7.81,1.17,12.54,161.11,9.87,15.18,1.61,0.43,11.78,7.42,0.36,5.54,27.99,8.43,22.39,15.31,2.27,0.04,2.42,0.05,11.49,4.6,4.09,2.53,5.97,24.0,6.07,48.85,13.99,2.55,2.56,0.57,39.25,13.39,44.46,6.65,3.85,28.92,0.42,14.57,2.14,0.05,22.08,6.19,8.18,14.74,3.95,3.53,15.1,3.66,10.21,9.21,2.87,19.49,1.48,2.73,3.5,1.23,4.32,2.79,3.31,5.88,3.25,5.55,14.32,7.9,2.42,5.88,2.74,1.64,1.19,1.13,0.37
DO33408,7.47,0.46,10.12,28.5,15.62,5.61,7.79,31.74,5.74,0.9,4.81,13.74,20.53,0.0,0.18,3.87,3.15,15.39,0.33,1.61,11.11,2.39,1.18,20.49,7.75,12.46,17.78,9.25,5.93,16.94,102.21,17.78,21.05,1.47,2.35,22.74,1.82,0.95,3.36,33.18,6.42,18.13,12.34,10.48,0.68,4.79,0.0,9.31,1.24,1.97,3.76,8.31,16.54,6.84,48.56,16.75,0.34,5.99,4.56,51.91,7.73,26.04,8.52,3.38,30.89,0.28,11.49,0.93,0.15,12.52,3.48,5.54,14.09,1.73,12.54,9.61,0.88,6.94,7.55,3.84,9.86,0.6,1.08,2.35,0.6,1.6,1.74,3.09,7.93,3.63,4.37,6.21,2.19,5.02,3.46,1.06,1.09,0.9,0.69,0.13
DO33472,8.2,1.36,4.16,19.81,7.8,14.16,10.57,16.35,4.63,3.24,3.21,25.16,17.8,0.05,1.22,3.72,2.49,12.62,0.67,1.76,8.31,3.22,7.03,18.84,7.06,15.38,17.95,7.49,12.62,12.39,70.2,8.3,26.94,0.98,0.52,10.36,5.04,0.96,4.17,31.6,7.97,17.33,10.68,3.34,0.55,19.79,1.84,6.11,0.73,2.58,3.24,7.18,13.38,8.27,25.29,18.14,7.92,11.71,4.36,6.86,11.06,21.14,17.16,3.54,30.87,0.29,14.27,0.25,0.65,6.03,7.5,5.89,14.72,2.14,14.27,5.45,1.71,9.07,7.97,3.53,12.28,0.52,1.07,2.88,0.99,1.9,3.98,10.2,6.73,2.73,6.53,6.87,2.81,3.73,5.63,1.15,1.23,1.34,2.56,1.58
DO33480,7.52,1.52,4.14,23.81,19.44,5.32,7.28,16.35,5.45,1.03,5.18,12.99,9.18,0.0,0.77,3.86,2.82,16.06,0.43,2.52,8.96,2.83,4.78,12.01,5.92,12.85,9.59,4.35,6.86,8.77,52.25,9.16,28.8,1.61,0.72,10.75,1.51,1.01,3.9,19.37,5.58,14.91,13.89,4.75,0.28,10.75,7.56,9.04,0.75,1.36,4.47,5.18,7.91,9.84,42.7,11.89,0.36,3.53,3.65,31.94,5.58,36.72,7.62,2.07,20.47,0.11,8.28,0.41,0.18,12.04,2.49,5.73,12.67,1.38,15.59,7.71,1.11,5.54,3.39,3.97,3.17,0.35,1.2,1.97,0.49,2.43,2.08,4.39,5.37,2.4,4.94,2.6,1.65,3.56,4.43,2.28,1.51,0.71,1.18,0.17
DO33488,11.55,0.16,7.69,16.73,9.69,9.13,21.97,44.33,4.01,0.41,6.74,1.62,13.06,0.02,0.55,5.47,5.61,13.58,0.41,6.35,11.96,3.48,8.11,37.15,13.19,31.34,15.86,9.81,2.78,17.2,187.0,4.13,26.58,1.48,4.41,10.07,1.4,2.57,4.61,58.38,10.84,22.02,50.5,5.17,0.15,9.61,0.02,6.59,6.75,6.82,6.22,8.09,17.0,9.61,40.58,15.35,0.48,5.67,8.49,5.76,6.44,47.74,11.69,6.82,39.52,0.19,22.2,1.61,0.37,19.89,4.27,11.28,18.92,3.1,1.59,14.2,2.33,15.05,4.57,4.23,15.62,0.95,1.63,2.51,1.37,4.86,1.82,7.98,4.44,3.72,7.13,12.36,5.93,6.52,5.15,2.96,1.62,1.39,2.73,0.29
DO33512,9.87,2.02,7.91,26.96,2.65,19.48,10.56,33.9,6.7,2.3,2.81,32.88,17.71,0.0,1.52,3.88,1.85,13.55,0.26,1.34,16.1,4.09,4.24,17.65,5.32,19.82,19.68,9.87,4.57,14.79,137.2,4.7,24.09,0.99,1.39,8.93,1.78,0.76,4.63,46.19,6.12,19.53,12.65,4.96,0.49,5.35,4.83,10.85,0.74,1.55,3.18,7.41,10.56,6.8,43.95,20.45,2.58,7.48,10.92,5.09,13.37,14.01,6.94,8.88,34.45,0.3,7.84,0.34,0.51,3.23,9.77,7.95,20.36,1.55,17.41,5.09,1.92,11.36,11.74,2.75,11.08,0.58,0.35,1.33,1.2,1.98,3.39,5.04,2.3,2.17,3.42,5.91,2.84,3.02,1.27,0.98,1.6,0.73,1.41,0.54
DO33528,3.2,0.4,6.38,13.47,1.8,5.49,5.87,15.33,2.15,1.19,5.86,20.14,18.67,0.0,4.62,3.38,5.22,10.59,0.03,1.42,5.57,0.75,1.89,14.75,3.93,3.8,3.6,2.37,3.5,34.04,147.31,2.96,13.01,0.43,0.25,11.84,0.24,0.6,1.5,29.21,6.87,12.51,5.37,0.03,0.3,0.26,1.11,2.41,0.73,2.24,2.0,4.14,7.04,2.58,7.03,23.2,3.03,3.99,2.45,1.09,7.71,7.54,1.06,4.27,7.41,0.01,8.5,1.33,17.94,4.52,5.15,2.27,9.02,1.02,16.2,2.88,2.45,13.57,7.84,0.61,7.98,0.49,1.26,1.27,0.61,2.17,3.95,3.93,2.29,1.01,1.71,5.78,5.84,1.4,4.15,1.17,0.46,2.14,2.72,1.43
DO33544,10.9,4.0,5.3,21.87,6.34,9.09,8.34,15.87,3.51,1.33,2.8,9.25,16.96,0.0,2.55,5.39,2.46,11.08,0.29,2.56,9.42,1.86,1.42,17.97,6.91,15.69,20.77,6.31,7.18,8.91,112.46,5.83,21.86,1.43,0.48,16.31,1.42,0.95,3.85,38.39,7.48,19.57,13.11,2.9,0.21,22.23,2.04,11.15,0.86,2.38,2.8,6.71,11.05,9.21,43.02,12.83,3.88,6.46,4.38,78.15,8.66,23.1,9.5,3.52,19.63,0.23,7.61,1.36,0.2,5.12,4.32,4.04,12.19,2.7,6.25,6.38,1.82,13.69,5.27,2.9,6.67,0.68,1.97,1.19,0.82,2.12,2.16,6.01,4.26,3.07,5.82,3.48,2.83,2.27,6.53,1.68,2.03,2.11,1.49,0.37
DO33552,10.47,2.28,8.85,31.9,1.69,13.96,13.18,17.35,6.14,0.95,4.75,16.96,18.93,0.0,0.5,6.14,3.13,20.48,0.37,1.03,11.39,3.02,1.07,12.15,5.73,16.57,27.98,3.55,7.0,8.16,66.12,6.65,23.38,1.22,7.83,11.07,0.64,2.3,4.33,39.0,3.69,19.68,14.02,8.76,0.24,2.63,0.01,10.81,1.96,6.0,2.66,7.52,16.3,8.39,36.19,17.18,0.18,3.93,5.73,45.81,12.07,34.23,6.41,2.45,11.35,0.76,7.88,0.78,0.13,14.87,3.21,5.14,20.39,1.7,1.4,9.64,2.06,3.6,5.2,3.46,7.55,0.41,1.01,1.93,0.89,1.15,2.53,4.24,2.49,2.92,5.88,6.31,1.81,3.53,2.73,1.49,1.52,0.48,0.28,0.05
DO33600,13.1,5.83,9.82,18.78,8.75,10.1,9.98,18.16,5.98,0.25,7.53,6.92,19.67,0.07,12.27,5.97,3.19,10.26,0.44,2.11,4.97,3.45,0.72,18.16,7.66,15.62,10.58,5.83,11.93,9.35,43.32,9.63,20.18,1.44,1.97,21.13,0.97,1.63,3.52,34.09,6.93,23.27,16.71,0.78,0.15,3.52,0.01,11.52,1.04,2.33,2.49,7.46,11.11,9.27,44.35,12.43,10.22,5.88,1.67,34.77,7.62,27.31,12.11,3.65,22.05,1.49,10.99,1.41,0.38,10.23,7.86,5.53,14.89,2.61,13.95,5.25,1.43,12.56,2.88,3.06,11.54,0.91,0.5,3.38,0.67,1.11,3.11,4.28,6.76,2.08,6.07,7.14,3.67,3.01,6.02,1.54,0.27,1.72,1.12,0.12
DO33632,2.01,0.37,3.01,13.31,0.0,7.68,8.02,24.17,1.27,1.14,3.36,19.93,11.6,0.0,50.18,1.24,2.32,28.28,0.03,0.75,3.3,1.25,0.09,11.61,5.33,7.62,4.96,2.48,3.97,22.21,94.7,5.64,9.82,0.5,0.0,24.95,0.22,0.0,1.45,17.02,3.52,16.65,1.66,0.0,0.5,0.0,5.44,3.52,1.46,1.36,4.56,3.17,5.66,3.24,3.51,21.46,1.44,10.96,1.67,8.46,8.93,11.25,1.07,2.09,8.56,0.25,13.67,0.05,1.63,3.79,9.05,3.49,10.7,1.44,19.1,2.84,1.37,11.6,13.01,0.36,22.28,0.54,0.84,1.73,0.24,2.53,4.88,8.15,2.68,0.67,1.33,10.52,12.84,1.78,2.67,0.96,0.29,1.65,0.49,0.84
DO33656,1.31,0.0,0.49,5.04,1.15,2.31,0.74,3.25,0.36,0.62,0.97,7.8,7.55,0.0,4.6,0.85,1.13,7.27,0.0,0.4,0.42,0.52,0.0,1.71,0.66,0.76,0.72,0.06,0.41,1.56,11.24,1.01,2.29,0.06,0.0,1.47,0.27,0.03,0.91,5.77,0.96,2.7,0.7,0.0,0.3,0.0,0.39,2.66,0.03,0.09,0.21,1.81,2.07,1.04,2.34,2.6,0.2,3.61,0.18,0.36,3.66,3.25,0.59,0.56,0.53,0.0,3.88,0.0,0.0,0.34,1.29,3.85,1.58,0.08,5.13,0.6,0.67,1.09,6.53,0.14,3.81,0.07,0.06,0.7,0.77,0.12,0.37,3.22,0.15,0.13,0.62,1.29,4.44,0.15,1.53,0.0,0.0,0.31,0.36,0.11
DO33984,12.07,1.6,11.15,22.08,9.69,9.2,10.31,29.95,5.2,0.48,3.93,6.21,15.06,0.1,0.03,4.36,9.9,16.07,0.44,3.25,9.83,2.2,1.02,20.15,9.66,16.64,13.07,11.14,5.11,17.89,121.45,7.11,22.11,1.85,5.97,16.94,1.22,0.86,3.64,25.13,10.35,22.72,12.97,7.84,0.92,4.1,0.01,10.61,4.17,2.24,4.4,9.26,19.82,8.58,45.13,14.77,5.12,5.36,5.9,54.42,7.92,25.44,7.46,4.67,35.23,0.07,15.89,0.43,0.06,19.85,4.01,6.4,20.56,2.03,2.25,10.27,2.79,17.15,5.0,5.1,17.96,1.09,2.09,1.65,1.1,2.94,2.47,5.09,4.83,2.25,3.83,8.3,2.2,5.58,5.0,1.78,2.17,1.45,1.35,0.2
DO34240,9.44,2.39,7.2,18.43,2.8,9.63,8.02,16.38,9.54,1.1,7.24,14.3,13.32,0.02,0.99,3.07,3.01,9.25,0.55,3.01,8.56,3.13,1.47,22.39,7.86,18.48,8.22,3.07,14.84,9.91,73.03,8.58,23.36,1.12,6.51,11.87,0.79,1.04,3.49,44.48,9.17,11.75,16.1,2.9,0.27,11.41,0.14,11.41,0.3,2.46,3.1,7.24,8.96,7.36,32.71,13.84,0.87,7.95,5.04,9.26,7.84,21.4,11.71,3.17,31.85,0.46,8.34,0.17,0.35,7.83,6.19,7.38,17.72,2.7,7.37,6.98,1.16,6.29,10.72,3.2,6.08,0.67,0.56,2.18,0.53,3.12,3.18,6.27,2.77,3.56,2.72,4.15,1.8,3.64,6.36,0.48,0.83,1.28,1.24,0.78
DO34264,13.05,2.54,9.4,40.97,5.5,8.6,10.39,21.76,5.7,1.36,4.41,5.28,34.04,0.0,0.26,6.14,5.23,10.14,0.28,2.48,11.65,1.4,0.75,19.52,9.91,16.57,19.95,9.0,4.57,15.45,72.95,7.5,17.09,1.27,1.51,26.76,6.47,1.29,3.53,25.43,10.79,17.42,12.65,3.27,0.11,5.5,0.02,10.02,1.47,1.74,2.91,3.91,17.25,6.39,68.94,15.37,0.25,8.2,9.87,106.18,8.96,55.89,8.38,3.9,26.06,0.16,12.47,1.34,0.21,23.76,3.93,4.6,21.27,1.11,2.43,9.34,2.52,9.87,2.63,4.02,7.82,0.42,0.78,1.53,0.61,4.85,2.12,2.59,3.77,3.91,5.67,5.39,2.24,2.6,3.1,1.46,1.26,0.85,1.55,0.31
DO34288,24.22,2.43,8.73,32.95,7.89,10.93,15.8,39.45,5.13,1.33,5.87,17.1,27.96,0.12,1.33,6.5,4.84,11.12,0.56,1.06,11.85,2.89,1.41,24.23,6.39,18.48,38.81,13.46,3.92,16.95,146.18,14.17,23.62,4.21,1.52,21.53,1.62,2.01,7.14,22.59,9.89,23.34,14.08,3.81,0.25,7.86,3.44,12.66,4.31,4.15,4.57,8.45,24.24,5.71,40.04,26.19,0.63,7.37,10.15,54.92,16.86,30.44,12.11,5.24,50.32,0.27,16.15,0.26,0.28,7.66,9.81,5.3,13.06,2.92,17.76,6.45,2.26,18.49,8.04,3.27,12.75,0.85,0.55,4.26,1.82,2.74,3.65,9.17,4.7,3.37,4.74,6.72,5.52,4.47,3.66,1.75,1.88,2.72,2.91,0.63
DO34312,11.08,2.25,10.89,15.96,5.51,7.68,14.03,32.56,9.05,1.09,2.7,13.65,12.67,0.0,1.5,2.48,1.79,5.66,0.64,2.36,11.37,4.06,2.18,37.88,7.44,23.98,18.22,7.1,3.71,15.63,108.52,5.47,28.19,1.01,0.9,13.28,2.49,1.16,3.62,28.96,10.4,14.24,9.29,3.45,0.4,13.15,10.38,6.17,2.62,4.34,5.2,7.67,16.61,4.28,60.96,21.23,1.67,9.53,6.07,10.53,6.32,24.46,10.13,5.32,43.81,0.16,16.62,0.71,0.6,9.15,3.9,8.55,16.7,2.02,22.03,8.29,2.16,14.28,6.88,2.41,11.71,0.81,1.1,1.55,1.36,4.3,2.77,14.57,5.26,3.95,7.14,8.3,4.74,4.99,4.74,1.69,1.25,1.73,3.07,0.52
DO34336,0.0,0.45,14.33,4.59,0.0,4.07,23.98,2.03,0.0,0.0,0.15,4.81,105.42,0.0,0.0,1.43,0.0,0.0,4.28,0.37,2.32,0.58,3.39,67.82,0.0,37.01,14.89,0.38,3.03,0.0,8.92,0.27,27.47,1.7,0.0,0.0,14.98,0.57,0.0,0.37,0.0,7.26,59.05,0.29,0.0,0.68,0.0,0.0,0.0,18.47,7.69,9.02,0.0,0.0,0.46,0.0,6.83,2.59,0.26,0.0,6.75,16.96,0.61,0.11,0.45,3.04,0.77,0.94,5.2,31.83,0.0,7.47,0.04,1.64,0.0,0.14,0.0,2067.21,5.07,0.08,46.72,2.05,1.31,0.79,102.79,0.0,2.12,61.19,0.0,0.12,0.05,0.92,1.98,0.0,0.4,0.0,0.0,27.1,2.2,38.22
DO34368,11.26,5.78,7.53,18.98,1.67,11.44,8.45,17.56,4.54,1.53,3.87,9.29,17.35,0.03,2.04,2.41,2.15,18.34,0.34,1.71,8.44,3.08,1.58,16.21,9.33,13.78,33.34,5.78,9.51,11.21,122.13,8.64,24.37,1.99,0.78,24.06,0.65,0.5,2.48,20.08,5.54,24.26,5.44,2.36,0.34,8.82,5.32,13.29,2.77,2.36,3.52,6.27,17.13,11.21,49.38,15.15,3.24,6.59,4.89,25.05,8.86,24.33,13.17,2.67,25.88,0.21,9.06,0.2,0.29,6.12,9.12,5.48,15.22,1.44,17.17,7.62,0.9,6.57,8.71,2.5,10.2,0.44,0.88,1.91,0.8,1.65,3.22,6.17,4.47,3.14,6.17,8.41,3.12,3.69,4.21,1.14,0.86,1.24,0.95,0.35
DO34376,5.21,0.88,11.36,25.24,0.12,12.05,21.67,31.19,5.17,1.41,5.42,22.33,11.95,0.01,79.24,3.67,2.43,7.63,0.04,3.75,20.01,3.06,3.42,36.39,11.29,14.78,12.67,6.47,1.34,53.62,163.79,2.01,17.0,0.91,0.09,11.91,0.6,0.5,3.19,39.64,14.86,12.59,12.98,0.01,0.12,0.02,1.81,9.48,1.43,5.95,5.48,4.83,9.28,4.74,3.01,23.57,5.98,13.63,2.94,17.5,7.4,39.91,1.36,10.06,36.5,0.11,9.64,0.96,0.13,7.4,12.2,8.29,25.46,4.44,33.16,4.87,1.78,15.55,16.55,0.68,29.23,1.38,1.34,1.88,0.98,6.64,7.34,8.38,4.15,1.27,2.95,17.21,10.44,3.6,5.37,2.0,0.05,1.11,2.65,0.4
DO34432,9.81,1.88,10.0,26.43,6.54,10.71,12.46,24.72,6.63,0.93,10.29,7.6,23.23,0.01,3.55,6.21,2.78,12.35,0.46,4.05,14.34,4.63,4.37,17.07,11.43,22.85,15.35,10.13,15.94,12.21,118.0,7.08,28.23,1.26,0.99,18.38,1.46,1.12,3.97,31.59,8.28,21.92,17.17,6.51,0.54,29.33,3.0,9.23,1.21,2.2,3.53,9.58,15.05,9.42,47.36,16.87,9.0,9.76,6.57,23.67,11.73,24.63,15.49,6.0,26.04,0.39,16.82,1.27,0.56,16.25,9.76,9.4,18.01,3.6,19.01,7.57,2.51,11.71,9.54,4.77,15.76,0.5,1.0,2.39,1.39,2.73,4.56,3.16,6.03,4.46,7.42,11.43,2.48,3.36,8.19,1.8,1.51,2.1,1.33,0.84
DO34448,15.61,0.43,12.15,20.22,4.43,6.71,12.06,44.82,9.01,1.56,4.27,13.09,11.91,0.0,0.33,4.92,3.95,15.21,0.58,2.92,16.85,3.26,8.99,20.55,12.34,20.16,30.25,15.55,4.08,14.34,125.31,10.44,29.47,1.31,0.6,10.99,2.37,0.98,3.73,24.13,7.6,19.45,12.57,9.76,0.27,9.38,0.4,8.57,0.46,6.55,8.76,4.39,13.21,5.7,43.02,21.63,0.35,4.24,5.29,11.9,6.55,23.23,17.03,5.52,40.88,0.1,21.46,0.3,0.42,10.66,7.75,7.81,16.29,2.93,12.53,14.13,1.61,11.83,7.98,3.6,10.95,1.28,1.15,2.12,0.34,2.69,2.94,6.67,5.95,5.83,10.03,7.12,3.34,6.33,5.12,1.99,0.96,0.87,1.63,0.15
DO34504,8.55,1.4,14.6,26.84,3.93,11.66,14.3,33.67,8.76,1.25,4.55,19.48,13.49,0.0,1.47,4.51,4.49,7.97,0.39,3.18,13.87,2.29,5.37,43.33,9.0,25.12,8.85,8.72,2.92,9.7,149.38,6.41,23.72,3.08,4.88,18.53,0.68,1.35,3.87,48.15,12.22,27.08,19.75,2.38,0.82,22.46,0.82,10.62,0.82,6.3,5.29,7.07,10.3,6.86,99.3,19.64,1.69,6.74,6.68,11.54,8.79,29.32,13.44,10.15,36.6,0.6,19.65,0.96,0.36,11.82,10.21,5.78,21.3,4.42,6.84,11.0,2.84,17.18,9.64,2.53,8.95,1.71,1.82,2.5,1.78,5.15,6.89,11.93,4.37,3.64,5.52,9.59,6.16,6.26,6.64,3.73,2.41,1.85,3.92,0.31
DO34600,12.54,1.6,7.21,21.92,8.88,9.7,11.32,23.25,6.42,1.83,2.75,18.72,14.33,0.0,8.59,3.55,1.94,14.15,0.7,2.74,8.8,2.15,1.37,17.34,6.2,18.95,13.12,6.29,8.86,17.14,86.21,7.02,29.06,1.0,0.89,13.38,3.84,1.15,3.31,37.42,8.3,18.88,17.04,1.78,0.26,20.13,1.89,5.82,1.64,2.89,3.34,7.83,12.11,7.58,38.13,18.98,7.88,5.89,4.37,13.45,8.82,17.42,9.84,3.07,26.7,0.31,9.6,0.24,0.25,4.97,7.72,5.68,11.74,2.17,18.09,4.67,0.68,7.09,7.2,3.3,10.58,0.81,0.7,1.09,0.99,2.35,2.79,7.78,7.6,2.12,4.77,9.06,2.22,3.76,5.37,1.41,1.53,0.71,1.12,0.74
DO34608,9.63,4.09,14.8,20.21,14.6,10.35,14.55,23.97,5.06,1.5,6.11,11.43,13.48,0.02,2.48,3.65,6.02,21.84,0.24,1.69,12.91,3.16,1.86,22.14,8.01,20.23,29.25,6.8,10.38,20.96,88.47,16.86,27.09,1.76,0.81,10.72,1.64,1.2,4.61,45.76,6.95,33.94,14.64,5.82,0.71,9.78,0.74,13.65,1.6,4.25,8.55,6.72,13.8,12.0,43.77,20.23,0.31,11.05,4.12,41.49,7.6,28.3,8.39,4.67,39.73,1.25,21.23,0.72,0.38,42.13,7.4,11.68,17.7,3.59,10.2,18.21,2.3,12.81,8.14,3.51,13.62,1.24,1.22,3.32,1.82,2.39,3.47,4.46,6.82,3.04,8.45,13.6,6.09,6.99,10.47,2.23,2.71,2.36,2.35,0.35
DO34616,15.05,5.67,14.05,26.32,0.04,8.12,15.21,57.7,14.01,1.63,6.8,4.79,17.87,0.21,2.83,6.25,6.24,16.49,0.22,5.95,12.59,2.58,1.79,32.18,14.77,22.42,31.02,22.15,0.86,13.9,185.4,17.32,20.29,2.19,11.71,21.46,0.69,0.25,5.12,48.22,5.97,24.68,20.19,0.18,0.02,4.4,0.48,8.32,1.06,2.6,8.19,7.56,32.2,8.63,159.88,25.15,0.29,9.11,9.11,56.45,7.16,25.0,15.31,5.88,36.39,0.29,23.18,0.63,0.17,12.57,8.3,9.28,14.7,2.68,6.81,9.83,3.03,16.42,12.2,2.88,19.72,0.9,1.06,2.53,1.49,2.39,2.08,7.56,5.28,5.1,5.98,15.06,7.32,8.21,6.29,1.28,1.49,0.38,4.21,0.53
DO34640,13.66,2.64,11.4,24.97,3.03,7.34,20.69,30.41,10.84,1.34,4.27,26.34,11.53,0.02,33.96,2.86,1.93,13.42,0.31,2.13,24.51,4.1,2.71,22.13,8.73,25.58,34.97,4.39,13.12,21.79,151.7,13.35,23.53,1.61,1.42,12.38,0.95,0.79,3.72,41.11,7.15,20.83,17.38,2.46,0.3,11.49,2.51,9.89,4.42,5.11,10.39,7.13,22.02,8.43,70.06,27.76,5.17,17.66,4.36,6.45,9.57,28.59,12.36,5.25,29.98,0.51,20.91,0.38,7.04,8.0,4.5,10.3,16.57,1.36,23.36,8.34,1.82,15.6,6.44,2.03,9.07,0.7,1.29,1.33,2.32,5.19,3.09,11.06,6.69,5.4,11.06,10.3,2.69,5.72,3.32,2.07,1.77,2.11,2.64,0.54
DO34656,10.37,9.16,10.29,30.01,8.2,9.49,14.31,36.45,6.77,1.45,5.32,7.29,21.03,0.09,2.08,5.53,3.73,31.52,0.59,4.28,16.38,2.29,3.38,29.58,12.27,25.95,37.91,9.98,3.48,17.71,127.08,5.21,28.49,3.05,0.76,22.02,0.86,1.32,5.23,50.89,10.73,35.75,13.76,1.44,0.21,25.89,0.89,10.21,9.75,6.2,10.25,9.11,16.74,15.64,43.91,21.1,2.87,9.95,6.97,58.72,7.43,34.09,10.99,7.24,34.04,1.41,24.74,0.78,0.15,13.61,11.79,6.27,21.28,3.9,9.34,34.56,2.55,17.02,11.04,3.96,14.54,1.19,1.28,2.71,1.65,3.39,3.8,5.9,11.0,4.55,8.17,9.94,6.43,9.65,5.24,3.42,3.22,2.0,1.71,0.33
DO34680,12.3,1.58,7.7,28.26,5.45,14.18,11.24,65.07,10.57,1.94,4.44,16.26,13.8,0.04,0.66,4.38,4.08,17.71,0.53,4.36,16.49,4.08,15.38,30.4,10.91,21.98,10.15,10.18,3.99,23.08,168.57,7.8,25.45,1.91,1.03,10.58,1.03,0.95,5.37,78.86,7.92,25.02,19.75,1.08,0.37,9.33,2.8,8.79,0.63,5.69,6.14,10.81,19.36,7.98,63.65,21.98,3.1,6.53,6.69,34.6,11.97,33.76,14.31,5.33,33.3,0.1,16.87,0.23,0.26,16.6,6.02,7.25,23.87,2.88,16.94,13.32,2.09,10.49,7.74,3.74,14.52,1.25,0.82,2.47,0.93,3.93,3.33,8.95,4.5,2.45,7.77,8.11,4.77,5.37,4.92,2.27,2.12,1.18,3.02,0.99
DO34696,9.42,2.82,12.26,22.23,13.24,13.42,18.55,35.1,7.06,2.73,5.83,25.87,14.3,0.03,4.6,3.43,4.29,17.77,0.28,2.13,12.09,4.13,1.8,27.38,9.76,25.29,16.07,7.86,7.85,28.04,131.01,7.58,26.4,1.81,3.9,16.26,8.69,0.98,4.38,55.26,8.85,32.31,15.62,4.4,0.29,16.81,1.17,7.8,5.56,4.46,8.37,9.1,12.52,9.07,36.82,24.08,6.24,6.44,7.21,29.56,9.9,20.52,7.21,5.43,29.88,0.52,17.43,1.12,0.53,22.71,13.99,10.73,19.85,4.9,11.51,12.71,2.66,15.65,14.85,2.92,20.23,1.7,1.94,2.98,1.08,3.06,6.78,5.31,6.95,3.4,4.75,12.87,9.1,6.56,4.21,2.63,2.45,1.34,1.54,1.25
DO34720,11.57,2.45,13.56,16.37,7.2,8.7,14.5,36.7,7.94,2.14,8.82,8.66,13.21,0.0,1.12,7.52,4.92,17.0,0.43,3.1,19.84,3.99,2.16,40.78,7.15,26.02,13.82,9.23,5.42,14.9,147.95,7.53,35.52,1.71,5.21,7.59,6.53,2.29,5.86,45.04,10.76,31.3,13.98,8.44,0.34,11.87,0.36,7.6,5.92,8.31,6.96,7.62,19.96,9.47,68.87,21.18,0.66,6.05,7.46,23.4,8.18,27.47,13.87,8.02,42.43,0.51,13.39,0.66,0.35,17.29,13.3,10.39,18.81,7.13,6.56,22.37,3.21,15.28,12.37,4.3,32.38,2.08,4.11,3.38,1.77,4.58,5.82,5.82,7.3,3.56,6.3,20.47,9.44,7.18,8.57,2.12,2.53,1.62,2.44,0.71
DO34728,10.13,0.38,8.99,30.55,11.49,7.65,19.48,36.78,10.94,2.47,5.01,6.4,20.97,0.05,1.81,4.37,2.94,17.08,0.28,2.22,8.55,2.14,5.6,22.42,9.89,32.39,9.01,6.5,8.27,33.51,166.79,12.05,25.46,1.62,1.87,18.42,18.95,1.49,3.64,40.55,8.22,17.26,28.3,10.7,0.59,23.34,0.54,6.89,0.59,2.52,8.63,9.49,15.97,9.28,41.08,20.54,8.8,5.29,10.86,0.5,5.94,15.37,11.31,6.63,29.05,0.1,14.79,0.32,0.43,8.46,4.16,4.53,19.63,1.84,21.16,9.32,0.62,10.18,4.62,5.02,3.09,0.85,0.77,1.96,0.39,3.21,2.38,3.07,9.82,3.11,4.26,2.33,1.94,6.98,4.77,0.91,1.36,0.96,1.76,0.21
DO34736,10.17,1.83,13.5,22.82,3.99,9.76,16.86,38.96,7.23,1.68,3.53,4.34,20.35,0.0,0.25,2.38,2.79,12.79,0.3,1.66,11.18,1.27,2.46,20.41,8.77,19.04,16.63,8.15,4.14,25.27,173.1,9.05,21.92,1.72,4.04,11.56,2.54,0.46,2.16,37.98,10.0,15.3,13.99,3.68,0.44,13.68,0.38,8.11,1.54,16.79,8.27,6.03,13.3,8.18,40.3,20.48,3.21,4.74,4.04,37.84,5.95,55.75,8.73,4.29,28.58,0.59,14.55,0.82,0.24,28.62,6.71,5.92,16.88,2.19,9.29,20.58,1.52,16.05,5.11,3.44,12.34,0.82,0.71,1.39,0.86,4.0,3.52,8.57,3.59,3.37,4.18,10.07,4.2,5.88,4.2,1.44,1.48,1.3,1.61,0.97
DO34785,12.65,1.99,12.97,30.1,4.97,10.95,15.75,38.84,8.21,1.27,4.95,10.63,17.02,0.0,0.47,5.04,6.54,21.43,0.44,2.68,12.95,2.98,2.67,30.97,12.2,24.58,31.31,10.99,3.6,20.77,220.85,9.17,30.3,3.53,1.22,12.82,1.34,1.33,4.2,51.48,9.48,30.45,11.86,5.53,0.25,13.74,1.01,9.34,3.86,3.69,10.79,7.66,19.77,10.72,94.19,20.13,6.06,10.0,10.43,20.62,8.24,30.61,8.76,6.61,39.13,0.2,23.08,0.65,0.12,32.93,9.52,9.9,20.99,3.14,3.6,17.84,4.08,12.48,8.19,4.01,14.58,0.82,1.63,3.04,1.69,3.41,3.83,7.53,6.57,4.4,8.15,10.56,5.56,7.76,5.09,1.6,2.62,1.47,1.47,0.26
DO34793,13.76,1.75,12.96,22.16,5.94,8.31,16.61,69.78,4.45,0.96,4.69,7.41,17.03,0.0,0.58,2.75,2.35,14.09,0.44,1.99,8.33,1.93,4.02,25.55,12.73,17.08,18.38,4.94,8.37,13.29,129.46,8.26,36.43,1.97,5.9,9.83,0.87,0.62,3.99,56.16,9.27,23.13,16.38,4.63,0.23,8.89,0.0,8.36,3.71,8.29,5.15,8.23,17.45,11.14,67.74,18.34,4.45,6.1,5.84,23.29,8.13,22.62,12.79,4.26,23.55,0.29,13.1,0.77,0.37,18.94,5.43,6.46,17.02,2.07,9.4,10.88,1.96,13.3,5.82,3.78,11.19,1.06,1.09,1.87,0.73,5.18,2.65,7.14,5.45,3.61,4.36,7.44,5.24,4.89,6.32,2.71,2.48,1.17,1.43,0.14
DO34801,11.91,6.53,7.34,31.87,2.41,12.04,10.53,23.64,6.67,2.42,3.28,6.5,18.27,0.0,0.23,4.42,2.5,19.66,0.61,2.18,11.82,3.78,1.76,25.16,9.26,20.77,38.59,8.08,5.49,11.15,157.21,11.46,31.17,1.98,0.7,13.34,2.46,1.36,4.34,51.36,10.59,26.19,9.47,5.25,0.34,12.93,0.53,11.84,5.34,4.26,5.49,7.2,18.39,10.4,68.41,16.4,3.05,9.41,8.98,25.75,7.78,40.96,12.55,3.87,26.7,0.15,15.98,0.99,0.12,17.6,6.75,8.2,12.41,2.61,4.76,11.22,1.4,10.58,9.48,2.94,11.63,0.69,0.92,2.48,0.78,2.1,2.37,5.75,6.0,4.01,9.17,6.44,3.84,4.91,5.18,0.55,1.77,1.17,1.17,0.39
DO34809,7.19,2.13,8.89,16.8,2.44,7.22,16.77,29.61,6.1,0.83,3.49,2.9,11.95,0.0,0.48,2.63,2.4,9.37,0.28,0.78,11.2,1.16,2.53,18.33,6.2,12.16,17.99,4.69,3.63,26.51,114.18,5.85,13.46,1.42,2.34,10.43,1.48,0.17,1.83,26.36,6.55,11.79,10.3,1.49,0.2,6.29,0.12,5.51,1.83,16.39,5.52,3.99,10.54,6.34,36.0,13.7,4.24,4.19,3.09,28.17,4.06,75.24,6.81,5.22,21.51,0.27,13.67,1.16,0.13,43.79,5.5,5.7,14.26,1.75,6.03,18.63,1.32,16.52,5.82,2.51,11.66,0.54,0.42,0.96,1.41,3.71,3.64,8.12,3.18,2.6,2.38,10.05,4.03,4.98,2.51,1.13,1.34,0.98,2.5,1.36
DO34817,12.51,0.77,10.2,26.09,1.86,8.66,16.86,36.7,6.06,1.56,4.23,6.12,7.04,0.06,0.31,6.38,4.57,30.74,0.39,4.14,12.7,2.94,0.9,18.66,13.2,26.41,53.67,23.36,2.14,16.35,169.4,5.96,20.41,2.53,8.29,14.16,0.27,1.71,4.07,59.5,9.92,30.34,22.4,5.89,0.35,7.74,0.03,8.85,1.54,7.42,8.51,5.84,14.94,13.65,46.48,24.5,0.57,3.71,10.28,62.76,6.21,27.48,9.83,6.02,40.13,0.06,13.05,1.0,0.17,13.02,9.94,11.95,18.93,2.32,1.41,17.35,2.68,14.96,11.89,5.32,10.89,1.05,1.26,3.58,0.27,3.15,5.17,6.45,3.78,2.38,9.76,11.85,6.97,7.62,3.96,2.58,3.17,2.33,2.77,0.11
DO34849,11.13,1.22,10.84,15.24,4.53,10.45,12.39,36.63,6.37,1.48,3.37,23.84,11.91,0.05,4.25,4.11,2.14,9.28,0.47,2.71,11.09,2.73,21.07,34.7,9.41,22.95,18.96,8.74,12.33,11.71,107.98,6.52,26.66,1.13,0.69,11.09,2.68,1.46,3.16,22.13,10.17,20.41,15.34,0.84,0.18,11.75,2.76,8.78,1.25,6.55,5.36,5.18,7.69,5.46,56.52,15.32,5.25,8.21,4.91,31.82,8.97,22.27,12.25,5.13,39.36,0.54,17.39,0.37,1.29,11.71,7.2,5.83,16.47,2.57,10.2,7.6,2.56,13.8,6.81,2.41,13.01,0.85,1.08,0.85,1.43,4.28,3.74,15.3,5.04,3.05,4.78,9.16,5.44,7.19,5.15,2.26,2.81,1.29,4.53,1.86
DO34905,14.54,3.44,9.88,26.71,5.29,13.74,13.16,30.11,8.88,3.75,1.67,2.76,25.14,0.0,1.51,2.66,3.67,18.28,0.31,4.48,11.93,3.03,8.15,22.39,6.19,19.75,47.51,5.63,7.48,24.48,253.69,17.14,37.65,2.17,0.86,21.18,3.77,1.41,4.72,51.17,9.27,17.09,19.4,5.93,1.0,10.61,5.84,10.27,4.46,3.59,8.31,9.48,22.89,9.7,39.87,26.47,0.74,10.11,7.87,1.54,7.2,18.47,9.93,9.11,21.67,0.11,16.35,0.74,0.25,11.98,6.14,11.24,17.12,3.4,5.78,9.79,1.59,18.19,6.92,4.41,12.24,0.75,0.99,1.53,1.14,5.64,3.29,4.85,6.99,3.12,5.26,7.24,6.96,6.7,6.56,1.35,1.72,1.16,1.5,0.18
DO34945,7.51,2.7,8.85,20.05,11.75,7.92,14.51,31.22,7.72,1.21,6.29,22.62,11.92,0.0,0.28,5.47,2.72,21.36,0.59,2.79,16.27,2.05,2.63,25.62,8.97,18.49,7.18,6.16,11.12,25.58,78.44,7.76,30.77,1.3,1.25,14.05,1.66,1.39,4.07,29.05,8.44,21.76,19.13,1.14,0.81,4.97,6.44,6.44,0.76,3.74,5.46,6.56,12.81,8.36,35.95,18.7,8.36,8.71,4.12,19.26,6.95,32.33,9.49,5.72,30.03,0.24,15.88,0.4,1.6,11.57,7.29,7.04,13.74,3.26,12.88,8.8,1.98,13.76,10.54,4.73,11.56,1.42,0.95,2.38,1.38,5.18,5.96,6.49,9.15,3.15,5.18,8.02,5.67,6.72,7.17,2.88,2.21,1.62,1.95,0.31
DO34961,10.06,0.03,9.48,39.64,0.09,20.91,8.2,24.31,11.16,0.95,5.06,10.23,17.91,0.0,0.05,3.17,3.45,7.42,0.2,1.71,14.06,4.91,1.44,19.84,9.97,26.31,5.71,5.82,0.28,32.74,207.02,1.71,20.76,1.97,0.41,2.18,0.0,4.64,6.87,78.99,14.29,14.71,16.57,0.05,0.92,0.99,0.02,6.81,8.13,3.06,7.03,11.75,18.88,4.53,49.52,36.67,4.28,12.63,5.66,55.55,8.56,40.63,6.79,2.92,22.6,0.04,27.95,0.62,0.22,43.08,5.42,8.86,11.06,2.19,2.3,8.76,0.2,7.33,5.24,4.39,0.62,0.67,0.93,1.32,2.09,9.54,2.64,6.29,4.25,3.05,5.9,4.99,5.33,5.54,7.45,0.36,0.52,0.99,1.19,0.02
DO49074,4.81,0.47,3.85,18.4,1.17,29.27,7.92,22.45,3.9,0.59,2.24,60.32,22.2,0.1,2.91,3.85,3.33,4.26,1.85,4.34,6.33,1.85,17.31,39.18,7.37,17.54,34.03,8.16,1.19,9.21,86.98,4.37,19.46,1.94,0.42,4.41,2.56,1.43,3.95,29.14,11.34,9.25,9.99,0.0,0.55,1.1,0.62,9.38,0.16,7.26,2.21,5.27,8.1,2.65,34.01,8.15,4.23,8.81,2.79,11.06,16.32,24.91,8.25,5.49,79.71,0.35,10.79,0.31,1.48,10.82,4.71,4.32,20.08,1.79,6.77,2.99,4.97,9.58,7.54,1.57,8.69,1.37,0.75,2.08,0.82,4.17,3.74,32.3,1.53,2.08,5.01,7.68,2.91,2.12,7.55,0.55,1.27,2.01,5.57,1.98
DO49076,10.23,0.18,12.48,36.15,3.04,5.76,16.01,37.75,8.19,2.72,5.02,24.56,7.41,0.0,0.41,2.73,2.14,10.31,0.67,4.19,14.92,7.19,9.5,20.89,8.66,39.16,3.58,9.98,1.25,20.03,72.81,1.13,10.43,2.78,0.59,10.28,0.0,4.79,3.81,30.8,6.89,15.91,6.7,0.41,0.23,0.48,0.01,8.81,0.45,8.36,9.35,5.87,13.11,7.4,71.06,32.28,0.95,4.55,9.21,17.99,5.87,50.71,6.5,2.99,43.35,0.52,31.57,1.2,0.12,30.08,11.86,14.09,23.31,5.25,1.56,10.35,1.74,17.24,9.65,3.79,14.79,1.21,2.61,2.38,1.76,3.0,5.71,8.33,4.31,1.84,5.04,12.73,8.49,5.28,7.45,1.06,1.96,1.66,1.71,0.5
DO49078,11.64,1.58,11.15,18.52,5.13,11.27,9.39,32.72,6.31,0.71,3.64,10.19,10.99,0.0,1.05,3.17,2.4,7.65,0.46,2.29,12.52,2.16,6.79,27.0,7.92,16.43,9.68,9.47,10.55,15.85,103.17,4.83,25.32,1.96,1.25,9.82,1.13,1.67,2.95,38.63,6.91,22.2,21.37,3.31,0.23,6.93,0.05,7.03,3.82,8.86,5.67,7.52,13.85,6.3,69.89,22.48,5.63,4.24,9.51,13.15,7.56,21.4,14.0,3.99,58.18,0.21,15.55,0.42,0.45,18.4,7.16,5.88,12.9,2.14,7.28,7.71,2.08,12.52,7.59,4.6,10.33,1.48,1.42,1.71,0.66,3.42,3.75,10.84,5.27,3.18,5.41,10.18,4.38,4.14,7.61,1.97,1.39,1.89,2.34,0.74
DO49079,10.67,1.07,5.08,21.23,2.69,11.23,9.08,20.19,9.3,2.49,3.67,37.74,20.28,0.03,0.45,2.61,2.19,6.83,0.37,4.33,10.46,2.11,2.55,24.79,6.54,18.24,7.97,3.53,12.16,16.62,99.69,4.14,18.65,0.59,0.95,5.76,0.75,0.85,2.39,23.12,8.7,10.88,9.68,1.5,1.19,3.97,1.87,7.13,0.55,2.83,4.12,17.08,9.88,5.13,35.95,18.97,4.63,8.47,7.66,14.68,6.53,18.41,8.16,6.27,17.81,0.26,6.54,0.22,0.44,10.53,5.44,8.27,13.84,2.14,8.61,6.83,2.41,3.57,4.72,2.27,9.86,0.6,0.19,1.12,1.11,8.38,2.29,6.02,5.1,2.59,4.78,9.0,3.32,4.89,4.51,0.97,0.3,1.04,0.85,1.85
DO49080,11.5,0.87,9.58,25.56,10.89,12.86,12.45,37.85,9.53,1.23,5.41,7.54,21.93,0.0,4.26,10.28,4.54,14.61,0.34,3.34,20.42,2.87,7.48,32.42,9.49,22.54,15.16,7.93,5.09,16.93,124.95,14.39,31.24,2.44,1.54,12.92,32.01,1.44,4.69,39.73,9.21,17.63,20.28,1.14,0.35,22.8,1.1,9.65,0.9,5.89,8.35,10.7,14.28,8.82,38.73,29.56,11.47,12.32,14.94,10.59,7.67,33.83,16.45,9.22,42.03,0.17,21.37,0.34,0.63,13.35,4.5,9.13,21.31,3.02,10.14,13.34,1.12,15.37,9.56,4.14,7.35,1.31,1.42,2.7,1.69,7.28,4.0,12.08,12.61,4.03,12.9,5.49,6.05,10.43,7.42,2.19,2.55,1.94,4.01,0.42
DO49087,10.63,1.9,8.87,17.15,4.88,15.19,7.72,34.34,3.15,0.72,5.18,3.22,11.1,0.0,2.78,5.01,6.15,10.5,0.94,3.39,12.16,2.35,5.57,46.19,9.61,21.62,21.0,7.6,2.11,17.36,92.02,5.12,23.83,2.65,1.39,10.99,2.39,2.38,6.05,45.36,13.13,20.75,35.99,2.77,0.2,9.85,0.01,6.44,5.66,20.47,7.26,6.95,16.61,8.67,76.16,19.6,1.1,5.24,8.08,15.12,11.43,144.05,13.81,8.73,32.59,0.29,14.98,0.9,0.84,17.82,4.92,7.79,15.27,2.23,2.07,19.86,2.17,29.0,7.11,4.57,12.46,0.79,1.64,2.35,2.78,3.29,3.19,13.0,6.28,2.61,9.65,13.62,5.89,7.81,4.45,2.59,2.03,2.79,5.02,0.55
DO49090,10.23,3.08,10.61,22.23,1.27,8.23,13.16,31.38,7.73,0.72,3.47,10.78,13.61,0.0,0.79,2.31,2.61,5.67,0.25,3.42,6.73,3.17,2.25,28.86,9.03,23.03,19.98,9.2,1.97,16.73,133.54,5.72,21.29,2.34,1.05,8.25,0.61,0.39,2.86,47.74,6.27,11.44,15.29,3.47,0.25,10.49,0.04,8.58,2.79,4.76,3.29,5.5,12.08,4.17,68.36,16.23,0.89,9.14,5.59,32.96,8.24,45.29,7.88,6.79,31.34,0.58,8.56,0.69,0.26,18.22,5.84,11.84,14.63,2.33,4.16,10.4,0.57,16.04,8.46,2.53,15.01,1.07,1.12,1.8,0.54,3.25,2.75,8.13,4.47,2.72,3.22,11.29,4.94,3.73,4.3,2.0,1.72,1.28,3.31,0.45
DO49105,5.43,0.06,8.5,12.93,1.09,14.26,6.74,15.18,3.63,0.59,5.06,26.23,11.12,0.0,0.68,2.29,2.69,17.16,0.05,2.55,4.81,2.13,0.89,16.84,2.65,5.09,3.15,3.04,0.31,9.41,89.36,0.07,7.56,0.62,0.11,6.24,0.05,0.04,2.83,28.61,8.88,13.78,20.21,0.0,0.85,0.01,0.0,7.34,0.07,0.81,3.84,7.38,2.75,4.7,18.21,17.63,7.74,6.77,2.67,4.42,7.66,19.68,8.58,2.74,7.23,0.24,12.28,0.38,0.35,2.34,4.88,2.22,8.24,2.97,0.17,2.56,1.16,8.24,5.3,0.63,6.06,1.45,1.6,1.96,3.78,4.54,4.35,0.73,2.37,0.53,0.08,3.06,5.86,1.76,6.19,0.08,0.15,1.52,1.56,0.24
DO49113,12.38,3.9,12.9,17.63,7.46,9.76,16.51,39.3,9.38,0.26,5.24,8.61,17.7,0.0,0.65,3.8,3.15,17.19,0.42,3.71,13.6,4.29,7.46,30.55,13.52,32.69,17.33,9.77,4.04,22.83,134.27,6.81,28.49,1.01,1.57,15.07,1.32,1.01,4.24,47.49,8.36,25.76,16.2,5.28,0.15,11.95,0.32,6.41,5.81,10.52,7.13,5.46,20.27,9.49,54.01,35.02,3.04,4.55,8.1,41.75,8.08,27.72,18.36,5.66,33.34,0.22,23.85,1.12,2.36,13.41,9.29,10.36,20.18,2.19,5.19,11.56,1.16,12.64,14.92,3.42,20.62,0.88,1.4,1.72,2.5,2.71,4.03,5.44,4.42,3.72,9.42,15.71,6.92,5.96,4.96,1.44,1.74,1.48,1.97,1.14
DO49127,10.76,4.14,12.67,25.47,10.87,8.18,14.79,43.09,10.24,1.18,9.35,10.3,13.58,0.0,0.72,4.87,2.86,15.67,0.4,3.04,19.9,4.04,4.32,42.76,10.5,26.64,18.16,10.36,5.0,19.07,127.31,8.69,29.59,2.65,1.03,22.96,1.0,2.0,4.93,36.92,8.3,27.11,12.86,4.21,0.26,18.79,0.57,9.95,4.73,9.43,9.7,7.12,11.02,9.63,75.66,21.3,4.04,6.94,12.31,11.12,6.93,33.67,13.48,6.7,43.57,0.39,25.98,1.22,0.36,14.5,8.59,10.1,18.59,4.04,6.2,14.78,1.58,15.0,14.55,3.98,18.37,1.81,1.82,3.69,1.23,3.76,6.06,8.4,9.59,5.33,7.78,12.78,5.84,8.12,4.6,3.89,3.56,1.96,5.01,0.81
DO49129,12.57,1.57,11.72,27.37,7.83,8.79,15.01,65.33,8.35,1.72,7.51,18.32,14.79,0.05,0.73,3.84,3.13,13.75,0.36,2.63,17.01,5.07,2.21,29.76,16.2,27.89,26.53,14.57,8.44,20.41,151.43,9.84,36.64,1.89,0.99,13.7,3.31,1.61,3.88,59.61,7.39,19.19,16.81,4.87,0.43,20.13,1.6,9.62,2.53,8.64,9.01,9.59,14.91,7.67,68.57,24.36,5.38,6.12,8.99,26.24,8.04,23.17,12.29,3.58,49.31,0.19,21.6,0.57,0.28,24.03,9.52,8.41,19.5,3.59,14.93,18.34,3.0,12.55,10.37,3.97,13.81,1.14,1.23,3.01,0.79,3.83,4.45,8.49,6.12,3.59,6.55,10.48,5.68,7.49,7.61,2.84,2.52,1.19,3.05,0.85
DO49130,10.59,4.15,10.35,14.11,8.34,8.83,15.42,35.96,7.97,0.91,9.58,6.51,11.76,0.0,3.88,4.8,3.94,14.44,0.54,3.16,14.78,2.47,11.02,34.29,8.52,25.64,13.05,9.25,6.55,28.77,136.9,7.2,31.38,1.91,1.04,6.25,1.64,1.27,3.6,29.93,10.52,15.46,16.44,2.8,1.2,22.0,1.67,12.52,1.02,5.24,8.68,8.82,14.57,10.47,49.09,23.29,6.08,7.35,10.09,12.17,4.81,35.76,13.59,7.83,42.1,0.5,23.57,0.51,0.85,19.89,12.39,10.32,24.67,3.44,7.16,13.53,3.32,15.16,12.24,4.62,15.82,1.58,1.69,3.0,1.59,6.49,6.92,8.82,5.76,3.26,6.63,9.58,7.14,8.35,6.45,2.6,2.04,1.72,5.75,0.93
DO49133,12.57,4.45,11.59,25.53,6.9,8.34,14.13,35.92,7.91,1.24,5.43,3.73,20.79,0.05,0.63,5.22,4.03,17.08,0.36,3.63,15.5,3.56,3.89,35.91,11.15,28.22,22.61,8.99,2.91,16.76,148.74,13.96,29.98,2.96,0.71,15.23,1.83,1.47,5.31,30.68,7.97,28.71,10.91,3.25,0.98,9.55,0.96,10.87,5.29,7.29,11.46,8.44,18.53,9.08,182.15,20.55,0.61,8.98,13.1,13.53,6.04,47.72,13.79,5.98,28.36,0.08,26.21,0.84,0.59,21.15,3.67,8.53,20.74,3.31,6.46,14.83,2.38,24.37,8.0,4.23,15.85,1.64,1.65,2.95,1.24,5.44,4.79,9.49,8.71,5.02,8.97,14.93,7.04,6.26,4.01,2.84,3.61,2.95,4.14,1.0
DO49135,12.51,2.28,15.16,19.95,5.84,6.99,19.28,37.29,10.71,1.8,9.38,9.67,16.57,0.11,0.98,2.35,2.57,14.25,0.78,3.06,8.18,5.74,1.8,36.39,12.81,28.36,12.03,17.55,4.75,21.85,174.48,9.83,22.48,1.05,0.46,34.23,0.42,1.58,3.55,25.89,8.08,19.41,9.67,1.62,0.52,18.19,6.46,18.3,1.53,4.3,9.56,8.24,27.31,10.48,103.52,23.66,4.22,6.71,9.95,16.85,6.29,22.4,10.74,6.97,41.19,0.19,28.41,0.35,0.27,17.13,8.04,7.38,26.31,3.11,16.52,14.02,2.03,15.02,6.88,3.38,17.33,1.52,1.05,1.74,0.71,3.23,3.45,5.72,6.68,3.33,6.0,18.66,5.35,6.25,3.51,1.09,1.0,1.21,1.52,0.4
DO49137,19.56,1.62,10.7,28.68,11.29,8.37,15.23,44.03,8.88,1.04,5.84,4.77,18.27,0.08,0.53,4.15,5.09,8.87,0.63,3.28,13.32,3.31,1.58,31.51,9.54,26.52,25.15,11.95,3.91,22.5,144.8,8.72,25.19,1.92,0.78,17.24,1.75,3.98,4.69,36.86,7.34,30.6,12.79,1.48,0.12,10.61,1.49,9.56,3.89,5.8,7.55,7.17,22.45,6.36,143.0,25.61,2.22,6.6,10.02,12.57,6.99,46.92,15.4,7.13,45.15,0.19,24.62,1.07,0.38,16.78,4.83,8.69,20.24,3.4,12.26,17.22,2.07,13.46,8.7,4.9,8.98,1.3,1.6,2.86,1.74,3.57,4.26,9.23,5.26,6.03,8.26,7.86,8.09,4.87,5.57,1.58,2.46,1.54,3.39,0.43
DO49138,18.77,1.55,7.05,17.34,3.75,10.04,14.41,46.68,11.62,1.69,7.77,14.2,11.33,0.0,0.31,3.5,2.51,8.34,0.55,1.25,15.07,7.06,13.08,28.96,8.83,26.46,20.8,10.76,4.65,24.49,141.72,5.43,23.87,1.25,0.61,11.98,1.03,1.28,2.67,25.07,8.26,18.12,13.49,2.1,1.02,11.85,1.9,7.41,0.56,6.88,5.38,7.02,11.77,5.7,65.61,20.68,11.35,6.88,5.31,12.62,7.17,21.23,15.11,6.74,56.45,0.14,21.16,0.85,0.55,12.58,7.29,14.46,21.62,4.18,23.01,8.76,1.58,9.58,9.99,2.47,15.66,1.36,3.58,2.11,0.75,4.79,4.47,10.78,4.39,5.03,6.32,9.51,5.37,5.93,5.3,1.93,0.74,1.26,2.83,1.31
DO49164,10.96,1.85,12.81,26.99,12.31,11.15,15.0,41.99,9.67,1.09,7.44,18.5,17.15,0.0,8.56,5.26,3.39,15.62,0.35,2.92,16.42,3.82,4.98,24.74,11.93,31.95,20.85,12.4,6.69,20.28,138.75,7.38,26.62,1.92,1.3,18.61,0.91,1.92,3.66,47.53,10.79,33.61,12.89,5.9,0.14,6.57,0.05,10.41,3.97,6.0,10.1,7.8,15.17,8.89,87.88,23.38,0.77,10.79,9.27,29.05,9.3,38.26,10.46,4.04,46.75,0.3,30.06,0.83,0.33,23.1,5.41,9.51,22.11,3.67,7.51,15.71,2.86,15.71,10.66,4.02,16.53,1.47,1.87,2.42,1.49,3.41,5.38,7.57,8.23,4.2,7.97,9.63,5.59,8.97,4.85,3.93,4.66,1.51,2.27,0.6
DO49166,10.62,2.15,14.53,22.0,6.87,9.93,18.27,40.53,7.81,1.05,5.56,13.65,18.56,0.06,0.63,5.8,2.58,7.96,0.62,3.37,12.86,2.02,8.71,37.21,8.18,29.34,11.28,8.91,2.62,17.16,195.5,11.81,33.76,1.49,1.18,15.43,1.34,1.72,5.23,47.18,11.52,29.37,16.62,4.6,0.6,19.67,2.61,8.43,0.74,6.24,6.64,7.2,14.67,5.42,64.6,23.32,1.0,13.15,6.57,6.61,7.67,22.97,14.34,6.35,43.27,0.2,19.66,0.78,0.34,9.31,5.07,4.59,18.91,3.18,8.36,9.27,2.93,10.89,5.56,5.01,9.12,1.7,1.09,2.63,1.33,4.64,4.26,11.24,6.63,5.89,7.42,7.2,3.94,5.04,4.72,2.66,1.66,1.04,2.34,0.45
DO49168,13.58,0.57,14.06,27.73,6.08,10.14,13.12,52.46,14.94,1.54,4.4,7.2,11.48,0.02,0.58,5.04,4.06,13.89,0.84,2.81,17.69,8.37,5.03,32.44,8.26,22.78,8.42,12.51,7.56,16.9,75.32,9.6,41.01,3.88,0.68,20.68,4.98,1.14,3.14,26.98,8.97,28.36,20.9,5.97,0.77,3.36,0.07,10.51,1.58,6.11,8.8,9.03,15.04,8.43,70.17,21.91,0.45,5.92,5.46,84.19,7.94,22.79,16.23,5.14,46.91,0.18,19.25,0.24,0.49,26.83,5.78,10.09,22.01,3.03,2.39,13.51,3.1,10.98,8.64,4.74,11.74,1.23,1.08,1.8,2.1,3.41,3.34,12.6,6.29,4.83,13.8,9.13,2.47,11.03,5.5,1.22,0.57,1.21,3.29,0.36
DO49170,10.43,1.92,12.53,25.89,11.8,7.63,10.76,35.45,10.53,0.67,6.6,7.12,15.15,0.0,4.5,4.22,1.87,7.78,0.47,2.64,14.87,3.53,3.59,29.17,7.48,20.31,10.86,10.14,8.96,16.59,72.95,15.01,54.59,1.69,3.16,11.62,9.04,2.08,3.79,28.38,10.46,28.19,20.93,7.05,0.36,29.07,0.49,8.53,0.13,3.95,4.58,9.17,12.12,5.79,39.8,21.89,6.17,9.72,5.78,8.68,6.69,25.65,13.33,4.51,53.62,1.05,16.89,0.94,0.31,22.15,5.59,7.16,21.88,3.28,8.85,7.73,1.24,10.32,5.71,4.86,7.11,1.72,1.53,1.59,0.56,5.68,3.57,16.59,7.49,4.57,8.75,4.89,2.64,4.32,6.18,2.94,2.51,1.11,4.28,0.43
DO49172,11.82,3.5,9.22,30.54,9.03,16.49,11.28,31.5,6.35,0.61,4.39,12.31,18.37,0.0,4.44,5.43,2.66,6.61,1.04,1.75,20.97,4.56,12.24,54.04,7.92,32.3,45.89,9.75,3.6,7.31,95.9,12.34,25.99,3.11,0.5,15.82,1.67,0.96,8.37,20.34,10.79,21.13,10.41,0.49,0.75,7.85,3.17,10.09,1.42,14.38,6.79,7.26,13.42,7.23,83.35,22.74,5.61,6.95,6.52,25.14,12.92,48.78,20.4,4.05,51.05,0.58,19.43,0.9,0.81,12.64,5.93,7.52,17.99,3.82,15.09,12.32,2.0,15.03,13.7,3.5,14.13,1.43,1.21,3.73,1.85,3.95,4.24,23.98,3.7,5.07,8.16,9.93,5.76,4.65,7.4,2.04,2.07,3.02,5.21,1.89
DO49175,3.15,0.4,5.43,10.59,0.63,28.86,8.73,13.59,3.35,0.56,1.86,30.45,15.32,0.0,1.25,3.46,1.86,3.95,3.59,2.57,8.67,1.98,27.12,42.43,3.66,20.33,13.59,4.72,0.59,5.23,44.13,3.31,18.37,2.02,0.25,4.21,2.55,1.17,5.98,29.14,13.95,7.14,14.24,0.04,0.09,0.92,0.75,8.08,0.13,7.97,4.03,3.13,7.27,3.67,25.86,5.58,0.85,10.27,4.49,6.22,15.53,38.46,5.82,3.84,40.12,0.31,12.59,0.1,1.08,8.37,3.31,3.24,15.27,1.42,3.13,9.49,2.36,6.34,8.74,1.15,5.37,0.64,0.78,1.23,1.23,3.14,2.31,26.7,1.96,1.95,6.02,3.01,1.62,2.61,7.81,0.81,1.44,1.97,4.13,1.39
DO49178,12.7,2.28,15.44,32.51,6.55,12.79,18.99,59.13,9.51,0.51,4.5,9.2,20.21,0.0,0.87,5.41,3.88,22.63,0.61,2.3,21.49,2.15,6.7,22.27,9.11,29.43,34.21,12.67,5.47,27.86,153.99,7.26,25.68,2.19,0.5,24.48,4.82,1.14,4.52,22.97,7.56,19.53,13.03,2.03,1.13,6.5,1.7,12.94,2.37,6.46,13.07,6.69,22.58,8.35,73.18,30.04,4.41,9.17,6.81,30.17,8.58,21.13,18.07,5.08,41.89,0.13,23.33,0.18,0.27,10.38,6.45,6.15,21.0,2.33,9.95,19.52,2.4,17.92,7.79,4.58,21.17,0.9,0.84,1.97,1.88,5.56,3.75,9.81,5.58,4.91,4.72,14.25,4.88,8.36,5.01,1.4,1.35,1.54,3.24,0.26
DO49181,14.43,6.51,11.22,27.52,10.36,11.08,15.91,33.47,12.56,0.55,7.38,3.35,23.34,0.03,1.78,7.58,3.49,14.65,0.9,6.25,20.0,3.19,22.49,50.0,8.29,35.47,35.89,11.38,3.64,16.85,79.25,6.65,27.19,4.27,0.25,16.88,1.74,3.42,6.66,18.14,12.12,26.91,12.97,0.61,0.5,16.68,1.52,11.58,2.99,16.0,12.57,8.07,16.43,14.57,51.46,22.83,3.85,8.54,12.49,38.12,8.99,41.05,25.19,7.67,50.83,0.15,34.37,0.97,0.52,11.56,8.23,9.54,20.28,3.68,4.23,15.93,2.18,20.12,12.23,6.95,12.6,1.23,1.79,4.21,2.06,4.75,5.46,11.98,7.66,6.73,15.64,8.25,9.97,7.2,7.04,3.64,2.91,4.45,6.76,1.69
DO49183,22.48,4.37,11.61,23.86,2.31,13.45,16.23,35.63,8.25,0.87,4.43,22.12,14.01,0.0,8.09,5.38,2.82,13.51,0.41,1.71,13.51,5.35,3.77,38.19,7.33,34.41,17.08,10.13,18.68,13.0,61.08,8.64,40.16,2.18,0.37,7.5,3.27,1.11,8.14,55.58,15.0,31.12,17.19,4.35,0.39,8.38,1.47,11.72,1.97,11.33,4.53,9.55,17.73,12.69,75.73,23.21,4.74,11.39,4.79,40.67,10.81,22.01,14.48,5.06,63.18,0.49,27.22,0.51,0.44,6.0,9.67,6.45,19.46,2.45,19.53,8.95,1.78,10.02,12.65,4.22,11.03,0.78,1.05,1.78,2.04,6.17,4.68,13.25,6.2,3.22,11.22,6.74,4.86,5.54,7.66,3.55,3.03,1.96,8.2,2.01
DO49184,9.35,2.16,7.29,16.43,3.17,26.94,9.52,24.78,6.31,1.0,2.68,32.03,23.33,0.0,3.69,7.18,2.41,8.68,1.74,3.12,25.29,2.65,34.07,94.28,3.93,63.22,32.02,7.88,6.81,4.51,38.47,9.16,21.42,3.7,2.31,7.94,3.92,1.13,8.95,20.91,19.42,11.48,22.78,0.64,0.52,27.69,0.0,6.88,0.76,7.41,8.09,5.91,8.54,8.93,74.95,10.03,15.71,20.24,5.04,8.89,15.69,58.14,16.46,5.85,91.18,0.28,19.73,0.27,6.49,14.67,5.04,6.93,18.81,1.52,9.85,9.13,3.77,12.31,9.82,2.09,7.38,0.86,2.47,2.39,5.19,8.31,4.29,80.63,4.43,7.14,10.86,5.05,3.93,6.77,8.71,1.68,2.63,3.22,10.04,2.89
DO49185,11.46,6.35,14.91,16.97,10.73,9.59,16.7,34.0,10.41,0.98,4.36,8.0,17.4,0.0,2.65,4.55,3.07,8.84,0.76,3.29,15.88,2.93,7.92,29.65,10.5,32.84,9.29,10.68,6.37,19.8,70.92,10.19,36.64,1.53,1.11,9.01,0.9,1.42,5.11,58.21,10.02,22.69,21.59,3.94,0.42,5.78,4.26,7.85,2.81,6.18,8.66,6.28,17.15,5.32,64.28,31.97,6.64,8.31,5.69,19.23,9.3,19.39,11.87,4.55,47.08,0.3,19.3,0.54,15.75,13.13,6.37,9.14,22.55,1.03,15.36,9.25,2.2,15.21,7.76,5.09,10.46,0.86,0.9,1.53,1.84,4.75,3.68,8.13,6.46,3.66,6.27,8.2,4.22,5.94,6.76,4.17,4.73,1.14,4.59,1.93
DO49193,9.95,3.67,11.34,26.94,2.49,9.72,15.0,22.57,6.8,1.01,3.08,13.54,16.07,0.03,0.4,5.68,4.91,9.76,0.36,3.08,15.92,2.71,8.63,25.86,10.08,27.86,12.38,5.62,1.81,16.37,243.45,11.6,22.33,2.32,1.07,8.89,0.5,0.27,4.9,35.66,8.44,22.52,19.02,7.35,0.76,10.44,0.02,12.64,7.68,8.07,4.4,10.32,24.62,5.64,79.4,22.22,4.88,6.51,9.53,9.08,7.65,30.31,11.34,7.29,21.31,0.15,14.39,0.92,0.39,12.02,8.2,5.14,15.95,3.35,2.82,11.29,1.89,27.1,9.5,5.08,10.42,1.75,1.41,2.56,1.21,4.29,5.51,5.29,7.18,1.75,2.43,8.36,2.74,5.5,5.65,1.92,1.98,2.21,1.24,0.5
DO49198,5.28,0.74,5.85,24.37,4.23,34.45,7.29,17.14,2.97,0.9,1.91,7.91,23.38,0.0,7.76,3.54,1.18,5.66,1.78,2.57,13.41,2.39,40.74,69.57,3.94,22.52,24.08,6.42,23.06,3.8,37.01,10.83,28.71,2.12,0.46,8.17,1.85,1.67,8.46,36.59,18.94,10.95,11.99,0.65,0.57,4.46,1.09,7.62,0.3,9.17,4.14,6.13,6.44,7.54,36.72,10.39,8.04,17.23,5.63,11.53,11.0,38.21,16.61,7.41,52.28,0.44,15.77,0.4,1.52,7.53,5.35,3.56,23.29,2.41,4.69,8.78,1.17,7.06,13.54,1.97,11.01,1.47,1.54,2.32,1.81,0.8,6.33,15.35,4.13,1.92,8.95,11.3,5.11,4.03,13.73,0.72,0.82,3.42,4.65,3.28
DO49199,13.38,1.43,6.72,20.3,8.82,14.99,8.14,25.63,6.81,1.01,3.98,15.63,13.48,0.0,2.93,2.65,1.49,11.52,1.08,4.48,12.15,2.55,6.3,61.25,5.04,24.72,48.54,5.32,6.62,6.99,59.05,9.37,52.81,2.66,1.57,8.62,5.37,1.31,5.96,27.92,13.18,18.48,17.18,5.55,0.58,12.93,2.37,7.93,0.74,11.9,6.04,8.77,9.1,7.94,59.53,13.91,1.23,6.51,5.98,5.46,10.93,37.5,19.88,5.44,35.87,0.37,19.77,0.55,0.61,8.49,4.05,3.84,12.38,2.08,3.07,7.72,0.77,6.05,5.63,4.11,6.13,0.97,0.96,1.85,0.71,4.42,2.68,16.59,6.53,4.08,11.99,4.52,3.46,4.9,9.4,1.93,1.17,1.95,3.53,0.99
DO49204,8.4,3.14,6.5,28.17,18.54,11.11,11.19,29.4,8.08,3.74,9.03,11.32,16.57,0.0,5.26,4.66,4.26,19.82,0.21,3.79,14.3,2.02,2.69,25.99,8.31,33.03,5.96,7.47,4.1,40.05,179.16,10.28,26.31,0.93,1.3,12.32,18.95,1.19,3.82,37.48,16.74,24.84,11.95,0.5,0.5,4.22,3.96,8.26,0.73,1.8,6.36,5.94,9.04,8.7,32.05,27.76,7.8,7.62,7.76,11.08,10.78,14.47,6.48,5.84,28.58,0.19,16.07,0.61,0.37,13.87,9.2,8.54,19.04,1.78,3.52,8.47,0.81,11.41,8.44,4.42,10.4,0.48,0.79,1.71,0.51,3.82,2.91,6.06,6.3,1.65,4.74,5.89,7.46,6.15,5.08,1.05,1.46,0.58,0.92,0.64
