"SS18L2","SLC30A9","SLAMF7","PITHD1","NDC1","ALDH18A1","PLPP1","SLC44A1","TOP2B","TM9SF3","AACS","TESC","UNC13D","SIRT1","ABL1","SNPH","CRISPLD2","FOXF1","PRSS33","DKK4","CCL24","SFRP4","PKD2L1","LAMTOR3","MLEC","CILK1","TUSC2","SF3B1","FARSB","ICMT","ELAPOR1","SCAMP3","AKR1A1","STX12","EPHX2","NUDT10","PLP1","ATG4C","HNRNPH2","SAT1","ACE2","MAP3K10","SLC35D2","ADGRE3","SH3BP5","PPP1R1B","MATN2","SARAF","UBQLN1","GLS2","IGF2BP3","SLC31A1","GPAT3","MTMR6","SUOX","NABP2","SLAIN1","TRIM65","IGFBP4","IL19","WDTC1","PRUNE1","SELENBP1","ARNT","CTDSPL","LRIG1","DOCK11","RSU1","ADRA2A","CRIM1","RILPL2","QDPR","SPARCL1","RPIA","THY1","C16orf74","MAGED4","ACSS1","PXYLP1","BRPF1","ZFYVE9","TMED6","ICOSLG","UBE2Q1","COX7A1","AQP5","PMVK","SNHG16","ZNF589","WDR82","SCRG1","SVEP1","NDRG2","PKD1L2","MFAP4","URM1","ZNF528","NUDT8","ENTPD3","APEX2","CRTAP","RNF34","LRRN3","MSL2","DES","KCNE3","MAGEF1","SPTY2D1","AMIGO1","SYNM","FAM43B","ATP6V0A2","NDUFA4L2","LEMD1","NKRF","ENTPD5","ZDHHC9","MPZL1","MAN1A2","FAM3D","TUSC1","RN7SKP72","RN7SKP250","SNORA38","RN7SKP76","SAMD13","HSPA1A","RNVU1.7","IGLV6.57","IGLV2.23","IGLV2.14","IGLC1","IGHA2","IGHA1","IGHV3.15","IGHV3.49","LTC4S","TMEM167B","GPR89P","RPS27AP11","SIRPAP1","SEC63P1","LINC01713","LINC02038","PFN1P3","CYCSP52","RN7SL507P","RN7SL709P","IGKV1D.16","IGKV3.11","INMT","RN7SL504P","RN7SL299P","RN7SL278P","RN7SL679P","MARS2","OR7E28P","ATXN7L3B","DENND11","TMEM238L","LINC00667","RN7SL664P","RN7SL451P","RN7SL300P","SETBP1.DT","MIR497HG"
6.11,32.33,3.59,13.25,15.72,22.93,25.38,30.06,23.62,85.04,7.28,9.3,11.88,3.61,9.73,0.58,20.55,1.79,0.47,0.24,2.97,15.15,0.12,27.01,25.37,6.37,5.22,86.44,32.48,29.1,10.39,23.01,109.39,29.8,10.23,0.2,0.21,3.94,40.38,281.86,66.02,1.68,13.17,0.45,6.55,8.07,3.87,113.5,25.03,0.22,16.37,12.59,8.22,7.59,3.32,9.81,2.26,4.41,43.41,0.08,9.44,6.6,33.45,12.25,10.29,13.58,4.86,21.75,21.08,28.72,5.87,8.91,29.36,5.21,33.37,0.06,5.39,7.94,3.56,2.7,7.65,0.14,3.64,21.06,4.61,1.65,12.89,40.54,1.4,16.58,0.25,2.21,19.44,0.43,8.41,9.66,9.87,9.1,9.43,6.47,27.49,10.16,0.14,8.57,0.74,96.92,21.45,12.49,1.39,2.29,0.09,3.44,6.42,0.83,3.23,7.69,15.92,97.33,18.28,28.44,2.22,0.13,0.47,9.07,0.41,2.6,49.25,729.17,2.69,4.35,18.27,37.87,12.23,31.31,9.55,5.76,3.3,17.76,0.22,0.04,0.07,0.74,0.78,2.36,0,0,1.18,0.72,2.54,28.31,6.7,0.16,0.49,1.11,14.06,3.49,0.05,37.26,14.84,0.27,9.51,1.21,1.19,3.29,0.16,0.63
8.46,39.77,11.89,16.48,8.76,27.05,16.76,34.61,45.18,144.11,11.04,93.66,5.84,13.2,9.9,0.45,38.49,2.6,3.44,4.86,7.58,176.31,0.28,44.2,35.75,9.59,6.01,124.03,15.6,18.55,4.64,15.77,41.98,24.96,6.15,0.54,0.66,3.26,44.28,283.96,5.17,1.93,14.46,1.36,10.07,33.26,16.02,159.57,33.44,0.31,6.55,9.63,4.45,14.78,5.37,7.55,14.66,4.06,73.74,0,11.91,8.11,18.56,17.94,19.79,16.15,9.79,30.6,13.89,27.94,11.37,5.5,86.91,11.07,37.74,0.43,0.47,7.86,5.36,4.02,6.18,0.28,4.25,24.72,5.03,54.51,9.71,36.36,2.92,26.72,1.35,5.23,28.9,0.05,12.37,8.71,13.29,3.3,3.06,4.3,39.68,15.81,0.36,11.1,1.34,14.39,11.02,11.12,0.74,1.16,0.56,10.34,3.91,12.09,5.68,6.67,15.83,87.12,18.72,9.1,2.68,22.07,40.31,8.31,9.55,3.7,41.5,1364.17,39.73,146.2,292.15,503.2,188.24,1030.61,67.67,14.18,0.51,21.53,0.14,0.43,0.29,0.48,0,1.11,0.1,0,5.39,41.94,5.65,126.86,14.03,6.56,162.04,3.06,150.62,2.06,0.04,32.35,19.37,2.95,9.08,2.41,287.29,8.29,0.38,1.88
8.8,28.29,1.05,15.2,11.43,30.65,12.3,55.11,36.24,102.86,5.17,26.19,12.62,5.56,9.88,0.49,42.75,1.58,0.11,0.28,0.15,57.68,0.54,25.82,21.94,7.54,6.94,104.03,12.62,23.86,1.25,20.1,55.8,24.53,2.01,1.26,0.24,4.65,49.31,173.01,0.45,1.75,14.36,0.43,13.04,3.14,4.6,93.43,33.26,0.15,21.79,9.01,2.55,16.64,3.67,7.81,6.04,4.66,54.52,0.03,9.19,10.23,9.81,18.64,20.5,12.33,11.15,34.85,1.55,28.11,7.33,6.23,53.98,5.09,88.19,1.51,3.1,5.35,5.65,2.86,4.57,0.16,2.25,22.45,10.42,0.04,6.93,42.1,2.02,22.94,1.54,5.22,9.65,0.45,9.73,11.7,4.07,3.32,0.52,4.99,48.77,9.1,0.25,8.04,0.53,6.99,13.77,12.3,0.27,0.47,0.21,5.2,3.6,0.96,4.08,6.57,15.57,101.35,13.1,0.23,1.42,0.11,0.81,14.02,0.8,2.59,355.91,957.02,0.41,5.14,10.27,14.94,11.36,30.9,2.94,1.05,0.93,18.12,0.15,0.19,0,0.11,0,0.98,0,0,0.79,1.46,0.17,6.45,9.95,0.71,0.6,0.79,12.85,1.81,0,20.63,6.99,0.05,5.57,1.34,0.89,1.96,0.22,2.07
7.94,28.48,3.45,10.6,13.91,20.87,16.07,29.57,21.58,75.69,5.94,18.75,44.65,6.07,11.27,0.72,27.09,1.73,0.09,0.15,1.64,10.49,0.25,17.09,28.96,4.85,5.77,85.59,16.84,26.28,3.46,23.49,43.42,15.22,2.4,0.14,0.14,4.53,39.55,288.59,1.5,4.21,18.6,0.46,10.13,20.45,3.27,87.1,47.89,0.89,21.27,11.71,3.17,15.23,3.8,10.4,3.68,10.56,72.22,0.01,7.27,6.41,4.62,15.06,16.87,8.63,4.73,23.14,1.93,23.68,6.35,6.61,49.25,7.32,28.45,5.18,3.48,6.93,12.21,3.86,9.38,1.21,2.31,23.41,4.22,1.99,7.78,68.64,2.79,17.22,0.1,2.23,13.78,0.74,7.98,13.79,4.43,2.61,0.98,4.87,27.38,11.95,0.22,10.45,0.56,4.14,19.28,8.79,1.85,3.04,0.13,6.42,5.33,10.31,4.43,3.75,13.16,77.37,15.49,0.8,2.3,0.33,1.01,13.35,1.05,2,121.28,1096.2,8.16,93.45,284.18,187.46,157.59,672.89,58.56,9.06,0.89,19.28,0.59,0.11,0.46,0.31,0,0.08,0,0.05,0.64,0.64,15.97,152.48,4.2,0.07,0.17,0.8,11.52,1.59,0.05,18.37,7.22,0.02,14.03,1.32,0.89,1.52,0.1,0.49
8.35,20.89,0.59,9.9,5.97,18.44,7.12,26.8,13.66,84.11,8.51,121.63,26.14,6.71,7.1,0.33,14.98,0.71,0.17,0.14,1.19,9.93,0.15,16.78,29.81,3.79,5.04,58.02,8.26,13.55,2.59,10.36,22.05,12.3,1.54,0.06,0.26,2.27,22.33,110.58,1.29,0.74,13.64,0.32,2.9,15.93,3.26,73.31,34.79,0.57,13.4,7.84,8.16,10.26,5.68,9.54,0.49,5.29,69.67,0,6.51,4.9,13.7,7.65,14.06,5.35,2.11,17.96,2.71,21.18,4.01,6.23,26.64,4.55,14.98,4.89,2.28,3.52,3.37,4.17,3.13,0.24,1.16,15.57,2.64,30.99,7.42,34.1,1.3,17.33,0.86,1.16,8.88,0.49,3.36,10.94,5.39,1.93,0.48,3.77,27.37,14.06,0.11,7.62,0.23,2.94,7.49,11.21,0.58,0.44,0.26,12.13,1.4,4.88,4.84,3.32,11.07,45.17,6.28,8.86,1.34,0.08,0.85,8.79,0,1.12,90.87,1299.55,0.19,1.57,8.24,10.59,5.06,21.82,2.44,2.19,0.5,7.25,0.01,0.15,0.02,0.24,0,0.55,0,0,0.79,1.66,0.24,5.52,3.5,0.59,0.84,1.61,24.91,2.85,0,21.4,2.3,0,5.08,1.45,1.48,4.41,0.1,0.59
3.71,16.84,1.4,12.58,3.57,21.53,5.51,20.54,21.61,46.83,13.05,13.96,32.54,6.25,14.18,0.59,9.68,1.04,0.08,0.29,5.06,0.65,0.03,7.82,32.96,3.68,6.69,88.61,8.62,11.89,1.7,11.04,30.29,13.27,18.17,0.23,0,1.38,13.77,128.64,0.65,5.74,26.38,0.03,6.44,26.42,7.66,23.73,30.09,1.51,24.82,14.1,4.47,4.51,9.68,9.36,0.19,4.13,71.85,0,13.59,3.9,21.41,11.5,13.71,1.77,1.47,13.24,1.63,19.42,4.48,5.46,2.09,3.71,5.29,2.2,0.14,12.41,4.39,6.14,5.75,0.46,3.51,21.86,0.69,18.65,7.06,16.69,6.19,14.64,0.13,0.76,29.82,0.78,2.2,19,27.23,3.5,0.04,5.15,11.49,9.13,0.05,7.7,0.03,11,7.92,8.9,1.63,0.43,0.32,8.54,0.67,5.11,4.48,22.35,17.01,26.39,9.52,32.76,1.62,16.25,20.13,19.61,3.11,2.38,98.67,594.74,0.31,0.68,1.04,2.87,1.41,5.48,0.32,0,0.21,8.19,0.47,0.15,0.32,0.52,0,4.14,0,0,16.33,12.07,0,0.71,7.6,37.41,46.88,1.98,422.68,2.72,0,12.83,13.56,2.91,10.44,3.58,795.57,4.04,0.09,0.36
8.78,26.44,4.29,14.02,9.86,21.24,38.02,45.07,36.36,74.27,9.82,15.59,6.85,7.06,11.58,0.73,53.93,3.58,0,1.22,0.15,167.18,0.03,28.47,28.48,6.37,4.6,90.94,13.37,23.5,12.23,10.97,46.25,15.32,9.99,0.49,0.17,2.92,29.52,91.31,17.9,1.89,16.35,0.17,10.72,26.12,53.27,105.33,32.88,0.63,14.89,12.13,2.06,10.64,6.83,11.63,5.49,4.13,101.07,0,8.4,6.24,13.82,15.54,26.96,12.17,5.55,24.09,3.93,31.8,5.52,6.66,92.83,5.1,42.29,2.26,4.09,6.61,6.98,4.46,7.12,0.64,4.33,12.35,6.24,1.06,6.41,29.06,2.25,21.97,1.67,17.73,29,0.31,33.07,14.23,13.15,2.78,1.14,4.28,38.4,12.36,0.5,12.07,4.19,16.5,12.99,11.55,2.09,2.38,0.58,10.94,2.99,0.05,3.26,10.5,8.74,61.06,13.8,15.44,4.04,0.25,0.81,42.37,0.95,4.41,21.5,1293.49,0.35,3.79,15.05,21.6,19.69,53.21,5.44,2,1.04,15.12,0.01,0.05,0.53,0.23,0.25,1.83,0,0,0.92,0.98,0.13,7.92,20.5,1.42,0.35,0.9,15.58,1.98,0.06,28.1,12.29,0.79,11.37,0.79,1.53,3.59,0.35,1.58
8.94,34.2,0.01,22.27,11.1,25.45,5.22,5.77,23.6,112.05,11.07,0.07,38.89,9.75,5.77,0.98,17.73,0.03,0.07,0.25,0.03,0.02,0.01,20.02,36.97,3.57,8.58,87.24,16.31,46.63,0.2,29.96,26.75,13.37,3.23,0.01,0,2.21,42.99,384.24,0.25,2.05,14.05,0,2.15,34.15,1.36,109.52,39.02,1.11,28.58,12.28,48.79,20.86,5.95,12.15,8.12,7.76,58.92,0,7.5,12.78,0.11,13.93,7.07,1.31,0.1,19.78,0.03,7.36,19.17,5.26,0.08,5.81,0.05,8.44,0.02,0.31,3.94,3.01,4.36,0,0.85,27.2,0,892.45,3.22,42.08,0.95,14.36,0,0.01,11.89,4.31,0.01,7.79,0.03,6.27,0.02,19.72,57.47,11.94,0.01,10.85,0.16,0.14,10.08,15.7,0.64,0.78,0,4,0.41,51.64,9.5,4.78,5.78,33.93,6.73,0.27,1.93,0.08,0.07,30.99,0.18,0.06,127.34,1073.94,0,0.04,0,0,0.02,0.12,0,0,0.56,8.02,0,0,0.11,0.06,0,0.14,0.03,0,0.08,0.53,0,0,0.12,0.1,0,0.3,7.05,3.69,0,18.28,2.27,0.01,4.15,0.07,0.22,0.62,0.02,0
10.28,8.26,0.03,8.74,13.69,15.73,2.78,2.88,7.83,14.37,4.45,1.35,0.16,3.5,20.15,0.59,0.09,0.05,0,0,0.04,0.02,0,4.92,18.4,0.66,8.35,51.42,15.54,17.36,0.09,19.76,30.47,3.71,1.06,0.24,0.04,1.61,23.34,47.49,0,2.19,3.97,0,1.72,0.11,0.65,26.48,20.7,0.01,12.19,6.69,6.55,4.55,3.76,27.37,0.89,7.93,8.86,0,2.55,2.52,0.07,13.89,1.7,0.13,0.65,34.26,0,3.72,3.61,2.65,0,4.22,9.18,0.32,4.14,1.25,1.32,3.32,2.02,0,0.27,12.28,0,0.24,8.46,95.41,1.92,14.85,0,0,0.37,0.07,0.02,16.03,3.94,3.1,0,4.15,7.24,11.58,0.01,2.42,0,0.02,5.92,3.15,0.21,0.07,0.01,2.2,0.14,0.08,1.99,1.48,5.38,15.49,4.08,0,0.56,0.28,0.24,758.11,1.45,2.24,39.73,4543.56,0,0,0,0,0,0,0,0,0,4.79,0.03,0.05,0.05,0.02,0,0,0,0,4.12,5.47,0,0,0.12,0.36,6.05,5,10.55,2.03,0.05,9.78,1.95,0.01,2.88,2.04,9.4,8.86,0,0.89
17.17,27.92,6.66,16.11,15.36,37.02,29.97,44.88,41.7,176.7,12.56,88.24,23.26,9.56,14.39,0.81,45.58,6.97,0.28,1.18,1.54,59.43,0.03,26.48,27.77,7.64,9.52,99.12,12.57,28.19,21.86,24.69,76.35,17.65,2.53,0.51,0.65,7.06,39.5,170.01,3.79,9.37,22.57,0.28,6.19,3.31,18.45,104.93,42.95,0.21,14.22,16.21,2.56,9.95,7.28,11.39,4,9.75,73.66,0.98,6.66,10.23,19.68,16.83,22.94,14.71,8.79,33.36,4.53,30.23,10.91,5.18,89.4,7.7,78.52,1.5,14.68,8.83,6.96,5.9,5.95,0.06,4.03,30.05,7.21,57.06,13.3,53.22,2.83,30.94,1.34,3.2,18.45,0.65,21.95,14.18,4.37,3.07,2.96,7.09,39.16,15.23,0.19,15.06,2.56,52.94,27.54,18.43,1.37,3.45,0.22,8.59,3.45,4.22,4.26,8.39,18.36,109.35,17.64,3.38,2.88,0.39,0.8,13.84,0.46,1.31,223.14,1233.01,17,38.06,163.91,284.83,158.27,497.11,21.43,5.32,1.19,17.18,0,0,0,0.55,0,1.12,0,0,1.29,1.79,3.62,86.52,10.68,0.16,1.36,0.64,10.19,2.5,0,80.17,8.73,2.64,15.73,0.86,1.14,1.08,0.22,0.77
6.14,22.15,10.27,17.61,7.96,32.11,37.47,42.87,31.61,73.12,15.08,2.01,11.76,7.16,16.72,0.94,78.89,6.27,0,0.12,5.01,38.43,0.06,17.56,27.63,5.51,4.76,105.2,10.89,23.98,5.12,12.7,39.68,18.5,6.22,0.48,0.76,5.18,31.39,334.78,1.02,11.15,7.14,2.49,13.18,2.16,11.06,94.97,38.89,1.17,6.13,11.05,2.59,12.43,5.36,8.43,2,4.92,219.18,0.02,7.13,5.9,5.27,14.43,9.04,13.39,10.16,26.26,2.53,20.95,11.18,9.31,142.52,4.57,108.23,5.12,3.22,2.65,10.25,3.16,6.75,0.59,4.89,17.37,5.96,1.77,5.39,44.07,4.06,25.28,1.55,10,27.01,1.32,25.99,11.08,26.47,1.09,2.18,4.18,48.1,11.29,0.34,9.77,0.77,4.29,11.17,9.81,0.88,2.24,0.63,10,5.4,7.6,4.26,2.5,5.84,84.36,17.75,6.75,1.91,9.47,10.11,116.12,1.27,0.67,92.92,7250.97,35.9,116.15,139.47,413.34,17.12,242.34,124.94,45.99,1.76,15.83,0,0.11,0.39,0.27,0,0.07,0,0,29.7,107.4,21.28,297.91,13.75,54.41,474.79,9.78,853.08,2.26,0.07,18.13,8.18,0.22,10.84,11.48,1517.62,20.45,0.33,2.11
5.63,9.82,0.42,10.44,9.65,8.2,5.29,6.68,5.89,19.83,8.08,35.55,29.64,1.46,2.91,0.11,0.93,0,0,0.22,0.43,0,0,9.27,25.66,0.55,5.29,40.12,8.89,22.72,0.04,15.15,17.94,5.74,0.34,0,0,1.72,14.63,58.97,0.11,0.89,6.85,0,1.86,2.02,0.51,37.5,11.85,0.23,12.97,3.95,10.14,4.22,3.04,18.41,0.22,2.41,21.76,0,3.07,2.67,7.18,6.91,7.96,0.27,0,9.6,0.19,11.89,7.11,6.15,0,3.28,0.02,5.47,0,0.14,0.77,3.42,1.29,0.04,0.26,9.1,0,53.69,12.15,32.14,0.44,11.45,0,0.01,1.15,0.72,0,18.14,7.25,7.01,0.04,2.21,8.78,9,0,5.63,0.11,1.29,8.85,6.93,0.26,0.17,0,2.32,0.16,0.26,1.11,3.1,3.63,14.39,6.96,0.44,0.88,0.54,0.63,194.55,1.27,2.81,41.7,1541.23,0,0,0,0,0,0,0,0,0,6.69,0.15,0.2,0,0.09,0,0.76,0,0,2.85,10.62,0,0,0.07,0.23,0.19,80.51,45.54,2.06,0,25.82,3.11,0.19,3.47,1.93,6.32,22.56,0,0.03
9.61,17.13,1.77,10.07,9.27,18.97,8.76,23.58,28.83,72.95,6.92,38.43,16.48,5.04,10.64,0.43,22.7,1.09,0.01,0.68,0.36,24.16,0.05,18.4,17.51,3.47,6.38,99.76,12.69,20.15,1.03,15.51,32.23,13.9,2.2,0.64,0.25,2.02,18.35,219.27,0.4,0.83,13.18,0.1,10.51,12.79,7.04,73.97,37.46,0.54,17.17,6.6,2.21,10.11,4.68,8.51,2.81,4.89,82.99,0.06,8.87,7.77,4.66,12.95,17.9,10.5,4.28,18.39,5.34,20.69,6.22,3.84,45,9.49,39.27,5.45,2.28,4.09,4.45,4.49,3.54,0.39,2.67,17.03,3.03,12.05,6.66,52.21,2.39,26,0.13,3.9,19.68,0.93,7.16,13.53,7.43,2.73,0.74,2.25,33.95,9.93,0.26,10.14,1.99,8.29,8.83,10.62,0.36,0.74,0.38,7.23,1.26,20.82,3.04,2.05,8.83,54.65,8.34,7.86,1.24,0.24,0.59,19.15,0.78,0.67,90.25,1967.22,0.87,3.84,17.48,38.4,3.44,19.25,1.45,1,0.25,11.72,0.04,0,0.02,0.23,0,1.09,0,0,0.85,1.66,1.15,10.15,2.5,0.39,0.58,0.32,18.95,2.11,0.05,19.85,7.98,0.35,9.91,1.6,1.64,2.08,0.08,0.78
3.65,26.19,5.26,19.48,6.77,22.99,9.89,33.42,30.07,106.98,11.8,100.87,23.31,7.28,14.94,0.71,45.91,3.56,0.19,0.39,7.82,45.42,0.15,27.31,47.13,8.05,4.5,85.37,10.55,21.01,5.68,23.78,28.44,20.33,3.9,0.12,0.05,3.63,28.76,283.98,4.52,2.42,23.8,0.33,6.17,31.58,7.01,133.88,52.33,0.24,36.41,12.67,2.8,9.22,7.11,13.42,1.93,5.62,83.83,0.02,9.44,10.78,18.22,15.5,10.25,7.74,3.81,20.4,5.66,25.7,6.02,4.27,50.37,5.73,23.12,0.27,5.91,5.09,4.96,2.78,9.12,1.02,4.12,29.02,2.79,7.98,9.09,30.84,2.03,16.21,0.37,5.16,23.82,0.68,10.25,12.66,6.97,3.78,1.2,6.21,23.56,14.68,0.31,9.6,0.62,14.9,11.29,16.78,1.8,1.17,0.22,8.27,2.09,24.83,4.49,9.35,15.94,118.22,16.98,22.09,2.49,3.58,1.55,31.99,0.28,2.19,254.34,1214.33,0.25,1.15,5.26,12.45,15.44,41.62,1.57,1.25,0.47,17.95,0.35,0.19,0.33,0.35,0.17,3.65,0,0,2.83,27.17,0.1,3.86,7.96,11.15,3.3,3.11,16.83,1.8,0.06,34.28,7.91,3.21,4.76,6.41,18.4,6.95,0.53,0.96
14.13,12.01,1.65,16.52,15.07,18.08,13.54,28.97,20.66,47.75,6.15,2.87,9.92,6.56,7.25,0.43,24.79,0.66,0.02,0.02,0.88,28.57,0.19,22.04,18.39,2.24,3.91,70.47,32.52,15.4,2.04,13.8,33.22,15.89,4.78,0.3,0.08,3.94,31.09,194.32,1.08,0.9,9.91,0.45,5.14,0.82,2.57,61.58,35.94,0.19,10.26,11.49,3.12,10.55,2.09,8.85,0.71,5.8,70.9,0,2.77,6.42,1.92,9.71,8.13,2.93,4.77,21.48,0.68,11.76,3.14,4.49,67.35,8.15,22.44,20.38,0.69,1.71,5.05,2.78,6.04,0.46,1.01,16.86,6.09,0.32,11.72,59.28,1.94,16,4.17,3.75,5.63,0.06,6.94,18.83,6.98,1.22,1.16,5.21,39.79,11.14,0.09,5.39,36.15,2.25,8.73,10.18,0.37,3.28,0.09,5.86,1.78,1.3,8.58,3.96,8.57,71.92,7.68,0.31,0.85,0.06,0.42,50.48,1.37,0.68,32.23,2833.36,0.41,1.41,7.97,20.22,1.07,8.67,1.98,0.26,0.03,10.54,0.09,0.2,0.25,0.4,0,0.06,0,0,1.66,2.17,0.45,5.42,3.6,0.54,0.31,1.55,14.94,3.04,0,13.65,2.81,0.05,12.51,2.07,2.26,4.5,0.15,1.07
3.9,29.73,3.08,13.49,9.21,28.31,18.6,34.4,27.04,137.84,10.99,81.24,3.49,8.56,13.48,0.6,60.25,5.73,0.3,0.22,19.29,52.6,0.03,15.79,29.67,8.13,4.7,92.92,13.51,26.06,4.99,26.97,43.94,20.7,8.02,0.5,0.29,3.67,33.05,147.64,1.76,2.44,12.12,0.98,14,41.86,13.83,128.66,30.99,0.51,10.82,8.05,1.69,10.17,5.63,11.27,0.83,5.25,126.46,0.35,9.72,9.75,17.79,18.55,15.77,16.02,5.76,27.32,14.23,41.86,7.21,7.35,115.56,7.12,65.28,0.43,2.41,3.58,7.24,3.33,8.51,0.44,3.83,28.48,6.95,117.02,10.79,40.53,1.61,18.58,0.72,6.78,31.18,0.23,30.57,9.43,2.83,3.16,3.07,5.26,39.64,12.06,0.12,11.19,6.53,28.42,22.45,11.29,1.05,3.96,0.39,6.38,16.26,10.35,5.05,5.61,18.88,75.76,16.04,17.84,2.92,0,0.08,20.72,0,3.86,61.27,764.88,6.33,19.64,80.38,208.13,65.75,251.37,34.11,18.08,0.89,17.64,0,0.1,0.65,0.41,0.02,2.14,0.06,0,0.25,1.09,2.13,116.3,13.05,0.1,0.36,0.34,14.5,2.33,0.15,27.75,8.69,0.51,6.3,0.65,0.91,0.9,0.26,0.96
9.97,14.66,2.74,22.31,12.69,36.55,17.34,32.38,42.69,235.47,21.12,66.21,5.74,9.5,8.07,1.94,29.24,2.11,0.66,4.19,8.14,33.86,0.15,10.05,52.36,12.4,8.26,95.07,23.49,24.79,69.95,22.57,54.4,20.32,15.49,0.14,1.05,2.75,29.02,116.8,5.72,1.29,11.35,0.13,9.14,105.21,9.53,120.38,24.76,0.71,9.33,5.06,0.65,10.47,5.88,9.04,10.8,6.96,278.19,1.2,13.22,11.45,44.63,15.53,36.32,18.07,4.81,24.03,13.7,38.23,12.03,3.39,62,10.16,12.24,0.25,4.23,10.5,3.49,5.72,11.82,0.48,2.63,30.14,2.71,83.79,18.36,55.69,3.74,28.08,0.28,5.62,44.18,0.42,20.74,6.9,5.71,4.37,9.22,5.84,30.26,17.84,0.36,12.69,3.86,45.84,11.11,13.36,3.2,1.64,0.22,7.37,1.17,9,4.64,12.95,17.97,89.55,16.05,145.37,1.78,0.3,0.65,10.72,0.88,2.46,55.42,774.32,1.7,7.78,37.59,108.96,33.14,245.62,7.5,2.62,2.14,16.03,0.11,0,0.01,0.47,0.03,2.79,0,0.06,0.76,1.37,1.29,56.84,11.72,0.59,0.35,0.84,12.75,3.69,0.02,40.15,19.75,2.38,4.7,0.63,2.07,2.21,0.28,0.49
11.76,25.17,4.75,24.89,19.53,26.54,4.95,26.7,31.21,124.98,20.91,243.81,4.25,5.6,5.45,1.27,14.19,0.76,7.73,20.34,1.05,7.64,0.06,10.35,56.93,9.6,13.9,67.6,24.56,24.52,0.54,46.69,50.9,18.82,3.51,0,0.4,1.73,13.63,103.53,0.63,2.11,12.2,0.07,6.41,31.69,2.75,96.77,22.82,0.77,0.32,5.69,0.64,10.92,6.12,14.88,10.11,6.27,80.58,0.55,15.61,13.13,12.49,13.35,55.21,20.98,7.87,23.18,28.66,39.92,14.42,12.47,16.16,6.58,9.58,0.25,0.28,11.1,6.23,5.34,0.57,0.47,2.28,32.17,2.99,344.17,12.19,95.79,2.01,22.39,0.3,0.96,75.84,0.03,3.13,12.3,7.98,10.21,13.42,6.47,59.2,22.48,0.04,9.32,0.26,34.27,7.31,9.72,1.85,0.37,0.07,13.53,1.49,39.63,4.88,3.77,24,89.22,9.82,107.89,3.23,0,0.26,16.91,0.17,1.53,17.86,705.26,2.07,12.56,36.47,81.53,24.95,97.85,6.76,2.62,4.14,17.7,0,0.06,0,0.13,0,3.19,0.07,0.09,0.56,0.86,3.33,20.8,6.6,0.24,0,0.88,13.44,6.21,0.03,29.44,15.31,2.28,10.74,0.19,0.29,1.6,0.07,0.39
6.5,18.19,6.03,16.31,7.9,26.56,15.58,46.7,17.14,66.76,11.65,139.08,13.74,3.9,11.57,0.62,58.13,2.13,2,2.08,53.46,85.25,0.43,20.02,27.31,3.57,5.22,67.44,8.48,27.3,7.02,21.62,55.87,18.75,5.5,0.95,0.32,3.34,26.21,178.99,12.08,2.11,18.44,2.24,14.87,20.85,18.96,130.67,35.62,0.45,9.39,10.86,2.09,11.4,6.36,21.34,2.84,4.98,111.21,0.04,8.32,7.39,44.4,14.68,9.29,10.6,6.42,22.82,10.48,20.81,10.38,5.77,66.32,8.63,85.38,0.28,2.01,3.02,3.99,3.44,4.56,2.47,5.17,28.96,7.22,0.66,12.38,38.65,1.84,18.13,1.06,5.65,27.15,0.06,13.13,15.39,1.94,8.15,1.94,6.36,38.8,14.26,0.22,8.12,0.76,25.64,13.39,6.48,2.18,1.32,1.33,10.92,2.42,29.03,4.76,3.66,16.54,94.55,10.51,91.47,2.66,0.14,0.38,2.55,0.13,4.2,135.99,667.45,2.65,17.69,37.35,48.48,59.55,136.17,14.91,2.03,1.7,19.39,0.02,0,0,0.12,0.15,8.11,0,0,0.99,1.72,0.85,32.22,11.4,0.18,0.3,1.84,25.88,1.9,0.04,142.69,11.39,1.98,10.56,1.23,2.06,3.23,0.18,2.01
3.11,12.65,1.17,12.55,6.66,24.04,11.97,31.87,14.56,52.47,12.02,47.82,25.16,3.42,11.84,0.53,30.94,1.98,0.05,0.16,0.1,28.16,0.14,8.98,32.62,3.53,3.8,62.08,6.67,23.41,8.92,12.67,28.39,9.53,3.34,0.25,0.99,1.18,15.74,111.28,0.8,1.83,10.94,0.05,7.82,2.72,7.82,52.18,24.67,0.3,14.54,6.08,2.17,7.36,6.47,10.2,0.62,7.11,108.1,0.05,6.26,4.78,10.74,10.45,9.43,13.01,2.47,15.41,3.74,28.6,7.58,5.24,39.71,7.86,39.86,4.32,1.66,2.21,5.55,3.34,4.36,0.32,1.45,17.2,7.59,14.6,5.64,26.64,1.41,17.33,0.38,4.79,11.63,0.54,17.52,12.62,10.02,3.5,1.1,4.98,23.61,11.46,0.25,8.13,0.92,6.21,13.46,12.81,0.35,1.23,0.31,8.9,8.53,4.4,3.08,5.87,13.38,46.92,9.22,4.55,2.06,0.12,0.49,8.99,0.29,0.85,254.65,1390.66,0.13,2.82,0.53,1.01,0.88,7.23,0.2,0.2,0.45,11.5,0.02,0.2,0.55,0.13,0.03,1.48,0.15,0,1.28,1.59,0,1.29,6.12,0,0.11,1.29,26.32,2.26,0,26.17,5.39,0.06,7.24,0.62,3.15,3.58,0.04,0.64
3.43,12.48,2.22,8.31,4.59,19.36,16.57,38.07,15.76,46.77,7.47,57.49,12.99,3.64,12.52,1.03,44.91,7.11,6.41,1.09,19.71,159.52,0.89,7.87,20.2,2.68,4.05,49.11,8.5,16.83,3.35,17.74,32.27,10.33,4.7,0.48,1.18,1.87,20.62,109.09,6.09,1.46,15.47,0.27,10.77,29.76,9.87,79.51,27.12,0.45,0.39,6.35,1.35,11.59,4.85,7.92,1.16,5.03,112.32,0.04,6.93,6.05,23.32,11.4,10.18,13.14,5.97,19.39,8.35,25.33,4.57,3.8,126.52,5.21,72.34,0.13,1.25,3.12,4.34,3.83,3.65,2.27,3.04,17.08,12.59,9.82,9.27,45.95,1.36,14.91,4.72,5.5,28.27,0.22,28.27,16.06,3.47,4.96,2.32,5.42,38.13,10.72,0.12,5.43,496.91,6.27,9.21,7.58,0.95,28.63,0.45,11.01,2.22,20.59,2.2,3.77,7.91,70.05,10.3,18.23,2.09,0,0,6.95,0.55,1.62,37.01,938.85,0.56,4.77,8.49,10.43,3.5,13.71,3.37,1.06,2.23,8.47,0,0.09,0,0.12,0.04,0.69,0,0,1.23,2.21,0,7.21,16.91,0,0.33,3.39,21.87,1.51,0.04,17.66,5.08,0.12,7.36,0.74,2.13,3.67,0.4,1.1
13.01,35.47,1.73,15.66,14.2,26.04,13.65,70.43,45.33,175.96,21.81,14.91,1.62,7.43,19.57,0.26,54.18,2.8,0.03,0,297.63,91.95,0.91,24.89,51.27,17.04,9.52,98.4,11.11,19.3,281.25,16.6,68.4,19.85,7.34,0.43,0.04,5.56,42.03,278.66,0.94,3.32,22.58,0.57,11.95,29.12,26.13,87.94,40.57,0.46,2.28,19.35,7.96,9.28,14.51,13.03,16.81,6.67,86.34,0.18,14.46,9.81,15.71,21.79,10.19,15.64,6.82,17.89,0.82,26.41,12.71,7.52,55.09,10.42,51.75,0.26,0.53,15.47,3.43,5.51,8.49,1.51,2.13,26.81,5.6,0.16,10.02,76.64,4.12,22.02,1.66,5.53,8.43,0.15,21.42,13.58,3.27,3.68,0.14,4.68,25.32,15.85,0.13,13.48,1.51,7.54,27.6,19.19,0.29,1.58,0.29,8.25,3.36,0.1,5.45,2.82,17,108.45,20.82,207.79,7.59,0.09,0.41,13.74,0,2.97,30.74,918.43,2.29,22.48,112.04,147.66,56.96,279.91,20.4,6.21,1.05,16.09,0.06,0.11,0.46,0.28,0,1.91,0,0,0.37,0.55,2.02,61.93,9.57,0,0.29,0.27,8.34,3.14,0.14,31.65,43.7,8.77,5.78,0.53,0.63,0.42,0.25,0.97
15.87,14.85,0.91,9.13,19.94,12.5,6.94,27.22,34.76,32.45,7.95,35.16,32.88,3.72,9.28,0.45,14.59,1.48,0.23,6.6,1.37,17.22,0.06,21.57,27.53,5.58,4.83,105.68,9.62,17.43,1.7,22.75,48.6,8.16,1.77,0.24,0.24,1.79,26.67,324.71,0.32,1.85,16.61,0.17,8.23,28.12,6.01,104.39,36.42,0.25,13.92,7,4.5,7.64,4.17,10.67,3.4,4.44,77.66,0,4.89,8.2,7.99,14.35,17.31,10.21,2.91,15.25,1.83,11.91,6.11,4.19,22.23,8.8,21.67,3.04,2.84,5.97,4.18,5.86,10.92,0.05,2.55,22.62,5.13,28.4,8,66.35,1.3,19.53,0.5,1.74,19.9,0.37,8.84,13.55,5.14,3.88,1.44,4.6,42.71,12.44,0.1,9.37,2.91,17.33,12.11,22.61,0.55,0.64,0.15,5.24,29.24,1.45,3.69,4.14,10.56,81.59,9.3,10.33,0.7,0.09,0.54,15.24,0.23,1.71,142.2,2558.72,0.69,4.09,12.73,13.84,3.14,18.89,1.68,0.6,0.8,13.14,0.04,0.06,0,0.33,0,1.43,0,0,0.87,2.24,0.19,5.12,5.58,0.74,0.64,1.47,14.55,2.36,0,23.59,6.03,2.68,6.72,0.75,0.68,2.14,0.09,0.26
8.49,18.56,4.36,14.65,14.06,12.21,5.28,12.67,10.23,32.82,7.67,3.26,20.14,3.26,4.42,0.84,4.9,0.02,0,0.58,0.17,0.03,0,9.02,24.62,0.72,5.47,52.66,14.66,28.55,0.1,23.57,26.35,7.76,0.32,0.01,0,1.83,25.89,112.64,1.06,7.71,7.28,0,4.17,0.07,1.04,51.05,17.2,0.03,17.45,6.46,17.33,4.64,2.39,13.99,0.35,5.48,24.27,0,2.52,3.79,3.39,10.51,6.61,0.68,0.69,11.3,0.01,10.58,5.89,8.37,0.02,2.07,0.35,3.75,1.56,0.71,4.31,2.81,2.45,0,0.22,18.24,0,3.26,16.26,64.46,0.39,12.51,0,0.02,1.26,0.83,0.03,10.59,3.78,0.7,0.31,4.35,8.96,11.16,0,4.4,0.28,1.59,7.17,3.99,0.05,0.69,0.13,3.46,0.08,1.91,2.92,1.57,7.04,31.8,7.67,0,1.09,0.15,0.38,526.27,0.37,1.6,51.54,1654.91,0,0,0,0,0,0,0,0,0.03,7.59,0.23,0.08,0.02,0.02,0,0.32,0,0,2.36,11.29,0,0,0.13,0.38,0.62,51.48,40.98,2.15,0,23.09,1.67,0.16,9.6,1.49,7.42,15.2,0.01,0
5.99,16.48,3.26,11.31,9.35,30.1,18.49,32.34,20.62,95.36,7,35.4,9.25,5.34,10.07,0.54,25.49,2.22,2.55,0.23,6.78,18.47,0.1,12.17,18.78,4.24,6.38,67.64,10.82,22.13,17.38,15.59,65.52,12.58,6.44,0.14,0.05,1.9,24.63,120.56,1.79,2.41,10.75,0.14,7.94,43.69,11.17,97.74,19.56,0.32,6.52,7.76,2.05,7.1,4.86,8.19,3.44,5.55,69.48,0.04,11.06,5.61,15.19,10.27,19.62,20.11,2.96,14.09,25.24,23.71,4.85,6.19,44.75,8.19,27.04,0.7,1.63,12.81,3.3,4.3,4.38,0.22,3.8,13.73,5.91,14.68,8.48,20.25,1.85,19.57,0.46,5.25,20.85,0.36,25.78,11.08,3.08,4.42,1.81,5.48,28.71,6.89,0.29,7.85,2.14,44.97,14.84,8.93,0.99,1.04,0.1,5.04,3.49,3.66,2.64,6.51,11.05,59.61,9.74,9.63,2.23,0.18,1.19,10.33,0,2,19.19,645.65,8.98,49.27,202.84,148.79,233.41,654.01,32.19,15.42,0.79,10.36,0,0.1,0.71,0.22,0,0.49,0,0,6.71,1.4,2.21,117.53,9.06,0.51,0.18,0.99,23.74,2.47,0.02,16.62,10.88,1.89,9.19,1.12,2.05,3.56,0.19,0.85
7.55,21.07,2.36,9.73,11.18,59.68,14.79,29.95,17.02,108.3,14.09,145.51,16.96,7.14,8.95,1.9,30.74,1.05,0.4,1.41,11.44,19.72,0.23,12.58,32.76,3.83,8.2,47.83,10.41,14.87,37.78,50.08,71.77,8.51,2.56,0.21,0,2.57,28.16,513.74,4.4,1.96,18.41,0.6,10.21,39.54,0.69,50.21,31.13,0.54,5.74,14.71,0.85,6.23,5.33,11.54,0.33,5.49,81.84,0.3,7.03,7.88,22.07,15.15,18.37,31.22,4.64,22.99,0.64,25.9,18.94,5.16,22.36,6.92,31.98,0.1,0.95,12.48,8.36,4.06,5.73,0.41,3.79,12.67,6.79,73.28,10.69,88.12,1.75,19.68,0.25,1.28,10.71,0.15,3.84,20.48,1.24,12.2,1.65,7.6,47.51,8.93,0.06,8.31,0.86,46.98,5.35,16.01,2.57,1.04,0.09,8.43,3.15,3.99,2.91,7.1,16.3,83.56,9.76,7.63,1.24,0,0.32,5.45,0.1,0.8,479.49,940.26,3.27,37.72,55.22,69.82,39.21,497.42,33.07,20.83,1.25,16.7,0,0,0.05,0.05,0,1.73,0,0,1.4,1.83,1.13,105.17,3.42,0.14,0.74,1.98,26.4,2.05,0,42.25,10.1,9.49,7.17,0.9,0.92,3.51,0.03,0.48
6.43,16.87,8.97,15.01,8.87,19.02,14.78,24.46,25.07,57.48,11,55.5,6.92,4.79,12.16,1.71,38.01,7.94,0.18,0.13,0.79,19.75,0.33,10.03,30.57,3.67,8.26,65.99,6.85,24.67,3.06,16.29,46.67,9.85,4.6,0.24,2.06,2.73,23.43,75.49,1.38,2.71,5.12,0.17,11.61,30.86,9.64,95.74,20.36,0.55,10.68,4.87,1.78,11.35,9.34,8.95,2.28,5.87,156.66,0,14.54,4.9,22.13,10.29,25.39,37.14,5.1,19.63,3.96,26.89,5.94,5.24,86.34,5.25,25.92,1.49,1.31,4.11,7.96,4.03,1.67,0.47,3.42,14.99,8.09,54.37,8.62,27.58,1.81,23.27,6.35,2.71,42.78,1.1,33.79,10.26,2.65,6.15,1.46,4.97,42.29,12.31,0.17,8.5,640.56,14.25,11.51,10.67,1.26,64.52,0.34,8.52,1.14,11.62,3,7.79,11.11,48.99,14.77,66.16,2.44,0.12,0.42,10.58,0.21,1.11,145.5,1112.04,3.54,9.1,26.86,138.08,19.68,122.32,9.87,2.7,1.12,9.55,0.02,0,0.81,0.07,0.03,1.32,0,0,0.93,2.38,0.78,16.03,10.48,0.15,0.25,1.52,20.26,2,0.07,21.72,3.42,0.48,8.82,0.79,1.15,3.91,0.22,1.08
10.48,15.09,1.77,15.2,6.8,11.59,7.84,11.54,8.96,34.25,8.63,1.25,19.93,1.92,3.32,0.23,2.65,0,0.03,0.03,0.09,0,0,13.83,26.26,0.75,11.3,52.79,14.75,30.11,0.05,14.33,23.51,8.57,0.06,0,0,1.16,26.67,97.94,0.3,0.68,13.13,0,4.49,0.06,2.01,36.12,18.97,0.15,16.25,5.52,5.74,5.86,4.58,15.34,0.88,2.94,23.53,0,3.32,2.48,4.92,8.21,16.24,0.09,0.01,13.12,0.04,7.15,5.88,2.8,0,2.73,0.11,5.59,0,0.57,1.76,3.54,1.67,0,0.07,13.29,0,30.65,7.67,17.29,0.72,16.65,0.03,0.05,4.55,0.49,0,28.28,5.64,3.32,1.37,4.29,8.01,10.15,0,4.54,0.07,2.52,10.23,7.29,0.06,0.28,0,2.76,0.08,0.15,1.74,2.3,5.66,20.65,8.24,0.4,1.63,0.12,2.2,630.61,0.8,1.21,74.41,7319.44,0,0,0,0,0,0,0,0,0.12,6.7,0.06,0.07,0,0.02,0,0.52,0,0,2.1,4.08,0,0,0.16,0.15,1.63,3.28,12.05,1.91,0.01,18.02,1.15,0.14,1.66,1.98,7.77,5.17,0,0.02
0.37,4.39,0.06,4.04,1.08,4.27,1.26,0.8,0.56,1.5,3.53,0.45,7.8,0.22,2.24,0.03,12.06,0,0,0,0.26,0,0,0.16,3.65,0.02,0.69,5.16,1.93,6.61,0.1,5.27,7.16,0.14,0.28,0,0,0.05,2.88,14.99,0,0.2,1.48,0,0.2,0.17,1.54,3.58,3.37,0.08,1.36,2.27,2.15,0.2,0.38,6.79,0,3.27,3.1,0,0.75,1.61,0.45,3.29,1.86,0.03,0.04,7.6,0,2.28,2.76,1.79,0,0.72,1.99,3.83,0,0.45,0.9,1.07,0.18,0,0.36,3.07,0,0,2.07,18.46,0.5,2.7,0,0.07,0.63,0.56,0,7.27,0.81,2.35,0,3.95,2.5,10.3,0,4.87,0,0.05,0.87,0.67,0,0,0,0.64,0,0,0.4,0.31,2.07,8.09,0.57,0,0,1.14,1.53,688.62,0.51,0,47.8,710.13,0,0,0,0,0,0,0,0,0,0.92,0,0,0,0,0,0,0,0,3.91,1.69,0,0,0.23,0,4.19,5.09,6.49,0.33,0,1.1,0.16,0,1.05,1.09,4.47,7.27,0,0
11.14,29.86,9.23,19.33,10.34,65.41,23.1,35.25,24.36,146.45,8.32,53.93,6.21,8.01,13.63,1.54,46.37,5.69,0.1,4.19,8.39,80.8,0.3,16.69,31.82,11.95,6.37,83.75,13.68,31.72,22.31,26.7,54.33,17.35,6.85,0.34,0.39,2.98,41.2,373.87,12.11,3.08,16.46,0.25,10.73,37.73,7.99,92.02,47.16,1.05,6.2,17.49,1.15,13.6,7.25,25.77,5.47,5.25,84.52,0,10.51,9.37,18.42,12.59,13.68,20.27,8.73,24.43,2.29,22.54,8.21,6.45,93.35,15.66,37.75,0.55,0.75,16.96,5.92,4.86,5.9,0.31,6.12,25.15,6.52,9.93,5.66,46.74,2.01,22.72,1.06,5.86,13.98,0.15,16.87,16.07,3.39,3.73,0.23,6.08,50.85,11.08,0.1,13.63,8.64,45.72,20.86,11.44,2.66,2.8,0.19,5.9,3.95,0.27,7.26,7.07,19.82,92.63,13.22,5.38,3.01,0.1,0.44,20.14,0.26,1.07,22.08,212.12,33.2,169.38,525.11,851.41,300.64,1142.29,56.17,29.09,0.94,11.79,0.05,0,1.16,0.24,0.03,2.52,0.03,0,0.39,0.58,17.57,402.25,14.88,0.25,0.21,0.58,15.56,8,0,22.27,12.32,4.21,9.14,0.47,0.19,2.23,0.26,1.64
3.43,15.86,0.45,10.66,5.42,17.38,8.74,24.26,13.91,50.75,6.98,100.08,14.3,4.33,12.38,0.49,23.77,1.45,0.13,0.02,2.2,1.36,0.1,14.27,22.75,2.56,3.72,72.41,9.06,19.1,0.96,13.6,26.76,10.11,3.15,0.25,0.21,3.02,20.19,202.42,0.14,1.81,8.79,0.8,15.17,2.3,3.3,86.15,40.3,0.69,6.52,11.64,3.68,9.14,3.66,7.95,0.66,4.42,79.69,0.01,6.85,5.01,6.06,13.5,8.08,9,4.62,25.78,2.83,20.89,4.45,4.7,51.61,4.2,25.05,3.54,2.29,1.98,2.87,3.02,5.04,0.11,2.37,13.62,7.49,3.42,5.85,53.36,1.78,11.75,1.92,1.72,11.98,1.86,9.48,9.25,7.53,1.31,0.36,3.36,34.4,9.62,0.18,8.37,2.71,5.82,12.17,13.36,0.29,1.89,0.2,9.49,18.25,14.19,2.88,2.43,8.96,42.94,11.4,0.19,2.13,0.33,0.82,16.45,0.81,0.29,141.91,1614.26,0.25,1.81,2.68,11.19,1.96,35.58,1.4,0.1,0.16,13.38,0,0.1,1.05,0.15,0,0.4,0,0,0.83,1.37,0.06,8.79,4.18,0,0.53,1.31,23.69,1.52,0.05,12.11,5.45,0.01,9.32,0.95,1.22,2.41,0.06,0.81
4.37,13.78,1.38,16.53,10.19,46.46,10.77,36.32,17.01,124.54,9.46,146.29,5.28,7.55,7.46,0.4,34.51,3.26,1.8,6.02,50.95,61.3,0.02,15.46,32.17,5.77,5.06,84.98,10.77,18.9,29.09,32.89,48.35,9.61,4.19,0.26,0.13,2.66,33.43,285.41,130.26,3.39,23.78,0.1,6.07,92.93,9.13,114.3,24.77,0.38,0.48,5.6,4.21,12.86,4.21,7.3,0.69,3.98,61.89,0.13,7.06,8.8,45.98,13.49,34.17,17.63,3.28,26.1,20.83,38.85,4.55,3.89,42.36,7.76,19.58,0.24,8.3,10.62,3.05,3.05,9.87,0.43,6.65,36.29,5.47,19.57,22.79,50.03,1.6,17.42,1,5.83,76.36,0.11,15.34,10.14,3.4,6.95,5.39,5.96,34.05,9.49,0.23,9.4,0.5,20.35,17.22,11.85,3.8,2.75,0.22,4.11,4.69,14.44,4.2,6.43,17.25,121.92,11.6,13.17,3.15,0.13,0.41,6.34,0.64,1.65,81.78,1166.9,4.45,4.94,13.01,45.85,9.54,73.06,7.29,2.74,1.78,14.27,0,0.04,0.01,0.34,0.04,3.18,0,0,0.85,2.16,0,15.81,12.85,0.33,0.21,0.8,14.86,3,0.03,20.13,28.64,6.27,19.43,1.58,1.43,1.27,0.28,1.39
12.35,18.3,2.25,13.15,15.89,36.52,14.57,26.53,25.75,112.86,12.92,74.13,17.1,6.2,8.28,1.19,23.56,2.86,0.43,2.23,12.82,26.42,0.08,14.16,48.84,4.69,11.21,93.69,13.44,37.56,14.24,21.3,70.24,18.92,4.27,0.2,0.57,2.5,32.54,161.69,3.72,3.65,10.33,0.36,8.66,45.66,21.16,97.42,20.42,1.41,9.18,7.51,1.7,15.5,6.89,10.43,2.94,6.61,89.66,0.06,11.53,7.28,32.22,13.79,26.31,9.61,3.2,21.61,6.35,28.14,12.34,7.79,38.02,8.26,18.93,1.11,2.56,6.78,4.48,8.25,10.15,0.21,3,20.75,5.18,91.39,9.18,26.93,4.29,23.34,0.34,3.69,20.07,0.7,12.25,11.12,5.55,6.03,0.98,11.73,30.83,14.41,0.32,9.12,0.94,25.96,15.49,15.47,2.97,1.13,0.21,7.25,2.37,16.67,6.79,5.95,24.24,88.06,16.79,40.78,2.44,0.12,0.53,19.41,0.32,1.48,173.83,1418.25,4.31,6.35,36.99,51.51,45.57,138.74,15.72,3.41,0.51,16.93,0.1,0,0.12,0.19,0,1.16,0.08,0,1.42,0.82,0.81,23.97,8.85,0.44,0.75,0.95,16.07,3.77,0,26.15,10.23,5.75,16.19,0.57,0.93,1.43,0.2,1.51
4.12,24.11,1.41,9.58,6.42,13.49,7.83,24.24,37.16,99.84,7.18,34.03,13.65,6.84,8.51,0.35,17.66,1.56,2,0.46,7.05,7.01,0.13,23.95,22.96,3.37,3.11,107.41,11.51,13.04,1.16,10.3,22.76,18.29,6.4,0.25,0.17,3.56,32.16,188.11,7.02,1.71,12.61,0.3,7.83,4.16,6.34,128.83,27.86,0.54,9.93,7.06,6.85,6.57,5.74,7.79,0.71,2.53,49.31,0,6.26,5.19,5.27,12.94,9.68,5.71,3.59,21.86,1.54,27.92,4.25,5.74,19.97,5.56,25.3,2.42,1.54,1.47,4.29,3.89,6.07,0.1,1.73,14.42,3.03,30.19,5.63,24.06,1.96,14.24,0.16,2.47,9.08,3.69,7.32,5.66,6.98,1.32,0.54,3.49,22.4,12.46,0.1,8.5,1.88,3.19,11.16,11.82,0.24,0.94,0.13,6.4,0.61,16.22,4.66,5.96,16.61,52.51,9.51,21.97,1.33,29.62,1.3,110.37,3.45,1.62,157.6,3756.95,0.15,2.74,3.11,23.65,8.53,26.57,6.34,1.83,0.35,16.42,0,0.07,0.4,0.12,0.03,0.24,0,0,8.05,139.27,0.27,3.74,3.04,0,0.42,12.69,18.1,1.25,0.14,19.41,5.81,1.24,8.68,78.3,71.77,4.62,0.13,0.52
0,0.55,0.72,0.93,0,0.13,17.53,1.34,0.63,2.74,27.44,0.53,4.81,0,0,3.79,3.55,0.17,1.74,0,0,3.63,0,0.5,1.69,0.41,0,0.9,1.55,8.8,2.79,0.6,12.18,0,0.81,0,2.35,0,1.15,3.29,0,0,0,0,20.69,12.85,5.93,0,0,7.18,3.7,29.22,0,0.07,12.69,15.96,0,4.61,0.58,0,0,0,0,3.78,0.36,3.36,0,2.22,0,3,0.3,1.15,4.08,0,0.36,0,0,2.55,0.24,0.49,0.26,3.14,4.75,0,4.2,1.22,0,6.45,36.4,7.26,5.54,1.02,14.97,3.16,1.9,0,8.18,0,1.77,0.39,1.43,27.54,9.4,0.19,0,2.57,1.54,1.7,0,0.32,0,10.99,5.29,0,0,25.01,0,2.71,1.09,0,5.02,0,0,0,0,0,3.3,2.32,0,0,0,1.02,0,0,0,0,1.63,1.83,0,0,0,4.15,0,0,13.91,1.6,0,0,0,0,20.34,0,0,0,0,0,0,0,2.53,2.44,1073.57,0,0,0,0,46.15
6.43,18.74,1.87,15.56,6.44,38.37,8.53,48.53,18.97,92.57,11.69,27.06,9.29,3.79,11.93,0.23,23.58,1.52,0.04,1.04,1.61,16.66,0.09,13.89,32.71,4.82,6.3,88,10.75,25.59,3.04,18.57,46.33,12.7,2.16,0.09,0.04,1.38,26.34,218.23,0.97,1.59,17.5,0.41,8.45,40.64,12.72,51.67,44.7,0.32,10.74,8.69,4.19,7.06,4.75,8.83,1.47,4.41,85.38,0,15.37,7.23,25.48,12.96,14.67,7.01,2.53,15.8,4.33,36.47,5.76,6.18,25.91,7.18,19.09,0.43,3.46,7.66,4.8,5.5,4.89,0.16,4.53,17.55,4.12,23.9,9.37,20.71,1.65,24.26,0.2,3.06,24.4,0.29,13.36,18.34,5.08,6.07,0.8,4.92,27.45,11.27,0.2,7.44,0.39,16.2,9.67,11.83,1.03,0.54,0.27,6.77,5.94,4.86,2.56,11.44,17.13,66.24,9.57,52.48,1.61,0.46,0.5,11.98,0.47,1.59,91.84,533.54,0.88,3.72,13.82,20.27,7.42,34.73,3.57,1.09,0.6,14.74,0.11,0.09,0.02,0.08,0.02,1.07,0,0,1.27,1.96,0.51,10.89,5.96,0.19,0.32,0.53,18.06,1.83,0.05,23.96,8.23,6.36,8.47,0.88,1.57,2.39,0.12,1.03
12.46,49.93,12.22,17.57,26.29,22.32,13.03,18.28,39.49,79.99,13.41,4.39,22.33,3.65,4.36,0.62,1.58,0.03,0.17,0.06,0,0.04,0.04,58.22,20.94,1.47,6.46,93.14,21.69,29.67,0.36,12.71,44.59,16.36,0.15,0,0.01,4.83,34.38,443.16,1.74,1.52,13.04,0,5.57,0.2,14.83,73.85,26.42,0.11,24.62,8.18,14.78,18.71,3.89,8.98,3.06,2.7,20.02,0.02,3.89,7.46,2.06,7.28,17.41,1.95,0.35,11.42,0.16,6.54,4.11,6.08,0.09,5.93,0.09,11.37,0.01,4.77,4.88,3.43,2.94,0.06,0.55,12.09,0,2.71,5.73,36.74,0.71,12.59,0,0.04,18.33,1.84,0.01,7.63,2.5,3.88,1,5.07,25.93,15.86,0,7.26,0.14,9.2,14.81,20.94,0.26,0.1,0.01,5.29,0.23,9.22,6.68,3.98,9.28,35.7,8.48,0.82,0.88,6.12,3.59,24.28,1.46,2.57,73.05,2103.78,0,0,0,0.04,0.02,0.04,0,0,0.27,13.81,0.19,0.11,0,0.11,0,0.32,0,0,2.56,29.3,0.05,0,0.16,6.55,2.18,4.18,21.63,2.26,0,19.43,2.64,0.02,4.47,6.49,17.6,5.2,0,0
4.66,24.01,6.94,12.6,9.58,19.9,41.91,34.54,20.2,51.05,14.61,37.41,7.6,5.2,14.34,0.83,41.44,6.05,0.89,0.01,0.37,25.25,0.41,20.51,50.54,5.28,5.77,78.72,6.76,42.17,3.31,23.32,81.62,12.2,4.5,0.2,0.33,2.72,34.56,203.5,3.6,2.56,13.44,0.35,9.14,5.17,15.02,116.71,26.53,0.22,15.39,8.88,3.15,8.89,4.82,8.88,2.2,4.59,153.87,0.03,8.58,7.33,9.12,15.87,22.65,8.82,4.72,27.24,2.46,37.68,6.59,6.51,58.55,5.31,63.4,1.76,4.4,5.95,6.03,4.15,6.57,1.08,6.94,21.77,9.28,26.14,14.81,27.77,1.93,21.92,0.28,10.58,23.79,1.07,24.57,12.35,7.76,4.34,0.47,5.58,46.59,11.64,0.38,9.94,2.21,49.9,19.47,18.17,2,2.3,0.4,6.48,3.98,3.75,3.18,24.83,15.05,92.35,14.74,6.46,3.27,0.08,0.67,10.85,0.39,1.84,138.1,523.95,1.15,251.68,80.21,265.57,13.58,38.12,160.59,6.17,1.32,17.33,0.16,0.05,0.53,0.39,0.13,3.52,0,0,1.2,1.23,0.27,126.07,21.3,0.15,0.31,0.77,13.46,1.8,0.06,33.42,6.34,0.15,9.78,0.8,0.86,1.71,0.23,1.36
3.31,26.78,5.43,11.29,5.92,27.32,12.76,84.55,22.73,103.45,6.72,35.33,13.09,7.16,16.21,0.53,48.82,2.23,0.09,0.35,2.2,48.49,1.11,28.02,26.06,8.1,4.16,77.96,10.95,19.64,2.02,21.04,40.91,19.99,3.29,0.46,0.11,3.65,34.49,213.21,2.1,2.4,26.48,1.77,7.25,16.65,8.69,126.39,38.56,0.2,8.69,11.86,2.26,12.08,4.61,8.28,3.17,5.13,81.78,0.84,6.2,8.93,25.13,18.46,9.97,10.14,7.07,30.13,6.45,18.23,5.98,6.19,81.4,4.2,52.16,0.09,5.01,2.59,5.45,3.82,5.29,2.98,3.89,30.04,6.15,0.45,11,37.74,1.71,19.45,1.4,4.38,20.18,0.29,12.55,15.21,4.96,2.25,2,4.63,43.69,11.95,0.28,11.02,0.81,14.3,8.75,12.14,0.41,1.17,0.29,7.98,2.72,2.75,4.45,10.76,13.21,117.13,11.37,12.24,3.5,0,0.28,6.89,0.14,2.12,142.02,1390.96,0.09,0.5,1.58,2.12,1.88,5.94,0.72,0.29,0.57,11.82,0.05,0.05,0,0.48,0,2.48,0,0,0.68,0.84,0,4.09,12.54,0.09,0.57,0.38,14.5,2.39,0.03,22.08,6.55,1.15,5.11,1.25,0.99,0.7,0.21,0.67
9.29,27.86,1.77,10.47,16.23,15.23,28.94,25.08,40.32,89.12,7.55,82.99,19.48,8.23,9.95,0.71,22,2.58,0.29,4.23,2.45,32.25,0.17,24.61,24.47,4.18,7.3,124.59,25.24,19.84,9.72,17.08,37.63,15.03,4.35,0.05,0.08,4.05,25.55,158.19,4.87,2.52,15.1,0.49,9.58,22.12,18.25,155.85,25.12,0.59,24.06,10.39,1.32,8.57,5.97,9.79,2.23,8.3,80.76,0.03,5.23,8.33,14.64,19.66,34.86,14.81,6.71,18.09,5.26,44.58,5.02,4.61,35.34,6.49,22.71,2.84,4.27,7.17,5.73,5.4,6.68,0.21,2.97,23.46,2.38,26.4,13,63.53,3.47,27.08,0.36,4.94,27.75,0.77,15.83,7.97,3.21,2.98,6.71,3.81,40.09,10.25,0.35,11.62,0.14,18.03,15.31,11.69,1.76,3.2,0.2,8.24,2.03,9.64,3.61,6.07,10.3,115.17,17.6,7.28,1.78,0.88,1.19,17.87,0.59,2.74,30.37,1810.71,0.32,1.59,4.91,6.91,3.71,15.57,0.58,0.5,2.51,18.65,0.02,0.16,0.66,0.32,0.07,0.62,0,0,0.27,1.76,0.33,2.17,8.33,0,0.28,0.4,9.04,2.1,0,17.88,12.67,0.27,8.91,0.77,1.44,2.3,0.17,1.12
5.49,18.03,2.75,12.37,8.79,21.43,16.44,18.67,20.1,53.2,7.98,18.05,18.72,3.56,15.98,0.93,56.87,5.78,0.27,0,4.2,16.11,0.22,19.96,20.94,3.68,3.72,95.72,15.42,24.05,1.46,15.35,39.1,13.64,1.2,0.68,0.64,2.52,33.13,251.62,2.73,1.54,8.04,0.44,10.97,2.47,5.06,95.48,27.27,0.2,8.64,6.79,3.13,8.53,2.99,8.13,1.08,3.78,139.12,0.04,7.16,5.4,4.67,11.03,6.71,15.75,4.98,19.86,3.36,20.52,4.41,4.91,71.1,2.96,62.48,6.94,3.11,2.98,3.36,3.19,4.37,0.09,2.67,14.11,8.5,7.34,8.66,37.12,1.22,18.88,2.36,3.65,9.29,0.83,27.49,14.15,9.74,2.49,1.31,3.91,36.39,9.04,0.09,5.86,349.85,7.33,9.24,11.65,0.44,26.19,0.22,4.3,1.77,2.59,3.2,4.74,12.11,68.31,10.75,10.57,2.14,0.16,0.4,12,0.15,0.58,76.83,1065.65,0.69,1.66,5.84,10.35,9.3,27.69,3.16,1.43,0.38,12.56,0.14,0,0.3,0.33,0,0.12,0,0,0.65,1.31,0.52,7.78,3.13,0.4,0.52,1.47,17.53,1.43,0,16.86,2.97,0.18,8.82,0.94,1.13,1.94,0.04,0.86
9.44,27.14,4.99,17.95,8.34,29.43,9.93,47.94,41.63,108.66,5.81,38.83,11.43,6.26,15.87,1.07,22.94,1.57,0.7,0.71,1.12,54.02,0.18,17.43,29.88,8.28,8.5,94.85,14.78,26.98,9.8,34.18,44.72,17.49,5.06,0.36,0.23,2.2,32.29,155.39,0.77,1,22.95,0.24,5.9,68.87,7.39,128.62,49.12,1.02,9.48,9.74,1.04,12.26,8.85,22.04,13.15,7.93,76.29,0.14,11.35,13.7,11.87,17.81,21.97,35.6,5.48,13.01,6.36,31.77,4.9,6.06,60.08,9.88,21.93,0.2,3.18,5.49,5.1,5.79,4.12,4.51,4.14,42.24,5.27,97.59,15.13,71.17,1.96,33.94,0.8,6.43,24.01,0.37,14.51,21.84,5.18,3.8,2.87,4.42,39.91,9.27,0.26,10.88,1.07,13.35,11.25,11.71,1.99,1.45,0.18,5.36,1.36,5.13,5.5,4.75,13.8,124.47,13.55,17.09,5.85,0.24,0.64,9.33,0.42,1.61,57.49,928.97,4.54,50.38,144.42,52.63,179.09,347.43,37.64,9.06,1.06,13.2,0.16,0,0.66,0.45,0,1.32,0,0,1.06,0.36,3.72,63.88,9.77,0,0.38,0.83,8.44,2.79,0.05,18.68,10.97,6.69,9.07,0.57,0.35,0.98,0.2,1.09
14.54,33.99,5.35,22.16,15.04,34.16,18.99,49.57,28.54,165.57,27.12,167.55,4.79,7.38,13.67,0.19,6.62,1.02,187.52,8.8,54.74,3.25,0.02,22.36,52.87,16.98,13.25,88.16,15.3,29.6,114.44,22.41,75.88,26.64,7.24,0.02,0,6.13,41.78,131.95,40.39,2.74,21.39,0.87,12.48,124.18,38.7,106.57,33.93,1.61,0.86,16.26,2.28,12.87,7.67,18.66,1.37,8.34,82.62,0,13.33,24.45,101.36,24.69,33.8,17.91,5.97,21.54,95.67,41.64,14.8,7.13,6.98,15.51,1.56,0.16,0.04,16.59,9.25,5.57,9.11,0.39,3.78,58.93,0.48,93.99,24.59,95.7,1.48,24.68,0.04,0.17,63.55,0.11,1.64,16.49,5.58,4.94,10.69,10.92,33.63,19.88,0.01,9.95,0.02,166.92,18.48,13.67,2.88,3.7,0.04,8.85,29.2,5.81,8.99,16.32,32.2,128.02,7.96,109.99,3.28,14.8,34.89,23,5.91,5.47,133.31,804.43,0.09,0.16,1.2,3.26,2.87,4.63,0.18,0.18,0.99,23.78,0.17,0.35,0.79,0.23,0.24,3.41,0,0,8.9,45.45,0,0.51,1.76,9.18,142.64,5.46,198.6,6.25,0,101.08,10.51,8.09,24.84,2.49,294.1,10.31,0.05,0.57
9.75,27.44,2.82,14.31,10.19,21.23,11.17,28.98,23.18,124.77,7.08,45.99,26.34,8.38,9.99,0.41,21.02,2.51,0.04,0.04,6.25,19.54,0.01,27.78,23.04,3.76,6.71,94.54,19.28,21.95,1.8,15.09,21.38,15.15,1.86,0,0.22,2.33,37.04,217.05,3.49,6.38,24.46,0.15,8.36,3.75,4.16,88.2,36.62,0.35,47.95,8.17,2.27,7.46,5.1,14.99,1.33,5.58,43.59,0.06,6.5,4.99,2.68,10.46,18.15,4.6,3.95,30.17,2.01,30.61,8.04,5.95,54.55,5.46,20.06,14.11,0.88,4.14,3.06,4.24,4.36,0.11,1.68,16.05,2.37,5.46,7.38,68.08,2.48,20.83,0.24,3.07,16.05,2.74,12.04,13.42,8.58,3.56,0.8,3.96,30.97,14.49,0.45,10.32,0.45,5.12,7.66,16.23,0.43,1.02,0.13,6.04,1.59,9.75,5.96,4.5,22.02,49.25,9.45,1.64,1.82,19.76,26.2,16.19,8.59,1,66.11,1883.9,0.97,4.97,29,17.75,25.35,76.85,4.42,1.92,1.12,15.11,0.04,0.71,0.23,0.44,0,0.47,0,0,6.93,38.95,0.27,6.84,4.53,7.82,145.15,2.73,120.72,2.45,0.08,26,6.78,0.19,6.22,2.22,201.09,4.7,0.15,0.35
10.91,28.41,3.08,18.07,13.24,26.58,23.97,58.34,41.77,126.26,7.25,18.72,7.29,8.12,20.24,1.49,43.59,7.7,0.17,0.22,5.84,61.47,0.12,28.17,31.77,7.07,11.24,97.51,16.7,34.95,2.28,19.09,76.22,24.82,6.81,0.76,1.75,2.7,37.98,262.41,1.64,2.71,39.13,0.21,8.41,50.85,18.9,130.08,57.23,0.27,15.04,14.91,3.53,10.15,6.02,10.72,9.18,7.63,88.13,0.02,13.35,7.94,38.91,14.2,30.78,36.81,6.93,23.53,15.24,37.74,6.82,6.18,156.84,8.33,43.96,0.14,1.1,8.25,6.06,6.02,6.97,0.25,5.9,23.03,9.07,30.71,10.74,54.03,2.53,35.75,4.73,8.2,26.49,0.19,48.88,31.52,4.96,6.46,7.52,6.08,36.23,13.34,0.57,13.62,896.01,41.36,17.75,10.22,2.45,83.86,0.57,6.23,1.61,16.33,4.69,8.32,16.74,100.56,18.4,122.3,2.88,0,0.3,3.03,0.68,3,39.75,554.73,1.59,1.23,7.37,9.33,10.61,17.84,1.69,0.74,1.23,23.41,0,0,0.21,0.31,0.07,4.41,0.16,0,0.68,0.84,0.12,1.85,16.5,0.37,0.56,0.42,9.93,2.9,0.08,21.75,15.44,5.25,7.99,0.73,1.42,0.93,0.23,2.02
10.82,28.09,3.06,8.66,10.05,27.86,13.29,33.43,35.93,120.24,13.43,61.11,16.26,6.06,13.56,0.62,23.49,2.96,0.05,0.35,1.94,13.55,0.38,28.1,34.63,6.71,7.32,108.49,29.59,13.4,11.01,19.4,40.76,15.24,3.43,0.22,0.16,3.32,49.46,216.81,4.34,2.79,25.75,0.09,6.95,68.93,11.22,97.34,42.84,0.64,11.68,12.47,3.93,12.31,4.55,9.8,5.34,5.65,78.47,0.04,6.88,6.09,18.27,12.42,20.49,17.52,3.62,19.36,4.76,29.55,6.54,5,40.82,6.68,15.78,1.76,5.11,7.31,5.59,4.4,6.69,1.52,3.57,27.24,2.93,35.55,10.57,51.68,1.95,25.02,0.48,2.7,23.93,0.34,8.32,17.71,10.53,2.68,3.71,4.47,27.9,14.98,0.07,13.13,0.26,19.36,20.48,12.61,1.06,1.3,0.23,6.01,5.65,20.62,5.84,6.02,19.36,75.07,15,40.74,3.07,15.18,28.94,30.97,9.08,3.3,123.7,1020.89,0.66,0.97,1.89,4.16,6.88,22.27,0.45,0,0.61,17.95,0.06,0.56,0.11,0.53,0,1.53,0,0,7.91,50.37,0,1.17,3.91,9.8,132.7,2.8,131.34,4.05,0,31.53,8.89,1.81,10.24,3.05,208.31,9.29,0.15,1.12
16.92,28.12,5.53,18.44,12.94,37.19,21.58,44.64,42.45,141.58,9.42,85.95,25.87,6.3,11.44,0.84,26.3,2.45,0.09,0.38,0.38,40.43,0.14,29.19,39.82,6.73,10.75,119.89,19.43,29.53,10.01,23.11,54.4,21.8,5.04,0.38,0.33,4.58,39.91,222.42,2.09,2.36,19.95,0.33,8.21,48.3,7.53,155.27,44.13,0.46,16.23,12.9,3.1,11.78,7.65,14.14,6.51,7.37,97.95,0.07,8.78,8.65,17.71,13.08,22.87,12.33,5.45,22.21,4.35,32.04,6.96,7.59,47.49,10.73,39.58,2.62,1.43,11.54,5.93,4.88,7.21,1.23,4.35,25.06,6.56,35,9.19,50.68,2.57,32.31,1.03,4.03,32.24,0.13,15.15,17.77,11.53,4.27,4.77,4.96,41.21,17.92,0.48,9.45,0.71,59.24,15.13,14.09,1.89,1.68,0.28,7.83,10.67,5.4,4.54,12.29,12.52,91.57,16.87,11.44,3.47,0.11,0.3,6.39,0.65,2.32,52.35,702.73,24.37,12.65,50.78,70.88,80.18,230.65,16.67,8.82,1.13,19.95,0.06,0.07,0.46,0.36,0.03,1.9,0,0,0.45,0.95,2.54,59.48,9.75,0.14,0.36,0.45,10.28,3.15,0.06,32.14,8.57,1.02,8.99,0.87,0.83,1.46,0.22,0.92
13.67,24.62,3.88,23.4,12.5,18.31,17.26,48.56,49.27,93.74,18.48,147.09,8.66,8.81,14.92,0.98,26.36,6.89,0.46,19.28,0.79,46.94,0.48,16.55,66.65,12.33,7.63,125.08,17.01,28.69,30.56,22.16,63.48,26.97,12.31,0.22,0.7,3.72,35.17,149.1,0.63,3.11,31.93,0.56,7.34,49.84,7.84,107.7,37.52,0.45,17.97,12.78,1.68,9.21,7.56,11.75,17.3,6.1,81.36,0.31,17.1,12.51,16.26,20.92,24.75,27.54,12.89,19.6,4.21,42.26,10.43,5.52,72.34,14.36,41.48,0.18,1.51,19,5.57,6.18,7.46,1.46,9.81,35.47,5.36,76.56,10.29,37.99,4.66,31.3,0.59,4.55,29.27,0.29,19.83,17,12.69,2.44,6.23,3.65,49.84,17.26,0.26,15.78,90.6,84.27,10.77,12.92,1.09,10.09,0.12,8.29,2.29,0.1,4.95,9.73,19.96,108.04,18.47,21.01,3.97,0.16,0.33,12.65,0.44,1.61,34.62,945.58,13.6,14.83,88.19,118.46,31.77,177.69,7.32,11.14,0.88,16.53,0.23,0.1,0.66,0.7,0.03,3.53,0,0,0.87,1.23,0.94,15.87,8.41,0,0.13,0.62,10.36,3.57,0.09,30.27,18.5,1.92,6.82,0.36,1.18,1.15,0.25,0.5
4.83,26.02,1.87,20.58,9.69,20.78,27.44,40.73,20.01,61.9,8.09,0.7,6.4,4.49,19.38,0.59,64.58,3.95,0,0.06,1.35,68.58,0.08,23.68,18.63,3.89,3.44,95.99,21.97,33.47,0.99,19.68,46,26.88,2.47,0.32,0.01,2.86,42.53,547.82,2.7,2.82,11.83,1.1,13.21,0.16,3.82,110.23,62.17,0.77,1.18,19.75,1.59,11.61,3.36,6.95,0.41,7.09,109.48,1.17,7.97,5.33,2.06,13.48,5.8,11.17,9.57,26.63,3,37.43,7.04,4.6,21.16,5.19,87.99,17.45,2.11,1.81,4.04,3.27,10.86,0.21,5.22,22.25,7.64,0.19,11.37,50.83,1.51,17.26,1.14,6.44,21.71,0.08,16.94,17.08,2.72,4.74,1.7,5.79,43.76,8.26,0.15,11.49,11.47,2.9,19.27,12.33,0.7,4.24,0.39,10.82,43.52,12.06,3.93,2.65,15.97,101.28,17.86,2.17,4.44,0,0.2,9.79,0.3,0.09,63.1,661.2,7.83,4.83,17.42,40.06,9.44,46.38,3.75,0.56,1.01,24.12,0.25,0,1.04,0.52,0,0.04,0.08,0,0.46,0.34,0.18,9.19,5.83,0,0.24,0,7.43,2.12,0.54,14.21,12.85,0.07,9.28,0.22,0.11,0.73,0.18,0.52
9.33,23.22,10.34,15.74,6.84,20.54,10.85,41.17,27.33,93.3,6.65,33.83,4.34,8.72,10.47,0.24,30.23,3.85,0.18,6.88,6.27,10.69,0.03,29.37,18.22,4.45,4.26,97.43,13.85,25.06,7.81,22.93,37.42,17.31,5.33,0.16,0.1,2.54,33.41,441.64,4.35,1.94,19.32,0.36,6.91,38.91,9.99,147.45,50.98,0.19,6.37,13.96,4.8,10.74,2.29,7.28,2.46,3.77,54.05,0.1,6.59,6.96,21.75,16.17,10.81,11.36,7.71,24.23,1.48,23.04,6.22,5.33,25.24,6.71,15.05,0.91,2.28,4.25,4.76,3.96,4.04,0.33,3.23,24.84,1.62,9.51,10.9,36.7,1.81,15.3,0.03,1.52,36.41,0.17,8.3,12.79,9.34,5.18,2.82,3.12,20.92,8.53,0.27,8.77,0.81,23.73,13.53,13.96,0.9,1.38,0.04,4.95,2.42,10,4.05,3.33,13.3,109.47,13.08,26.23,1.71,0,0.47,29.54,0.09,1.47,166.66,2260.62,6.29,28.66,131.13,151.46,29.84,169.48,14.14,10.32,0.57,20.18,0.11,0.13,0.36,0.41,0,2.03,0,0,0.21,0.52,2.64,61.4,4.37,0.13,0.44,0.43,13.64,1.97,0.11,14.14,9.1,2.13,11.36,0.51,0.41,0.96,0.09,0.68
17.04,34.2,2.71,21.8,13.22,44.97,18.46,56.74,50.12,178.11,12.12,168.21,10.63,5.71,12.25,0.53,36.77,3.95,0.28,7.69,2.34,59.93,0.12,34.06,45.21,10.71,10.86,126.68,20.13,26.11,16.58,31.63,63.03,26.24,7.59,0.37,0.33,3.67,44.96,259.95,1.26,1.91,36.83,0.27,6.39,68.83,14.38,136.98,47.59,0.46,2.87,12.94,1.66,12.04,4.01,14.42,10.43,6.29,52.8,0.06,12.45,10.83,24.78,15.09,33.62,26.72,4.93,21.92,6.96,39.81,10.36,5.4,39.69,14.07,35.57,0.21,0.55,11.47,4.87,5.04,10.43,1.12,5.72,33.18,4.18,3.65,14.77,82.24,3.3,30.45,0.53,6.13,26.78,0.08,22.57,21.43,4.95,4.89,8.37,5.77,42.75,22.22,0.18,11.14,2.61,47.94,20.29,11.56,1.59,1.47,0.19,18.68,1.14,26.81,5.57,4.82,19.77,143.45,21.61,31.61,2.52,0.09,0.66,8.33,0.75,10.32,50.84,950.63,2.55,17.1,26.84,81.84,37.07,148.2,6.37,1.95,1.16,23.23,0.43,0.05,0.59,0.52,0.16,5.05,0,0.01,0.25,0.34,0.91,22.87,7.98,0.74,0.09,0.17,6.75,4.1,0,37.71,14.23,8.04,13.29,1.14,0.5,2.19,0.23,1.23
7.81,26.92,2.73,15.95,7.37,31.95,12.38,41.73,38.05,185.47,8.05,55.04,7.41,8.08,13.69,0.78,45.31,5.1,0.08,3.7,1.95,93.12,0,30.08,38.24,8.05,9.08,87.28,9.25,23.17,4.15,18.24,48.74,20.44,2.49,0.5,0.19,3.37,31.72,245.51,1.36,2.41,20.62,0.74,8.92,24.08,2.71,90.21,37.57,0.56,0.96,11.45,2.28,7.48,4.53,7.36,3.63,3.74,117.45,0.1,13.09,7.84,21.33,15.75,20.51,14.63,7.81,17.04,4.49,32.06,6.72,4.93,47.91,6.15,49.84,0.44,14.25,8.1,5.49,4.28,5.84,0.11,4.27,29.06,4.7,27.59,7.82,50.38,2.17,23.13,0.74,5.25,20.07,0.31,20.79,14.09,4.38,3.29,2.21,3.31,35.06,8.84,0.27,8.97,0.18,31.62,18.84,9.65,1.27,0.99,0.28,7.28,2.13,2.88,3.65,17.71,17.45,123.77,14.63,41.35,3.22,0,0.24,21.8,0,1.36,60.64,753.28,21.41,53.21,152.41,259.03,132.89,576.46,45.2,22.9,0.68,15.7,0.06,0.21,0,0.24,0,1.96,0,0,0.26,0.52,1.67,102.81,8.75,0.16,1.12,0.53,10.93,2.25,0,19.31,9.72,3.43,9.64,0.25,0.13,2.33,0.11,1.38
9.35,24.39,0.87,17.32,9.61,47.73,11.53,56.26,29.76,114.98,10.2,47.36,6.5,5.45,13.48,0.59,24.44,3.82,0.12,1.96,13.26,30.31,0.08,20.34,27.89,8.15,8.08,94.97,13.74,23.38,60.69,16.88,68.17,19.81,16.14,0.39,0.01,3.36,30.31,216.26,10.81,2.54,33.14,0.1,7.52,95.43,15.3,97.53,34.13,0.37,0.5,11.59,3.76,9.71,4.64,11.2,5.43,7.06,73.2,0.06,14.15,5.66,24.54,11.42,32.33,25.73,2.9,19.1,18,43.24,6.25,9.17,24.24,10.63,25.05,0.16,0.68,12.63,5.25,5.38,8.98,0.37,8.06,18.18,6.42,28.94,9.19,71.24,3.01,26.19,0.61,6.53,27.6,0.11,16.54,19.66,5.63,7.88,4.46,5.5,34.88,12.45,0.31,7.24,0.13,35.84,15.96,16.24,1.59,1.19,0.03,7.18,48.43,1.27,4.09,14.2,18.39,72.07,13.87,55.27,1.21,0,0.42,7.04,0.31,4.18,322.65,575.37,1.54,4.64,16.23,18.04,18.84,59.38,2.23,1.23,0.95,16.47,0.04,0.07,0,0.37,0.16,3.62,0.04,0,0.35,1.17,1.11,9.85,10.28,0.31,0.37,1.62,10.32,2.52,0.07,37.82,9.09,13.16,13.25,0.56,0.46,2.58,0.3,1.49
11.33,25.02,6.66,15.21,5.98,19.65,7.31,28.91,24.51,86.72,4.75,15.13,2.9,6.08,7.47,0.27,12.81,1.31,0.07,3.33,2.36,4.76,0.17,33.28,13.23,4.03,4.34,80.24,12.26,20.38,5.55,13.83,37.18,16.77,3.89,0.04,0.05,2.38,22.41,332.59,4.63,1.12,12.78,0.34,5.45,48.85,9.99,78.9,32.82,0.2,7.19,11.42,3.2,6.78,2.44,7.91,1.64,2.92,26.06,0.01,5.95,4.67,22.71,12.68,10.72,7.08,4.83,13.82,1.58,19.58,4.34,5.01,13.44,4.25,6.51,1.2,1.48,4.79,2.88,2.83,3.09,0.29,1.92,17.45,1.28,15.38,8.89,28.15,1.69,11.79,0.15,0.95,21.99,0.27,3.08,9.37,12.63,3.92,1.35,2.94,15.94,7.35,0.12,6.67,0.37,17.2,10.59,13.26,0.68,1.49,0.04,3.76,2.44,9.26,3.3,3.19,10.54,68.51,10.65,20.62,1.59,0.46,1.55,33.24,0.47,1.3,72.12,2129.76,2.66,13.59,46.76,54.74,11.78,62.99,5.82,3.74,0.9,14.32,0.1,0.15,0.14,0.18,0.02,1.55,0,0,0.9,1,1.7,25.56,2.25,0,0.48,1.21,23.94,1.5,0.05,9.78,6.3,1.58,8.88,0.8,1.04,1.47,0.1,0.15
12.49,30.47,16.38,11.49,11.53,37.1,14.94,46.85,33.6,159.19,9.98,113.19,6.12,8.91,16.69,0.56,27.89,2.83,0.57,7.58,22.29,45.63,0.25,26.48,35.59,13.2,9.61,92.5,20.27,15.52,75.28,38.66,115.78,12.79,4.67,0.22,0.01,4.05,42.6,302.81,14.98,1.96,36.46,1.37,6.91,21.02,9.5,73.43,63.09,0.79,0.26,27.9,2.87,13.62,4.91,7.36,10.74,5.89,19.46,1.53,8.92,10.6,30.92,26.07,33.2,19.74,6.95,17.1,1.47,27.32,12.05,7.41,25.6,14.16,24.58,0.14,0.37,6.04,3.04,4.68,10.28,0.36,8.51,53.81,3.39,13.1,12.9,75.44,2.16,30.34,0.23,4.53,17.58,0.14,7.98,30.74,2.8,4.43,2.63,4.82,42.21,15.58,0.19,12.89,0.25,34.28,20.6,12.44,0.77,1.27,0.07,14.89,1.68,0.55,5.14,43.98,14.94,82.17,10.37,1.68,4.66,0.32,0.14,9.15,1.42,1.41,14.8,983.62,26.49,187.74,397.03,729.77,313.87,1685.96,110.99,104.82,0.93,11.57,0.04,0,0,0.69,0,1.34,0,0,0.8,0.48,8.71,481.88,6.17,0.8,0.08,0.8,8.91,4.78,0.02,41.65,15.76,8.68,21.42,1.08,1.58,2.19,0.08,0.78
8.91,32.18,3.49,11.23,7.64,13.45,13.83,20.68,34.45,77.78,7.83,18.34,23.84,4.26,9,0.54,15.03,1.53,0.99,0.62,1.24,20.94,0.08,29.07,25.3,5.04,6.93,98.08,13.77,20.97,4.65,11.09,32.49,15.13,2.6,0.1,0.07,3.21,23.96,254.95,1.34,1.85,8.93,0.37,5.56,15.12,6.86,65.56,28.8,0.65,19.4,9.22,4.99,11.29,5.95,8.63,2.65,4,46.74,0.12,7.45,3.95,6.35,10.38,21.9,9.73,4.38,18.28,1.66,30.75,5,5.68,34.48,5.44,22.23,2.81,3.54,6.83,5.42,4.61,4.91,0.45,2.14,13.95,2.28,26.7,5,25.85,2.03,20.41,0.53,3.49,17.92,2.37,7.1,9.28,16.3,3.84,2.15,3.71,23.01,10.13,0.16,8.71,1.22,2.76,15.34,11.82,0.7,1.08,0.11,7.77,1.38,3.82,3.22,4.73,7.69,34.32,13.82,24.79,1.52,0.14,0.38,18.67,0,1.15,50.29,2517.56,0.61,1.97,5.86,26.92,8.75,46.28,3.86,0.72,0.3,13.27,0.02,0,0.27,0.42,0,0.28,0,0,1.13,1.12,0,5.04,5.12,0.35,0.62,0.99,18.17,1.97,0,17.42,7.15,1.38,10.06,0.68,0.97,1.63,0.23,0.77
9.51,30.17,0.45,17.61,20.39,20.03,15.62,31.32,19.18,65.59,12.13,103.79,2.76,8.32,14.73,0.27,39.28,2.77,0.07,0.06,12.56,6.5,0.05,29.24,20.29,6.14,6.38,128.25,17.31,59.28,0.93,17.03,68.33,23.08,5.9,0.55,0.05,5.32,32.6,378.05,0.67,3.38,19.45,0.33,9,47.79,33.67,158.76,53.65,0.6,4.08,12.61,1.74,7.77,5.49,16.35,0.3,10.64,95.17,0.05,8.34,9.27,2.7,13.14,13.1,8.25,2.45,37.85,1.4,15.21,6.34,6.91,30.25,7.73,42.5,2.07,4.09,2.17,8.75,5.31,7.87,0.26,1.63,25.37,4.48,74.5,9.92,66.7,1.32,17.09,0.08,3.28,10.65,0.81,5.83,18.28,1.89,16.85,1.42,6.82,30.72,16.04,0.07,8.43,9.17,16.85,19.89,14.93,1.05,1.15,0.09,4.95,9.61,54.24,4.62,4.86,22.89,82.85,9.33,17.07,3.09,0,0.1,23.49,0,3.18,155.54,1779.91,1.06,3.48,13.95,20.12,4.07,23.81,9.19,1.22,0.12,15.98,0.02,0,0,0.2,0.09,0.79,0,0,0.33,0.32,0.6,5.86,1.37,0,0.12,0.11,9.82,3.72,0.06,34.24,5.7,0.09,6.37,0.55,0.54,0.7,0.08,0.56
11.41,28.54,1.98,12.29,7.56,19.38,41.72,25.95,22.81,91.95,6.48,13.16,22.62,6.57,16.62,0.85,47,1.52,0,0.49,9.39,36.85,0,29.04,25.72,5.19,6.53,92.36,15.08,29.05,0.44,16.48,29.24,18.62,2.14,0.46,0.1,3.92,31.37,178.41,0.1,1.63,17.3,0.07,8.64,1.91,3.93,74.42,40.83,0.04,15.58,11.77,4.9,10.74,5.21,9.47,1.58,9.5,122.87,0.08,4.3,6.61,4.14,13.51,16.85,7.36,9.1,19.83,2.26,18.43,5.91,4.07,173.39,3.73,74.2,10.51,2.56,4.99,5.07,4.66,4.12,0.04,1.1,23.02,6.78,20.26,8.26,71.11,2.33,21.76,2.4,5.74,5.76,1.47,11.21,21.36,3.1,1.99,0.56,2.91,45.62,9.14,0.29,8.55,3.48,5.36,11.19,10.37,0.62,1.48,0.2,7.5,4.04,2.22,4.63,3.59,12.81,67.55,13.01,0.18,2.75,0,0,10.43,0.14,0.59,42.88,508.1,5.28,19.1,130.35,142.81,41.61,97.18,10.61,4.06,0.62,13.87,0.13,0.29,0.35,0.35,0,0.33,0,0,0.93,0.64,1.13,48.99,3.66,0.2,1.16,0.48,13.17,2.41,0.05,17.95,7.38,0.12,8.49,0.47,0.48,2.21,0.22,1.3
5.41,23.77,0.78,14.26,8.19,29.55,7.96,12.39,31.83,86.28,16.23,188.47,10.23,13.21,5.56,0.66,1.27,0.38,0.1,0.38,0.12,0.07,0.09,21.65,70.9,5.74,6,119.7,24.93,14.9,15,33.4,40.74,13.62,4.15,0,0.02,3.07,44.7,284.15,0.05,1.82,35.29,0.19,2.38,76.35,1.05,99.32,32.05,2.61,0.15,8.95,3.2,7.44,3.83,16.36,8.32,5.92,2.49,0.11,6.9,9.69,6.12,15.88,17.06,24.09,1.22,14.56,0.02,14.69,4.89,6.54,16.12,5.33,3.61,7.5,0.06,20.35,3.03,2.94,5.66,0.19,1.05,34.25,0.55,18.3,11.35,217.35,2.56,14.71,0,0.07,13.21,0.03,0.13,7.42,0.41,3.2,33.78,3.9,29.79,9.68,0.01,6.49,0.11,2.81,6.38,6.78,1.43,1.47,0,5.07,2.53,11.84,5.58,3.22,18.88,68.02,19.27,0.08,0.59,0.28,0.08,7.41,0,1.07,278.62,942.34,0,0.05,0.19,0.8,0.49,1.02,0,0,0.35,14.83,0,0.11,0.19,0.37,0,0.38,0,0,0.82,0.45,0,0.06,1.29,0,0.29,0.45,10.77,5.34,0.03,18.37,10.15,0.05,3.9,0.7,0.45,1.41,0.04,0.04
2.44,12.43,0.75,5.5,5.24,10.45,2.68,7.26,19.52,62.72,13.76,59.67,60.32,5.51,3.46,0.17,2.12,0.16,1.41,0,0.76,0.08,0,8.14,18.56,1.75,2.42,157.51,12.44,6.57,2.89,11.03,19.77,4.62,3.49,0,0,0.84,9.93,134.26,0.16,3.7,6.49,0.11,3.82,0.65,3.05,25.9,11.52,0.56,23.67,7.68,4.12,5.29,5.74,6.69,3.14,6.32,12.07,0.21,3.99,4.09,13.94,10.9,8.81,3.31,0.76,9.86,1.06,10.44,0.89,1.55,0.36,5.77,1.75,1.58,8.83,4.64,3.04,2.62,2.79,0.2,1.62,16.7,0.49,0.61,8.21,32.08,2.24,9.25,0,0.38,12.44,2.7,0.11,4.26,29.27,0.48,0.49,1.77,3.29,6.1,0,9.4,1.14,2.92,12,6.35,0.41,0.18,0.05,6.36,0.98,1.42,2.83,3.55,8.1,28.76,5.97,0.23,0.8,18.4,31.98,70.1,5.73,0.97,150.26,2211.36,0,0.13,0.49,0.28,0.17,0.99,0,0,0,3.83,0.4,0.15,0.25,0.25,0,1.1,0,0,24.41,147.93,0,0.17,6.64,29.93,484.48,11.56,683.25,3.57,0,9.94,10.11,0.1,2.46,9.75,1012.08,19.42,0.06,0.05
8.62,38.54,8.93,12.94,4.55,20.71,18.72,20.51,26.53,80.52,7.81,132.35,24.56,8.85,8.33,0.36,17.36,0.67,0.03,0.42,0.38,10.99,0.31,25.11,28.03,8.08,6.27,98.11,11.88,12.16,4.86,21.66,29.32,13.56,27.41,0.06,0.71,3.74,39.56,139.73,1.28,1.92,19.24,0.16,5.31,6.45,6.69,187.2,26.07,4.43,0.81,9.22,2.15,10.61,4.54,14.26,5.16,3.81,32.46,0,8.71,10.9,7.26,16.4,11.84,12.39,5.43,13.76,1.85,11.15,4.37,8.84,58.64,7,19.1,0.47,2.31,22.25,4.73,3.09,9.21,16.55,1.72,37.97,2.54,0.29,6.72,43.97,2.17,15.91,0.78,3.7,35.8,0.03,9.27,10.31,10.04,1.13,18.89,3.69,23.39,17.43,0.21,14.12,1.2,2.02,13.15,10.85,0.75,1.33,0.22,7.75,3.08,0.08,4.17,3.33,13.11,59.61,13.98,0.35,2.59,0,0,17.92,0,1.85,17.78,889.57,1.53,12.92,38.02,64.52,26.73,86.27,8.29,1.05,1.4,14.62,0,0,0.26,0.34,0,1.01,0,0,0,0.63,0.48,29.62,4.46,0.26,0.45,1.06,11.49,2.8,0,26.85,8.7,0.06,20.1,0.2,0.63,2.3,0.72,0.67
6.87,22.74,13.53,14.69,7.51,27.27,19.75,30.88,26.93,227.69,8.86,33.4,10.19,6.67,10.34,0.5,60.63,4.47,0.02,1,1.42,84.4,0.33,21.16,18.92,16.57,5.71,103.7,12.09,18.19,35.08,18.63,31.43,17.99,2.7,0.6,0.48,2.92,34.66,151.41,0.39,3.11,15.53,0.31,11.67,10.27,7.3,84.22,28.14,0.35,19.69,10.91,3.86,9.15,3.83,6.47,15.77,5.22,103.62,0.08,9.89,9.39,9.25,18.25,11.02,13.68,11.48,21.59,4.56,31.72,6.89,3.1,77.47,9.68,49.35,0.93,0.46,12.92,4.83,2.92,9.51,0.07,6.52,23.93,6.74,8.71,9.23,32.11,1.74,22.2,1.73,8.32,15.49,0.35,25.98,7.65,9.74,3.01,0.87,3.76,33.47,11.03,0.38,8.76,1.44,66.4,14.12,8.14,0.99,2.08,0.36,5.74,4.54,0.43,4.15,9.91,13.85,82.7,17.32,12.61,2.54,19.06,45.32,39.37,9.32,1.01,55.34,1016.26,23.83,173.64,666.57,818.84,908.65,1245.35,131.25,24.34,0.94,15.61,0.1,0.62,0.38,0.46,0,0.72,0.09,0,9.19,68.85,3.44,392.97,15.02,16.41,215.82,5.42,302.1,2.75,0.03,18.82,12.08,2.27,9.93,4.32,533.99,10.84,0.31,1.17
4.95,17.88,0.67,14.39,5.21,18.43,8.64,18.27,14.92,99.39,4.74,0.51,37.74,6.08,13.09,0.36,19.78,0.81,0,0,1.31,8.68,0.05,21.66,34.07,2.08,3.22,98.27,14.79,15.04,0.59,17.59,41.18,14.68,1.36,0.13,0.16,2.86,29.38,238.12,0.33,2.33,6.63,0.21,10.4,0.09,1.73,67.02,29.87,0.13,18.91,11.27,12.57,4.75,3.41,8.74,0.7,8.36,55.62,0,4.55,5.52,2.98,12.06,1.64,6.42,2.7,11,0.16,24.84,5.17,5.55,28.17,2.98,20.43,6.34,0.8,0.8,2.77,2.5,7.66,0.22,1.53,21.25,2.4,0.44,6.94,126.61,1.15,10.88,0.04,2.28,3.11,1.25,9.03,6.83,11.76,1.78,0.56,2.45,19.29,12.34,0.13,7.09,0.92,2.48,12.89,13.58,0.39,2.33,0.15,3.4,2.08,1.76,4.93,2.77,9.88,67.7,16.33,0.3,2,15.67,33.01,121.06,2.27,0.62,68.54,13936.6,0.41,1.04,2.5,5.75,2.05,10.4,0.51,0.26,0,12.73,0.09,1.88,0.24,0.18,0,0,0,0,4.85,55.65,0,1.82,1.07,9.37,714.62,11.89,175.71,1.31,0,17.86,4.54,0.04,4.96,2.8,441.44,3.6,0.02,0.1
6.32,22.87,3.77,18.29,10.28,20.64,15.42,27.88,22.78,74.9,12.52,5.46,7.54,5.13,16.6,0.44,48.45,3.98,0.02,0.57,3.01,23.89,0.04,21.16,23.89,5.27,3.77,93.6,20,23.96,6.1,26.18,55.8,19.68,9.33,0.28,0.63,3.94,28.92,708.28,4.22,3.37,10.19,1.49,6.67,4.97,6.39,101.15,60.2,0.63,2.82,19.4,1.78,12.86,6.12,10.28,0.91,9.24,106.5,0.73,8.6,10.3,3.5,17.69,7.88,7.65,4.49,21.26,1.95,25,8.91,9.01,24.76,3.69,39.37,11.16,1.01,1.46,6.95,3.4,14.94,0.38,3.02,34.05,2.98,5.54,12.25,77.93,2.79,17.63,0.69,5.65,31.62,0.56,15.6,14.61,6.3,7.76,1.64,5.46,35.79,12.5,0.18,16.86,2.93,7.01,12.95,10.48,0.73,1.18,0.22,9.46,51.42,35.22,6.33,4.86,14.28,117.66,11.31,4.77,6.47,0,0.15,18.61,0.15,0.36,173.88,1508.23,3.84,15.21,39.83,116.27,80.07,211.67,10.73,4.06,1.41,14.32,0.08,0.2,0.69,0.24,0,0.49,0.31,0,0.17,0.33,1.18,17.4,6.82,0.01,0.18,0,6.49,4.18,0.15,19.53,17.94,0.85,12.23,0.32,0.17,1.07,0.12,0.26
9.24,37.52,1.04,18.41,13.24,16.87,10.33,39.8,33.34,124.29,16.22,46.28,3.22,6.29,18.4,0.49,26.96,3.32,0,0.63,133.76,31.29,0.11,23.46,33.3,12.3,6.22,88.16,11.49,19.53,150.14,11.29,41.59,14.79,7.97,0.34,0.44,3.17,25.09,171.54,0.5,3.11,15.23,1.38,9.41,22.86,32.67,71.55,43.51,0.34,17.99,26.38,2.28,7.29,5.47,7.09,5.62,6.41,51.54,0,11.63,6.52,5.33,16.86,6.96,14.26,5.84,12.77,0.44,25.69,4.94,7.19,43.2,11.6,23.54,0.21,7.46,17.88,2.63,5,8.08,0.72,3.02,17.46,2.74,0.11,6.66,38.18,3.99,20.75,0.57,3.7,10.45,0.36,15.33,10.5,10.66,1.1,0.28,3.74,20.42,13.82,0.16,11.47,3.2,28.63,11.8,9.33,1.36,2.34,0.28,10.55,3.69,0.87,5.36,7.33,16.61,75.04,17.07,135.54,3.84,49.24,105.12,44.28,15.23,1.58,81.34,1479.63,0.52,9.97,16.54,21.72,10.36,96.42,0.96,2.55,0.65,15.12,0.06,0.21,0.04,0.38,0,0.87,0,0,9.54,63.83,0.17,23.03,7.69,11.21,175.5,4.99,218.97,4.01,0,24.09,31.52,3.49,13.97,3.93,364.58,12.75,0.32,0.89
14.2,28.47,1.09,13.67,7.07,24.55,15.55,21.84,31.17,148.17,14.36,96.15,10.78,6.01,5.51,0.63,14.66,2.67,0.53,0.67,1.98,6.6,0.36,31.84,25.58,3.3,5.68,71.25,10.76,20.64,14.45,13.26,42.48,20.2,10.16,0.08,0.04,2.76,20.57,202.26,22.53,2.54,16.92,0.32,4.88,42.26,14.21,65.88,16.92,0.24,1.68,6.98,2.21,6.74,6.33,10.14,7.01,4.22,30.48,0,8.95,6.73,20.53,12.38,21.51,10.24,2.16,16.04,7.13,12.69,7.31,5.72,17.94,8.87,13.35,0.37,0.43,10.8,4.2,3.68,5.59,0.65,2.35,15.52,2.53,34.07,7.06,29.47,2.12,11.44,0.31,2.04,25.81,0.39,4.64,5.67,5.61,7.55,4.26,3.4,20.35,12.67,0.05,8.76,0.83,69.98,11.29,9.78,1.02,0.72,0.04,6.33,10.52,9.81,3.65,10.74,12.08,56.59,9.86,78.88,1.91,0.74,1.31,18.23,0.39,5.28,104.98,1326.21,0.35,1.41,5.63,11.18,12.98,33.44,2.65,0.37,0.64,15.16,0.1,0.36,0.33,0.49,0.04,1.24,0,0,1.45,5.05,0,4.45,2.71,0.36,1.7,3.36,29.09,1.94,0.08,41.94,5.86,2.25,12.81,1.4,5.74,5.27,0.21,0.49
7.12,12.68,0.1,8.98,6.58,9.19,38.77,20.59,10.14,17.35,4.27,0.42,26.23,2.91,3.8,0.92,3.12,0.01,0.01,0,0,0.03,0,6.67,20.78,2.98,6.69,59.72,10.83,17.59,0.08,19.93,13.46,4.68,0.51,0,0,1.56,12.36,61.92,0.02,2.44,5.82,0,3.76,26.18,13.29,66.08,14.9,0.13,15.83,6.27,10.77,3.78,6.59,11.69,0.51,7.16,71.94,0,4.11,6.4,33.32,12.05,7.02,4.54,0.27,15.68,0.09,27.03,12.11,4.35,0.01,2.79,0.01,1.24,1.19,4.45,3.58,3.28,2.67,0.09,0.1,11.39,0,0.13,6.99,61.94,1.37,13.78,0.02,0.33,5.12,0.02,0,17.16,3.7,2.31,0.01,2.57,21.19,8.4,0,6.46,0.07,0.04,12.78,3.47,1.53,2.24,0,3.3,0.06,0,1.74,2.61,2.75,19.35,7.15,0,1.32,0.73,2.64,308.56,2.68,0.05,127.84,104.25,0,0,0,0,0,0,0,0,0.17,8.25,0.04,0.22,0,0.05,0,0.03,0,0,0.49,0.88,0,0,0.27,0.11,0.43,0.81,3.73,2.55,0,32.1,2.55,1.02,10.53,0.69,2.55,2.32,0,0
12.04,36.15,2.23,24.95,13.11,42.79,16.49,37.55,44.19,193.16,18.37,103.95,8.61,9.3,17.5,1,58.34,4.64,12.76,4.68,26.5,94.67,0.25,36.01,51.17,13.9,7.69,114.23,27.75,32.22,34.84,16.58,43.88,30.09,5.77,0.35,0.55,2.93,42.5,228.04,8.57,2.53,26.59,0.14,5.87,32.4,18.4,103.22,55.54,0.55,20.35,17.04,5.91,7.84,5.12,9.86,9.1,5.54,137.1,0,13.15,7.76,12.86,15.29,19.13,17.66,5.49,21.67,4.19,35.66,6.19,10.65,78.97,8.44,26.46,0,1.38,13.27,4.05,4.65,8.1,0.7,4.63,25.96,3.88,58.63,9.47,36.17,2.5,25.76,0.6,6.64,29.29,0.14,17.74,17.19,15.39,2.92,4.2,4.66,33,17.25,0.48,12.35,1.75,52.55,18.17,15.91,1.62,7.21,0.35,8.59,4.28,5.15,4.48,16.26,20.27,92.51,23.84,58.28,2.87,0.16,0.31,5.38,0,3.36,98,1010.57,1.21,20.31,87.7,164.78,45.87,301.53,9.71,1.98,0.66,28.89,0.11,0.1,0.39,0.61,0.04,5.57,0,0,1.53,0.34,0.14,26.01,7.12,0,0,0,8.15,3.54,0,36.55,11.58,1.39,14.44,0.33,0.5,0.93,0.25,1.44
16.64,34.35,6.8,19.03,9.75,30.83,34.62,57.21,42.29,151.78,12.19,84.14,10.3,9.04,15.09,0.85,58.25,5.19,0.33,1.55,3.99,214.09,0.16,37.07,37.42,7.35,9.36,119.78,17.57,28.57,4.26,13.7,54.56,25.7,12.64,1.03,1.44,4.48,35.11,168.08,16.19,3.26,26.12,1.32,10.84,35.72,26.46,121.56,34.16,0.51,11.06,11.89,5.68,11.06,7.37,11.35,6.83,6.4,117.77,0,10.31,6.93,29.61,17.68,26.81,16.95,8.24,24.92,13.39,36.88,10.21,6.85,138.32,7.89,44.56,0.27,0.74,10.31,7.91,5.1,12.31,0.55,7.02,22.82,9.29,30.25,10.08,44.6,4.41,27.11,4.83,11.28,31.65,0.23,32.58,15.67,12.59,4.05,4.51,4.34,43.16,16.75,0.63,12.23,102.48,72.42,15.8,12.64,2.46,11.83,0.44,11.37,3.33,14.43,5.58,14.83,11.02,87.25,17.83,64.95,2.29,0,0.1,4.7,0.48,6.75,34.78,631.37,9.45,73,127.74,205.93,42.55,980.23,43.91,24.82,1.65,20.53,0.1,0.19,0.78,0.29,0.03,3.26,0,0,0.3,0.75,4.76,251.59,26.02,0,0.45,0.43,10.94,3,0.13,44.92,15.45,3.67,19.15,0.72,0.32,2.32,0.87,2.08
12.14,29.78,2.37,11.74,8.06,32.54,19.03,50.9,48.51,171.29,12.4,77.44,18.32,7.35,15.51,0.85,48.87,3.35,0.44,0.83,4.48,52.89,0.24,38.45,39.41,11.21,7.06,111.49,13.96,18.95,18.33,22.19,43.99,20.06,3.72,0.35,0.26,3.77,42.98,389.43,5.52,3.07,26.44,0.14,12.86,62.12,10.6,82.06,40.42,0.91,1.42,10.46,3.74,19.85,7.89,10.08,12.12,5.75,78.22,1.15,8.08,10.2,22.44,21.47,16.85,16.08,4.98,23.9,8.29,30.33,6.95,4.55,105.3,7.21,57.14,0.39,1.57,5.98,5.99,4.73,8.99,0,5.25,31.94,7.91,21.19,11.22,54.48,2.08,19.19,1.51,7.25,35.13,0.09,29.22,13.75,9.3,2.98,3.76,4.17,47.24,12.17,0.89,9.3,2.66,29.45,17.72,12.31,1.31,1.64,0.51,7.47,3.97,10.51,4.86,14.88,14.91,110.87,19.31,15.88,4.37,0,0,4.08,0,2.91,61.59,858.94,10.03,20.13,48.11,69.49,45.5,233.65,11.64,3.85,0.5,21.37,0.33,0.08,0,0.31,0.03,0.93,0,0,0.52,0.52,0.92,40.11,11.41,0,0,0.13,8.34,2.71,0.11,31.61,10.58,4.2,11.74,0.5,0,2.79,0.28,1.53
9.53,32.26,2.39,16.96,10.44,22.61,12.47,34.48,50.98,123.03,9.62,64.99,6.51,7.92,15.05,0.79,38.61,3.28,0.15,0.17,0.69,33.94,0.02,31.5,46.1,6.48,5.73,137.15,15.84,35.82,5.76,17.64,38.89,17.06,2.5,0.57,0.14,3.72,34.36,252.03,3.81,4.06,17.57,0.68,6.87,21.69,9.5,113.27,51.6,0.35,12.88,13.18,1.7,8.96,5.93,7.4,2.72,3.66,92.74,0.07,8.73,9.77,15.94,16.99,22.83,12.32,6.79,18.59,3.34,21.92,5.67,5.8,53.2,7.28,34.23,3.58,1.98,8.45,7.73,4.96,10.09,0.7,3.55,24.78,3.23,10.9,7.71,37.95,2.5,15.46,1.09,5.69,19.16,1.19,21.17,14.44,9.4,1.53,1.11,3.75,29.77,12.73,0.18,13.28,2.9,7.53,20.96,8.98,1.38,2.2,0.32,8.97,12.69,5.92,4.62,6.01,14.57,68.66,20.18,4.12,6.21,0,0.86,30.56,0.57,6.48,39.92,2357.89,2.25,60.32,37.67,123.68,125.77,178.07,16.48,4.17,0.32,15.25,0.54,0.09,0,0.3,0.04,1.59,0,0,0.32,1.43,0.81,29.69,10.07,0,0.34,0.32,8.53,3.22,0,24.1,12.69,0.53,16.93,0,0.47,2.04,0.33,1.65
13.38,35.27,3.97,20.7,15.73,48.16,22.81,42.32,42.62,232.47,13.29,24.2,3.73,11.85,13.7,0.84,35.16,4.04,0.15,2.1,8.81,183.75,0.98,27.97,36.37,9.74,7.55,101.26,21.21,28.91,20.77,17.45,52.02,29.19,32.06,0.32,0.72,5.08,35.93,202.14,25.48,2.11,27.17,0,10.86,92.01,23.62,145.79,41.89,0.56,18.08,12.37,3.9,11.17,8.12,12.72,14.39,8.55,76.63,0,11.15,9.19,26.64,13.31,26.79,19.7,5.39,25.32,20.03,38.53,8.15,8.55,137.17,11.57,50.55,0.5,0.66,12.58,7.92,6.36,13.1,1.03,6.33,19.7,5.43,3.72,9.49,53.02,3.36,28.71,0.66,11.98,41.11,0.39,45.28,17.08,11.47,6.98,2.46,4.8,44.24,15.32,2.45,13.07,0.58,69.53,17.71,12.44,2.33,2.91,1.17,11.87,2.86,1.53,6.06,11.5,18.53,87.99,18.74,14.39,2.23,0,0,4.14,0,5.36,55.77,329.13,13.02,79.87,217.07,439.46,309.2,613.84,56.11,13.44,1.17,21.27,0.21,0,0.49,0.72,0.49,1.98,0,0,2.37,0,2.73,79.63,20.48,0,0.28,0,10.99,5.1,0,36.84,17.11,5.17,15.88,0.76,0.26,6.73,0.57,1.6
8.39,39.96,3.67,11.95,11.27,27.21,35.01,53.4,29.12,187.54,11.97,37.37,9.67,8.7,13.08,0.9,42.25,9.1,0.01,4.73,1.46,67.34,0.24,46.58,35.89,9.57,5.48,104.23,10.53,31.51,5.26,18.29,32.32,18.82,2.61,0.39,0.04,3.65,45.8,351.75,28.89,2.31,26.53,0.12,9.8,6.29,24.94,134.92,46.95,0.16,19.14,9.55,9.89,10.17,5.17,15.87,4.99,4.1,92.25,0,7.65,8.3,33.44,17.87,19.71,5.69,4.37,32.99,4.16,37.56,6.11,7.19,120.82,6.5,45.19,0.28,2.32,11.18,7.75,3.52,9.95,0.3,3.42,27.84,5.68,29.14,9.12,36.63,1.44,19.41,0.58,8.22,41.03,0.33,24.27,14.25,6.56,1.34,4.08,4.39,29.18,17.96,0.61,13.4,0.55,48.46,13.35,17.44,4.98,3.13,1.17,6.47,6.76,1.76,5.11,21.08,27.31,99.99,21.96,19.06,2.71,22.9,36.54,4.51,10.28,2.11,12.58,446.36,1.76,11.4,31.24,84,48.69,100.24,8,3.12,0.66,19.2,0.3,0.39,1.21,0.58,0.02,8.41,0,0,5.38,43.02,0.63,17.93,9.76,6.23,112.1,4.2,122.81,2.3,0,36.63,17.11,2.29,9.63,2.2,198.3,6.42,0.19,1.5
14.66,31.45,3.27,13.68,13.61,38.08,27.27,31.42,49.09,230.7,12.7,88.19,4.77,11.71,10.47,0.89,52.45,4.72,8.04,2.9,20.53,115.2,0.53,23.35,26.66,7.97,8.37,111.97,17.77,24.93,68.72,13.39,55.89,17.63,6.5,0.3,0.62,4.54,54.79,381.67,23.46,2.07,17.31,0.25,11.15,135.43,28.64,153.31,34.04,0.98,5.77,11.48,2.65,13.25,5.75,9.82,8.42,7.17,100.14,0.02,6.75,8.69,12.74,14.32,28.52,16.45,6.1,42.24,30.7,20.73,6.96,8.74,117.54,11.2,41.88,0.21,2.15,9.95,6.62,5.98,10.02,3.09,4.1,21.94,5.99,79.42,10.37,72.11,4.55,30.6,1.43,9.54,39.84,0.19,36.09,8.87,5.12,3.19,3.66,6.78,50,16.33,1.86,13.46,2.13,41.02,15.89,14.68,1.81,1.69,0.45,13.74,2.53,11.65,8.68,3.88,22.45,73.83,19.48,60,3.26,20.4,28.46,20.84,5.31,4.29,51.19,793.14,1.82,21.82,37.73,82.29,46.24,166.88,11.98,4.43,1.14,19.7,0.01,0.96,0.06,0.76,0.14,1.94,0.05,0,6.98,36.81,1.82,30.72,11.35,6.6,176.57,5.72,259.73,4.11,0.08,38.51,11.07,5.86,14.72,4.81,439.49,4.63,0.3,1.54
8.51,21.94,2.12,12.43,6.05,19.22,12.18,30.14,33.64,152.3,16.51,28.8,14.2,10.57,9.22,0.43,28.62,3.25,0.05,0.35,2.57,48.21,0.14,22.99,54.28,7.18,4.87,137.85,9.94,16.17,3.26,18.13,28.85,20.84,2.82,0.16,0.18,3.51,34.85,445.3,4.6,7.67,12.66,0.61,5.79,6.97,6.5,103.34,33.03,0.23,16.35,6.92,2.21,11.6,4.4,6.91,4.66,5.42,96.13,0.35,7.49,6.52,14.66,17.02,9.15,6.85,5.18,26.4,1.3,26.9,4.31,3.73,53.1,4.88,27.41,0.79,1.85,2.39,5,2.82,5.31,0.54,3.45,20.2,4.87,7.08,6.65,22.13,2.58,18.12,1.25,5.11,17.46,0.5,12.06,8.34,15.9,0.97,0.9,4.68,36.83,19.9,0.27,10.92,1.94,6.98,9.9,11.53,0.68,1.77,0.25,11.32,2.1,6.16,4.16,6.43,11.77,89.06,14.01,1.08,1.8,20.41,41.37,13.32,10.18,1,57.45,1145.12,0.88,3.07,9.87,17.57,9.46,39.83,1.89,0.07,2.07,15.24,0.07,0.48,0.44,0.56,0,0.23,0,0,7.47,59.6,0.17,2.87,9.97,8.7,168.82,5.01,168.46,1.41,0.03,20.4,10.95,0.38,6.32,1.85,271.9,7.59,0.24,0.82
10.55,38.96,7.16,15.05,6.37,28.81,25.56,49.76,46.07,173.51,12.12,150.3,18.5,9.21,13.32,0.78,62.91,6.8,6.32,5.1,5.8,151.46,0.31,42.2,31.9,6.34,9.09,113.8,12.9,12.46,10.33,17.69,35.87,20.29,9.67,0.29,0.46,3.73,45.85,215.6,5.03,2.6,30.59,0.59,15.22,74.82,27.89,140.24,47.74,0.99,5.98,12.73,3.43,13.21,7.35,13.38,8.9,6.75,116.54,0.02,7.65,8.34,42.13,18.5,28.54,14.47,5.88,28.13,8.78,33.55,9.71,6.65,105.39,8.61,53.5,0.3,1.63,14.69,8.64,4.7,9.27,2.38,7.8,27.86,9.22,22.86,11.58,53.12,3.61,33.61,1.86,11.75,38.06,0.46,49.72,15.62,10.34,2.6,5.02,4.72,54.87,14.72,0.91,12.57,2.93,55.7,16.87,12.56,2.89,2.53,0.52,12.41,2.08,3.09,6.11,11.74,15.17,98.05,12.88,22.03,3.14,0.2,0.69,10.56,0.09,2.28,34.36,118.82,2.76,5.58,16.76,23.44,32.97,104.7,7.8,1.63,1.38,17.76,0.02,0.06,0.04,0.4,0.11,2.49,0,0,0.58,2.71,0.6,10.24,14.54,0.12,0.41,0.96,8.82,2.85,0.06,38.49,9.33,2.46,13.56,0.8,1.29,1.24,0.79,2.83
8.6,30.35,2.02,15.03,13.07,16.28,18.01,28.34,46.97,65.9,8.03,67.05,13.65,11.59,11.56,0.8,47.78,4.07,0.38,0.63,7.67,43.31,0.64,24.91,24.57,5.93,7.23,120.04,17.65,27.3,0.85,13.66,41.44,15.44,4.74,0.3,0.9,3.01,36.71,384.31,0.52,3.07,9.98,1.29,13.59,6.2,8.59,109.25,28.12,0.52,2.34,8.02,3.59,9.45,5.14,10.07,6.32,7.38,83.39,0.04,8.75,5.61,7.42,14.6,34.26,24.04,7.44,40.67,5.36,38.48,7.04,6.56,73.1,8.14,48.38,0.2,3.09,4.58,7.88,4.58,6.57,0.14,3.59,20.76,3.49,0.39,8.99,49.44,4.64,29.37,0.72,3.5,18.34,0.53,6.8,7.96,7.36,3.09,2.79,4.06,38.25,10.72,0.19,12.46,0.25,26.63,15.53,12.5,0.72,1.55,0.74,8.22,1.74,13.02,4.64,4.8,14.67,86.5,13.81,0.39,1.39,0,0.37,50.8,0.12,1.68,88.89,1047.83,4.64,4.04,38.21,18.95,9.82,49.04,8.53,5.38,1.2,14.37,0,0.08,0.34,0.53,0.08,0.75,0,0,0.64,1.73,0.48,16.91,13.75,0,0.28,1.48,7.58,2.02,0.12,28.93,14.28,0.1,7.51,0.78,1.59,0.99,0.28,1.16
9.53,24.92,7.96,13.2,6.82,27.02,16.18,32.13,38.56,79.87,12.41,129.18,7.2,8.16,16.42,0.56,40.28,2.13,13.45,0.75,8.01,18.47,0.34,18.01,39.15,6.48,7.19,109.55,14.81,15.16,1.15,27.27,32.6,18.2,4.61,0.43,0.23,4.92,40.47,255.88,8.5,2.96,15.21,1.13,18.03,125.63,42.42,131.23,67.2,0.67,7.76,12.94,1.91,11.06,7.49,13.85,3.42,6.31,112.6,3.4,7.88,7.63,5.18,21.34,24.62,32.63,10.32,42.57,15.15,33.19,12.49,7.66,59.49,5.81,49.94,0.75,2.61,6.26,5.52,4.84,5.46,0.15,3.2,36.85,3.4,36.29,10.33,56.22,4.22,28.36,0.83,2.66,36.28,0.22,12.08,13.89,4.57,1.09,1.42,5.01,68.8,18.54,1.44,15.71,4.67,5.23,11.85,10.99,1.32,2.91,0.17,11.51,3.98,2.45,5.78,2.69,15.04,112.02,11.86,25.11,2.55,0.97,0.67,19.11,0.29,0.51,465.37,3182.73,4.93,38.92,114.03,341.02,27.85,169.1,685.65,10.62,0.56,16.41,0.05,0,0.7,0.51,0.06,1.69,0,0,0,1.88,2.7,116.06,6.72,0,0.57,1.75,6.33,2.62,0.03,18.85,7.85,0.38,12.17,1.13,1.26,0.98,0.41,1.04
8.24,21.01,4.09,12.33,8.01,20.97,16.96,42.76,39.59,80.7,12.82,16.44,7.12,7.03,15.07,1.03,24.2,2.24,0.17,0.58,0.8,78.57,0.3,19.41,35.85,7.45,6.19,123.28,9.36,23.11,8.47,16.66,40.7,17.69,2.37,1.22,0.28,3.89,43.28,199.44,0.56,3.51,5.68,0.31,16.85,26.75,12.75,119.91,27.99,0.42,5.5,9.73,1.36,11.76,6.47,10.14,3.12,5.28,105.17,0.12,8.09,9.03,8.08,20.05,21.26,20.52,9.46,27.55,6.92,27.39,9.45,5.68,108.27,4.57,80.86,2.47,2.98,1.62,5.31,3.88,5.78,0.41,4.08,23.6,7.52,32.58,8.3,42.34,2.7,28.19,1.97,6.55,28.78,0.27,23.88,7.78,8.83,1.21,1.92,2.8,58.02,10.5,0.55,10.86,4.64,4.65,16.05,11.91,0.45,3.04,0.51,7.25,3.59,17.56,5.08,2.59,12.12,98.1,15.01,11.31,2.58,0.47,0,19.5,0,1.19,35.85,1698.25,6.86,21.4,84.95,101.53,151,451.44,53.86,8.02,1.09,18.13,0.06,0.29,0.02,0.6,0,0.53,0,0,0.93,2.87,6.13,22.67,10.19,0,0.39,1.26,7.79,2.03,0.14,19.06,11.72,0.11,10.75,1.01,1.6,1.07,0.26,2.67
4.46,25.44,3.47,9.37,4.6,13.64,9.47,15.23,31.77,91.43,20.53,74.42,12.31,6.02,10.8,1.07,27.15,2.59,0.53,0.52,12.29,15.58,0.02,16.45,20.76,6.44,4.87,74.74,10.46,13.24,19.25,13.15,23.19,10.76,6.34,0.07,0.24,2.2,22.42,247.34,14.34,4.93,7.49,0.19,6.37,25.11,18.08,65.55,22.66,0.82,9.41,6.72,3.12,6.22,7.1,6.8,4.93,3.95,93.29,0,8.55,7.63,22.95,16.45,13.91,16.95,1.81,17.25,20.7,31.65,5.46,6.46,28.91,4.7,8.54,1.36,1.29,7.03,5.33,5.49,6.52,2.55,4.68,19.18,2.51,52.06,8.06,15.83,3.78,21.13,0.3,3.54,53,0.99,8.51,6.61,24.12,4.15,4.42,3.64,12.72,14,0.32,9.28,2.04,21.89,11.45,14.18,1.87,1.42,0.38,10.67,1.48,5.96,3.82,12.16,13.42,49.07,10.17,20.08,2.18,20.28,30.48,34.49,5.53,1.61,77.08,1367.45,0,0.79,0.57,1.96,2.25,6.55,0.51,0.1,0.75,9.58,0.11,0.5,0.05,0.4,0.09,1.65,0.23,0,17.97,45.29,0,0.47,5.69,22.72,152.44,3.42,367.34,1.71,0.14,25.37,10.62,2.35,8.17,5.5,548.81,8.03,0.3,1.41
1.2,7.3,1.71,3.63,1.7,8.38,4.27,3.35,17.96,19.72,14.41,75.53,30.45,3.51,6.09,0.4,11.24,1.31,0.5,0.27,0,0.82,0.03,8.05,9.93,1.77,1.75,54.64,3.51,3.55,13.1,2.09,18.73,5.37,2.75,0.16,0,1.51,7.71,120.13,6.03,3.51,8.05,0.24,9.12,9.17,26.97,17.07,11.43,0.49,8.44,7.09,3.5,2.52,6.3,4.11,3.64,3.03,16.75,0,3.63,3.04,13.82,10.85,6.84,9.52,1.04,7.37,2.13,15.9,3.88,2.39,20.06,3.25,5.2,0.09,2.45,6.08,2.04,4.58,4.49,0.09,3.14,8.35,0.42,14.44,3.24,19.41,1.91,7.14,0.86,0.4,31.69,1.65,5.31,3.95,13.06,0.89,0.75,1.18,8.92,6.94,0.04,5.05,126.11,12.52,3.29,8.24,0.28,10.71,0.03,7.44,1.07,1.25,3.37,4.55,7.27,13.59,3.9,10.14,0.76,16.12,14.17,99.62,3.31,1.05,467.93,5120.35,0,0.17,0.43,2.52,3,4.41,0,0,0.3,2.71,0.32,0.42,0.13,0.19,0.09,1.45,0,0,48.43,66.94,0,0.44,8.33,83.57,209.84,4.3,1028.5,0.88,0,9.46,4.91,0.83,6.2,13.39,1854.48,16.83,0.04,0.47
7.9,46.28,3.68,14.53,9.56,35.44,13.93,30.55,25,134.36,6.38,62.21,9.2,10.47,14.76,0.46,46.12,2.74,0.13,0.54,2.19,35.08,0.4,20.82,20.77,7.79,4.75,108.38,15.99,21.49,1.43,23.28,33.83,18.45,3.55,0.2,1.42,2.76,49.65,522.83,1.45,3.3,33.5,0.32,9.42,11.08,5.61,76.24,68.76,0.11,24.76,15.87,2.51,12.98,3.47,7.54,0.8,5.8,131.35,0,8.25,8.38,11.78,13.69,36.83,10.65,5.63,25.82,18.75,24.02,3.91,8.37,94.8,8,35.41,4.32,1.17,8.29,5.07,3.42,6.81,0.69,7.95,24.97,4.23,36.59,12.77,38.3,3.22,19.53,1.56,5.96,19.59,0.24,22.35,22.63,6.47,4.18,0.22,4.74,24,10.07,0.38,12.08,7.74,12.51,17.21,16.24,0.46,2.84,0.3,6.47,5.69,16.07,6.25,2.9,22.58,86.57,13.22,7.98,2.46,0,0,19.48,0.34,0.81,197.23,546.74,2.37,2.02,9.19,21.67,14.24,54.37,7.18,0.29,1,14.33,0.21,0,0.27,0.47,0,0.53,0,0,0.29,0.77,0.14,8.64,9.85,0.37,0.1,0.29,8.15,3.06,0,23.13,11.2,2.63,9.75,0.37,0.67,2.72,0.23,0.85
4.4,27.37,2.63,16.02,6.17,24.48,30.63,21.08,42.98,92.11,13.1,35.69,3.35,9.14,23.77,2.75,36.55,19.07,10.14,1.37,6.89,50.83,0.19,17.08,35.42,10.49,5.87,99.13,16.02,20.72,16.54,12.03,41.58,21.48,9.87,0.74,1.95,4.7,38.14,116.71,2.77,4.71,14.04,0.05,11.27,33.31,22.84,59.31,35.21,0.36,17.69,9.16,1.45,9.03,9.52,9.1,5.87,5.47,145.39,0.11,12.15,6.99,26.7,16.52,24.81,76.16,13.69,32.78,24,53.51,10.14,7.19,383.24,6.68,47.11,0.38,0.79,7.35,5.11,5.59,12.49,1.09,4.4,19.17,17.62,22.55,7.98,23.91,6.14,26.91,5.85,7.14,51.29,1.25,109.77,14.65,24.32,3.28,4.05,3.62,40.5,17.61,0.46,13.99,2766.67,54.01,14.53,9.4,4.63,341.42,0.16,10.21,3.28,2.85,6.54,12.06,16.43,58.27,17.12,14.41,1.4,20.01,31.11,2.64,5.09,3.81,57.16,406.68,0.09,3.2,3.6,19.96,29.81,75.09,2.62,0.37,1.29,17.63,0.3,0.09,0.2,0.26,0,3.28,0,0,7.91,24.02,0.33,5.35,33.56,9.09,94.48,1.53,157.35,3.44,0.09,26.69,12.48,1.59,23.44,1.58,266.64,4.9,0.66,3.42
8.2,25.31,1.91,9.29,7.22,15.87,17.03,25.95,47.44,65.33,6.98,52.42,22.12,4.23,18.76,1.18,14.25,1.42,0.56,0.64,0.56,9.54,0.15,22.37,21.9,8.09,7.53,123.19,11.37,19.32,2.22,19.6,26.98,16.37,1.94,0.54,0.02,3.06,40.31,208.37,0.65,3.77,6.86,0.13,13,82.31,3.1,104.85,45.72,0.49,29,9.85,1.71,7.56,7.32,8.76,6.82,6.07,73.69,0,11.07,6.38,20.94,15.51,23.19,18.56,4.04,16.22,2.58,41.82,4.73,2.8,22.61,10.64,33.72,3.03,2.46,6.25,5.05,5.54,4.79,0.09,1.58,22.09,3.59,68.72,8.13,36.58,5.66,31.12,0.11,1.6,28.68,1.63,4.15,13.51,20.84,3.19,1.29,3.88,26.52,9.29,0.1,12.94,0.55,5.51,19.81,14.86,0.47,0.86,0.33,5.98,3.6,5.79,5.82,11.32,17.73,64.54,13.47,16.32,3.5,0,0.19,21.29,0,2.03,204.69,1502.95,2.01,5.63,14.94,530.5,9.43,46.82,3.75,2.46,0.68,13.25,0.27,0.14,0,0.49,0,0.68,0,0,0.83,0.62,0,11,4.92,0.52,0,0,9.88,1.78,0.06,41.27,7.28,0.64,13.96,0.2,0.41,0.57,0.1,0.77
2.49,13.7,1.32,7.53,1.67,10.13,12.36,7.62,23.64,32.09,11.07,21.7,32.03,4.8,11.81,1.46,31.77,9.72,0.32,0.16,3.55,36.2,0.53,6.23,13.72,3.7,3.5,175.45,6.94,7.75,2.72,14.6,26.09,8.38,3.35,0.31,0.55,2.33,13.69,429.38,0.66,10.57,7.88,0.12,7.33,2.17,4.27,37.94,16.4,0.29,21.85,8.12,0.65,4.67,8.59,6.71,1.85,5.23,47.43,0,6.84,5.17,6.1,17.52,8.88,16.73,6.4,24.52,1.35,21.1,3.06,2.48,139.28,2.43,59.47,5.15,4.08,6.07,3.46,4.22,5.04,0.71,3.66,13.27,4.3,13.09,4.33,10.87,11.23,11.48,3.07,3.46,42.12,1.76,54.02,8.68,31.43,2.21,0.09,3.08,14.22,11.18,0.26,7.85,847.27,6.09,11.54,6.93,1.01,83.61,0.19,14.34,1.99,5.15,4.2,6.52,8.54,38.57,12.73,2.72,1.68,4.95,7.89,46.23,0.98,0.98,122.22,2069.76,0,0.45,1.53,8.69,5.01,12.69,0.52,0.35,0.49,6.24,0.47,0.34,0.21,0.57,0,0.9,0,0,16.7,4.5,0.21,1.58,11.48,35.18,24.55,0.82,453.43,1.68,0,7.36,8.03,0.27,6.25,2.9,699.28,4.02,0,1.3
8.57,36.03,1.78,19.69,8.07,16.32,14.87,25.04,53.84,79.41,9.02,43.71,8,7.25,14.9,0.54,57.45,3.77,0.74,1.23,3.61,78.77,0.18,34.7,21.42,5.32,4.47,134.72,16.36,38.29,5.55,18.92,29.63,14.39,3.57,0.48,0.64,2.87,53.97,227.29,0.39,1.31,8.65,0.87,14.69,35.94,13.18,153.08,37.17,2.08,0.78,8.63,6.4,8.06,5.51,6.53,2.8,6.31,220.92,0.11,6.56,7.69,4.26,18.01,29.96,23.74,7.49,22.06,11.31,29.2,7.34,6.46,106.27,6.55,67.98,6.58,1.43,6.22,4.65,5.03,5.69,1.26,2.37,28.43,4.02,45.92,12.99,55.84,2.76,22.69,2.29,6.31,24.97,0.84,15.48,8.84,17.56,1.95,2.57,3.76,39.13,12.58,0.18,12.75,6.85,12.97,19.85,18.25,0.62,2.7,0.3,6.87,11.89,15.1,6.14,6.08,17.15,79.3,27.85,22.2,2.04,0,0.25,23.1,0.28,1.37,118.32,745.5,0.68,1.14,8.51,4.03,5.02,40.67,9.95,1.13,0.72,13.46,0,0.09,0.28,0.79,0,0.5,0.1,0,0.42,2.82,0.21,8.2,8.73,0,0.44,0.83,7.42,1.58,0.08,28.64,6.04,0.02,13.16,0.94,2.05,1.21,0.15,2.53
6.53,40.08,3.63,17.04,13.21,21.98,20.71,28.47,44.3,125.73,6.66,92.32,13.54,8.28,9.72,0.89,12.19,2.26,0.63,15.54,10.58,22.86,0.09,31.55,25.38,12.16,8.03,97.66,27.88,21.87,3.42,32.06,52.5,27.58,12.22,0.1,0.08,3.62,35.85,190.23,1.65,3.56,12.29,0.45,6.5,90.28,12.5,187.74,24.92,1.07,18.21,9.7,7.43,6.07,6.67,15.46,8.01,4.18,40.59,0,12.47,10.22,31.7,18.19,24.68,18.91,4.28,16.2,4.72,37.18,5.48,11.83,21.35,8.15,20.11,0.04,0.57,17.48,5.3,4.21,9.53,0.16,8.88,31.05,2.29,9.64,14.18,71.88,4.1,22.52,0.07,1.2,38.36,0.57,1.55,9.76,7.59,5.59,12.75,5.02,35.13,9.31,0.09,11.33,0.63,69.61,13.87,10.31,2.48,2.09,0.14,4.23,3.27,2.82,5.14,29.94,24.62,106.15,16.88,12.38,2.19,0,0.12,44.9,0.25,2.87,89.67,236.65,3.65,10.55,36.02,66.94,59.48,197.14,13.87,1.54,0.48,23.11,0.13,0,0.02,0.43,0.15,3.05,0,0,0.41,0.41,0.51,31.66,1.92,0.11,0.29,0.14,6.7,3.17,0,34.89,16.98,2.28,4.95,0.27,0.55,1.01,0.06,0.56
2.01,18.66,1.58,6.07,4.16,9.06,5.8,8.36,20.4,31.36,16.46,14.94,7.91,2.42,8.98,0.63,16.3,1.48,0,0,0.57,5.36,0,14.13,12.4,2.41,2.08,88.43,7.26,10.58,16.59,12.97,25.87,8.71,4.58,0,0,3.48,10.02,175.76,2.61,7.25,5.73,0,8.75,31.18,10.71,64.62,16.4,0.84,9.35,7.21,0.24,4.85,7.17,7.1,4.91,4.27,110.65,0,5.86,5.99,12.9,18.77,9.45,15.05,1.15,6.8,6.78,18.71,4.93,3.44,20.73,5.08,6.12,3.63,2.61,6.13,2.61,3.73,5.63,0,4.16,14.18,0,12.5,6.04,18.03,1.38,10.95,0,2.42,33.26,2.11,4.7,5.66,24.78,1.36,1.28,2.71,10.17,9.09,0,8.44,15.22,9.16,10.85,7.34,0.86,3.16,0.25,6.93,5.17,1.76,1.84,3.12,6.44,39.88,6.43,11.05,1.29,12.57,6.59,130.62,0,0.26,317.87,14059.09,0,0,3.42,1.17,12.59,27.83,3.12,0,0,6.93,0.43,0,0,0.27,0,0.42,0,0,15.75,32.54,0.46,3.52,6.16,28.11,231.79,4.85,440.21,2.41,0,7.15,12.45,0.14,4.51,5.86,979.14,3.35,0.15,1.28
3.02,17.78,2.88,9.36,4.15,12.4,12.76,21.59,31.28,43.11,11.01,26.95,15.63,3.8,18.28,0.92,22.46,2.65,0.18,0,0.22,45.22,0.15,9.65,21.81,6.19,3.16,107.58,7.04,16.23,10.58,8.18,32.43,14.99,5.92,1.09,0.19,2.61,17.14,226.71,2.06,3.71,12.48,0.09,14.17,0.77,5.06,54.29,25.44,0.13,11.37,7.46,1.16,4.33,4.91,4.61,4.32,5.57,104.79,0,10.34,3.77,8.8,18.74,9.23,19.15,4.8,21.12,18.45,21.02,5.04,3.94,42.14,3.7,77.16,0.63,5.92,5.41,4.75,4.13,5.98,0.14,3.47,12.8,3.99,14.33,4.55,16.05,5.46,18.48,0.06,3.82,23.51,1.69,21.25,11.52,10.05,2.45,0.69,2.85,25.35,9.03,0.21,8.38,2.04,22.41,8.75,9.83,0.18,1.19,0.14,7.28,3.33,3.12,2.84,6.63,9.1,53.58,9.12,23.33,2.03,6.89,11.11,38.29,0.85,0.72,134.48,3728.31,9.11,19.95,47.9,106.25,21.3,90.74,6.66,5.75,0.88,7.71,0.08,0.15,0,0.42,0,4.95,0,0,19.02,11.56,0.97,98.58,5.8,37.61,49.24,1.18,438.29,1.23,0,22.8,12.14,1.29,7.51,2.28,708.13,4.14,0.18,1.33
12.05,24.21,1.36,22.79,22,23.06,22.66,22.62,30.36,57.73,10.47,0.7,11.32,5.31,17.99,0.64,40.17,0.81,0.17,0.22,0.58,8.73,0.08,23.27,44.87,5.63,4.73,107.1,22.45,55.15,0.67,16.1,44.2,17.9,3.12,1.48,0.06,3.4,40.78,247.08,0.06,1.52,7.72,0.31,10.15,1.35,2.32,94.15,48.85,0.5,13.52,16.51,2.43,10.76,4.13,14.74,0.48,5.61,89.2,0,6.39,6.3,2.82,11.15,12.61,10.49,8.63,24.22,0.31,16.81,9.57,8.68,30.21,5.69,67.37,7.49,4.59,3.74,3.92,3.93,7.76,0.03,2.29,19.36,1.96,2.86,4.1,67.84,1.34,24.84,0.2,8.34,7.75,0.05,6.97,19.82,6.82,3.73,1.21,4.88,33.16,13.74,0.08,8.96,4.47,1.04,11.77,13.96,0.32,1.53,0.32,9.21,9.14,2.01,4.82,4.4,9.04,69.6,19.83,1.05,3.47,0.26,0.46,21.83,0.34,0.74,61.84,833.42,3.41,1.16,7.74,10.83,2.46,42.21,2.08,1.04,0.78,17.86,0.15,0,0,0.57,0,0,0,0,0.76,1.14,0.09,2.53,1.83,0,0.54,1.09,8.4,2.65,0,23.99,6.45,0.04,4.99,0.49,0.76,1.05,0.12,0.97
